season,season_year,season_type,fieldwork,fieldwork_source,population_group,region,population_type,method,n_children,n_clusters,gam,gam_lo,gam_hi,sam,sam_lo,sam_hi,muac_gam,muac_gam_lo,muac_gam_hi,muac_sam,cdr,cdr_lo,cdr_hi,u5dr,u5dr_lo,u5dr_hi,source_file,page,ci_source,hand_transcribed,verified_share,transcription_file,portal_name,portal_gam,portal_sam,pdf_gam,pdf_sam,pdf_source,source_url,notes
Deyr 2010/11,2010,Deyr,Nov 2010,report,Afgoye IDPs,,IDP,SMART,682.0,,21.6,18.2,25.3,3.2,2.2,4.6,16.9,12.4,22.5,2.3,0.62,0.26,1.46,1.44,1.03,2.0,raw/Technical-Series-Report-Post-Deyr-10-11-Nutrition-Analysis.pdf,36,raw/Technical-Series-Report-Post-Deyr-10-11-Nutrition-Analysis.pdf p36,True,1.0,transcribed/Technical-Series-Report-Post-Deyr-10-11-Nutrition-Analysis.csv,,,,,,,,"Region not stated in table caption (Afgoye corridor). Annex 'Shabelle IDP (Afgoye)' p66. muac_sam printed 2.3 (1.1-4.7). Partner survey incl. FSNAU, UNICEF, COSV, Mercy USA, Intersos, SRCS, Zamzam, Muslim Aid UK"
Deyr 2010/11,2010,Deyr,Nov 2010,report,Berbera IDPs,,IDP,SMART,542.0,,14.2,10.9,18.3,2.2,1.2,4.1,9.2,5.1,13.3,3.3,0.12,0.05,0.33,0.33,0.08,1.35,raw/Technical-Series-Report-Post-Deyr-10-11-Nutrition-Analysis.pdf,60,raw/Technical-Series-Report-Post-Deyr-10-11-Nutrition-Analysis.pdf p60,True,1.0,transcribed/Technical-Series-Report-Post-Deyr-10-11-Nutrition-Analysis.csv,Berbera IDPs,14.2,2.2,,,,,
Deyr 2010/11,2010,Deyr,Nov 2010,report,Bosasso IDPs,,IDP,SMART,749.0,,15.6,12.7,19.1,2.8,1.6,4.8,15.1,11.9,18.3,4.3,0.15,0.05,0.42,1.24,0.51,2.99,raw/Technical-Series-Report-Post-Deyr-10-11-Nutrition-Analysis.pdf,51,raw/Technical-Series-Report-Post-Deyr-10-11-Nutrition-Analysis.pdf p51,True,1.0,transcribed/Technical-Series-Report-Post-Deyr-10-11-Nutrition-Analysis.csv,Bossaso IDPs,15.6,2.8,,,,,Annex 'Bossaso IDPs' p66. muac_sam printed 4.3 (2.6-6.0)
Deyr 2010/11,2010,Deyr,Nov 2010,report,Burao IDPs,,IDP,SMART,652.0,,12.1,8.8,15.4,1.7,0.8,3.4,4.4,2.9,6.0,0.8,0.47,0.29,0.75,1.36,0.68,2.69,raw/Technical-Series-Report-Post-Deyr-10-11-Nutrition-Analysis.pdf,60,raw/Technical-Series-Report-Post-Deyr-10-11-Nutrition-Analysis.pdf p60,True,1.0,transcribed/Technical-Series-Report-Post-Deyr-10-11-Nutrition-Analysis.csv,Burao IDPs,12.1,1.7,,,,,
Deyr 2010/11,2010,Deyr,Nov 2010,report,Galkahyo IDPs,,IDP,SMART,869.0,,16.3,13.2,20.0,2.9,1.8,4.5,5.1,3.5,7.3,0.0,1.0,0.52,1.93,1.5,0.65,3.95,raw/Technical-Series-Report-Post-Deyr-10-11-Nutrition-Analysis.pdf,51,raw/Technical-Series-Report-Post-Deyr-10-11-Nutrition-Analysis.pdf p51,True,1.0,transcribed/Technical-Series-Report-Post-Deyr-10-11-Nutrition-Analysis.csv,Galkayo IDPs,16.3,2.9,,,,,Annex 'Galkayo IDPs' p66. muac_sam printed 0.0 (0.0-0.0)
Deyr 2010/11,2010,Deyr,Nov 2010,report,Garowe IDPs,,IDP,SMART,761.0,,13.3,11.0,15.9,2.5,1.6,3.9,9.6,7.0,12.9,0.4,0.31,0.16,0.62,0.41,0.1,1.33,raw/Technical-Series-Report-Post-Deyr-10-11-Nutrition-Analysis.pdf,51,raw/Technical-Series-Report-Post-Deyr-10-11-Nutrition-Analysis.pdf p51,True,1.0,transcribed/Technical-Series-Report-Post-Deyr-10-11-Nutrition-Analysis.csv,Garowe IDPs,13.3,2.5,,,,,Annex p66 U5DR CI printed 0.13-1.33 (region table 0.1-1.33). muac_sam printed 0.4 (0.1-1.2)
Deyr 2010/11,2010,Deyr,Nov 2010,report,Hargeisa IDPs,,IDP,SMART,651.0,,10.8,8.9,13.0,1.5,0.8,2.8,4.6,2.9,7.3,1.5,0.36,0.21,0.62,0.95,0.44,2.04,raw/Technical-Series-Report-Post-Deyr-10-11-Nutrition-Analysis.pdf,60,raw/Technical-Series-Report-Post-Deyr-10-11-Nutrition-Analysis.pdf p60,True,1.0,transcribed/Technical-Series-Report-Post-Deyr-10-11-Nutrition-Analysis.csv,Hargeisa IDPs,10.8,1.5,,,,,. muac_sam printed 1.5 (0.7-3.6)
Deyr 2010/11,2010,Deyr,Dec 2010,report,Kismayo IDP,,IDP,MUAC rapid,1185.0,,,,,,,,12.4,,,0.7,,,,,,,raw/Technical-Series-Report-Post-Deyr-10-11-Nutrition-Analysis.pdf,67,raw/Technical-Series-Report-Post-Deyr-10-11-Nutrition-Analysis.pdf p67,True,1.0,transcribed/Technical-Series-Report-Post-Deyr-10-11-Nutrition-Analysis.csv,,,,,,,,No region table; annex only. Text p25 says 12.5% acute and 0.5% severe for Kismayo IDPs (differs from annex 12.4 / 0.7)
Deyr 2010/11,2010,Deyr,Nov 2010,report,Qardho IDPs,,IDP,SMART,214.0,,10.6,,,2.7,,,14.0,9.5,20.3,0.9,,,,,,,raw/Technical-Series-Report-Post-Deyr-10-11-Nutrition-Analysis.pdf,52,raw/Technical-Series-Report-Post-Deyr-10-11-Nutrition-Analysis.pdf p52,True,1.0,transcribed/Technical-Series-Report-Post-Deyr-10-11-Nutrition-Analysis.csv,Qardho IDPs,,,,,,,"Small sample survey: GAM printed '>10.6 (Pr=0.90)' and SAM '>2.7 (Pr=0.90)' (probability-based lower bounds, no 95% CI; values recorded are the lower-bound figures). muac_sam printed 0.9 (0.2-3.8). No mortality (N/A in annex p66)"
Deyr 2010/11,2010,Deyr,Nov 2010,report,Adduun,Central and Northeast,rural,SMART,591.0,,11.0,7.7,15.5,2.5,1.3,5.1,2.8,0.2,5.4,0.6,0.71,0.41,1.2,1.91,0.93,3.87,raw/Technical-Series-Report-Post-Deyr-10-11-Nutrition-Analysis.pdf,42,raw/Technical-Series-Report-Post-Deyr-10-11-Nutrition-Analysis.pdf p42,True,1.0,transcribed/Technical-Series-Report-Post-Deyr-10-11-Nutrition-Analysis.csv,,,,,,,,"Region table header N=591 but annex Table 24 (p66) 'Addun Pastoral' gives sample size 667; GAM/SAM/CDR/U5DR same in annex. muac_sam printed 0.6 (0.0-1.3). Name printed 'Adduun' in column header, 'Addun' in title"
Deyr 2010/11,2010,Deyr,Dec 2010,report,Agro-pastoral,Gedo,rural,SMART,629.0,,25.3,21.5,29.5,6.5,4.6,9.2,16.1,11.9,21.3,1.6,0.34,0.16,0.75,0.88,0.36,2.02,raw/Technical-Series-Report-Post-Deyr-10-11-Nutrition-Analysis.pdf,22,raw/Technical-Series-Report-Post-Deyr-10-11-Nutrition-Analysis.pdf p22,True,1.0,transcribed/Technical-Series-Report-Post-Deyr-10-11-Nutrition-Analysis.csv,North Gedo Agro pastoral,25.3,6.5,,,,,Annex Table 24 (p66) 'Gedo Agro pastoral' gives U5DR 0.85 (0.36-2.02) vs 0.88 in region table
Deyr 2010/11,2010,Deyr,Dec 2010,report,Agro-pastoral,Middle and Lower Juba,rural,SMART,850.0,,26.1,21.9,30.9,6.2,4.6,8.3,12.8,10.5,15.6,0.5,,,,,,,raw/Technical-Series-Report-Post-Deyr-10-11-Nutrition-Analysis.pdf,26,raw/Technical-Series-Report-Post-Deyr-10-11-Nutrition-Analysis.pdf p26,True,1.0,transcribed/Technical-Series-Report-Post-Deyr-10-11-Nutrition-Analysis.csv,Juba Agropastoral,26.1,6.2,,,,,"Annex Table 24 (p66) 'Juba Agropastoral'; mortality N/A in annex, none in region table"
Deyr 2010/11,2010,Deyr,Dec 2010,report,Agro-pastoral Zone (Northwest Agro-pastoral),,rural,SMART,520.0,,10.4,7.6,14.1,0.8,0.3,1.9,1.5,0.6,2.5,0.2,0.16,0.05,0.55,0.41,0.1,1.62,raw/Technical-Series-Report-Post-Deyr-10-11-Nutrition-Analysis.pdf,57,raw/Technical-Series-Report-Post-Deyr-10-11-Nutrition-Analysis.pdf p57,True,1.0,transcribed/Technical-Series-Report-Post-Deyr-10-11-Nutrition-Analysis.csv,NW Agropastoral,,,,,,,"Text p58: one survey covered both Togdheer and Awdal/Galbeed agro-pastoral zones, survey conducted December 2010; annex Table 24 p66 lists 'North West Agro pastoral' (Nov '10, N=520) and separately 'Togdheer Agro pastoral' (N=716). muac_sam printed 0.2 (0-1.0)"
Deyr 2010/11,2010,Deyr,Dec 2010,report,Bakool Agropastoral,Bakool,rural,MUAC rapid,1100.0,,,,,,,,16.7,,,3.6,,,,,,,raw/Technical-Series-Report-Post-Deyr-10-11-Nutrition-Analysis.pdf,30,raw/Technical-Series-Report-Post-Deyr-10-11-Nutrition-Analysis.pdf p30,True,1.0,transcribed/Technical-Series-Report-Post-Deyr-10-11-Nutrition-Analysis.csv,,,,,,,,11 villages (text p28). Oedema 0. N from header/annex Table 25 p67
Deyr 2010/11,2010,Deyr,Dec 2010,report,Bakool Pastoral,Bakool,rural,MUAC rapid,1100.0,,,,,,,,23.5,,,3.4,,,,,,,raw/Technical-Series-Report-Post-Deyr-10-11-Nutrition-Analysis.pdf,30,raw/Technical-Series-Report-Post-Deyr-10-11-Nutrition-Analysis.pdf p30,True,1.0,transcribed/Technical-Series-Report-Post-Deyr-10-11-Nutrition-Analysis.csv,,,,,,,,Oedema 0. N from header/annex Table 25 p67
Deyr 2010/11,2010,Deyr,Dec 2010,report,Bay Agropastoral,Bay,rural,MUAC rapid,1769.0,,,,,,,,18.4,,,4.4,,,,,,,raw/Technical-Series-Report-Post-Deyr-10-11-Nutrition-Analysis.pdf,30,raw/Technical-Series-Report-Post-Deyr-10-11-Nutrition-Analysis.pdf p30,True,1.0,transcribed/Technical-Series-Report-Post-Deyr-10-11-Nutrition-Analysis.csv,,,,,,,,N from Table 7 header and annex Table 25 p67. Oedema 0
Deyr 2010/11,2010,Deyr,Nov 2010,report,Coastal Deeh,Northeast,rural,SMART,670.0,,12.5,10.5,14.9,2.8,1.7,4.6,5.5,4.0,7.5,1.9,0.38,0.2,0.7,1.01,0.51,2.0,raw/Technical-Series-Report-Post-Deyr-10-11-Nutrition-Analysis.pdf,47,raw/Technical-Series-Report-Post-Deyr-10-11-Nutrition-Analysis.pdf p47,True,1.0,transcribed/Technical-Series-Report-Post-Deyr-10-11-Nutrition-Analysis.csv,Coastal Deeh,,,,,,,"CDR CI printed '(0.20-.070)' in Table 14 (typo, 0.70 in annex Table 24 p66); annex name 'Coastal Deeh'. muac_sam printed 1.9 (1.2-3.1)"
Deyr 2010/11,2010,Deyr,Dec 2010,report,Coastal Deeh (Central),Central,rural,MUAC rapid,,,,,,,,,12.3,,,3.0,,,,,,,raw/Technical-Series-Report-Post-Deyr-10-11-Nutrition-Analysis.pdf,43,raw/Technical-Series-Report-Post-Deyr-10-11-Nutrition-Analysis.pdf p43,True,1.0,transcribed/Technical-Series-Report-Post-Deyr-10-11-Nutrition-Analysis.csv,Coastal Deeh NE,12.5,2.8,,,,,Table 13 header N=648; text p43 says 467 children from 7 sites for Coastal Deeh too (apparent duplicate); n left blank. Not in annex Table 25
Deyr 2010/11,2010,Deyr,Dec 2010,report,Cowpea Belt Agro-pastoral (Central),Central,rural,MUAC rapid,467.0,,,,,,,,14.3,,,3.0,,,,,,,raw/Technical-Series-Report-Post-Deyr-10-11-Nutrition-Analysis.pdf,43,raw/Technical-Series-Report-Post-Deyr-10-11-Nutrition-Analysis.pdf p43,True,1.0,transcribed/Technical-Series-Report-Post-Deyr-10-11-Nutrition-Analysis.csv,,,,,,,,Table 13 header says N=550; text p43 and annex Table 25 p67 ('Cow pea belt central') say 467 children from 7 sites; 467 recorded
Deyr 2010/11,2010,Deyr,Nov 2010,report,East Golis/Gebbi Valley,,rural,SMART,659.0,,11.1,8.0,15.1,2.1,1.2,3.9,5.8,3.8,8.6,0.3,0.13,0.05,0.42,0.3,0.51,2.99,raw/Technical-Series-Report-Post-Deyr-10-11-Nutrition-Analysis.pdf,56,raw/Technical-Series-Report-Post-Deyr-10-11-Nutrition-Analysis.pdf p56,True,1.0,transcribed/Technical-Series-Report-Post-Deyr-10-11-Nutrition-Analysis.csv,E Golis (NE),11.1,2.1,,,,,"Same survey also in Table 14 p47 as 'The Golis/Karakaar Livelihood Zone' (N=659), identical values. Annex Table 24 p66 'East Golis/Gebi Karkar': CDR CI 0.05-0.33, U5DR CI 0.07-1.20 (differs). U5DR CI printed '0.51-2.99' (lower bound above estimate, apparent typo). Text p55 says survey period not stated; annex Nov '10. muac_sam printed 0.3 (0.0-2.4)"
Deyr 2010/11,2010,Deyr,Nov 2010,report,Galgadud,Galgadud,rural,SMART,674.0,,12.6,10.0,15.9,1.5,0.8,2.9,,,,,0.47,0.24,0.89,1.95,1.04,3.64,raw/Technical-Series-Report-Post-Deyr-10-11-Nutrition-Analysis.pdf,66,raw/Technical-Series-Report-Post-Deyr-10-11-Nutrition-Analysis.pdf p66,True,1.0,transcribed/Technical-Series-Report-Post-Deyr-10-11-Nutrition-Analysis.csv,,,,,,,,"Annex-only: listed as '18. Galgadud (Large sample cluster survey)'; no region table found for it (could be the Coastal Deeh/Galgadud survey; livelihood not stated). Participating agencies FSNAU, UNICEF, SRCS MOH. Population type not stated"
Deyr 2010/11,2010,Deyr,Nov 2010,report,Hawd,Central and Northeast,rural,SMART,593.0,,13.0,10.4,16.2,2.9,1.8,4.7,3.7,2.5,5.4,1.7,0.3,0.14,0.62,0.63,0.21,1.92,raw/Technical-Series-Report-Post-Deyr-10-11-Nutrition-Analysis.pdf,42,raw/Technical-Series-Report-Post-Deyr-10-11-Nutrition-Analysis.pdf p42,True,1.0,transcribed/Technical-Series-Report-Post-Deyr-10-11-Nutrition-Analysis.csv,Hawd Central,13.0,2.9,,,,,Annex Table 24 (p66) 'Hawd Pastoral'. muac_sam printed 1.7 (0.8-3.3)
Deyr 2010/11,2010,Deyr,Nov 2010,report,Hawd Livelihood Zone,,rural,SMART,655.0,,10.1,8.0,12.7,1.8,1.0,3.5,3.1,1.9,4.8,0.3,0.3,0.14,0.62,0.63,0.21,1.92,raw/Technical-Series-Report-Post-Deyr-10-11-Nutrition-Analysis.pdf,57,raw/Technical-Series-Report-Post-Deyr-10-11-Nutrition-Analysis.pdf p57,True,1.0,transcribed/Technical-Series-Report-Post-Deyr-10-11-Nutrition-Analysis.csv,NW Hawd,10.1,1.8,,,,,Annex Table 24 p66 'Hawd Livelihood zone'. Different from central 'Hawd' (Table 12). muac_sam printed 0.3 (0.1-1.3)
Deyr 2010/11,2010,Deyr,Dec 2010,report,Hiran Agro-pastoral,Hiran,rural,MUAC rapid,1100.0,,,,,,,,17.1,,,2.9,,,,,,,raw/Technical-Series-Report-Post-Deyr-10-11-Nutrition-Analysis.pdf,38,raw/Technical-Series-Report-Post-Deyr-10-11-Nutrition-Analysis.pdf p38,True,1.0,transcribed/Technical-Series-Report-Post-Deyr-10-11-Nutrition-Analysis.csv,,,,,,,,No survey possible due to security; rapid MUAC in 10 villages (text p38). N from annex Table 25 p67
Deyr 2010/11,2010,Deyr,Dec 2010,report,Hiran Pastoral,Hiran,rural,MUAC rapid,1100.0,,,,,,,,14.7,,,2.5,,,,,,,raw/Technical-Series-Report-Post-Deyr-10-11-Nutrition-Analysis.pdf,38,raw/Technical-Series-Report-Post-Deyr-10-11-Nutrition-Analysis.pdf p38,True,1.0,transcribed/Technical-Series-Report-Post-Deyr-10-11-Nutrition-Analysis.csv,,,,,,,,No survey possible due to security; rapid MUAC in 10 villages (text p38). N from annex Table 25 p67
Deyr 2010/11,2010,Deyr,Dec 2010,report,Hiran Riverine,Hiran,rural,MUAC rapid,1100.0,,,,,,,,17.7,,,3.5,,,,,,,raw/Technical-Series-Report-Post-Deyr-10-11-Nutrition-Analysis.pdf,38,raw/Technical-Series-Report-Post-Deyr-10-11-Nutrition-Analysis.pdf p38,True,1.0,transcribed/Technical-Series-Report-Post-Deyr-10-11-Nutrition-Analysis.csv,,,,,,,,No survey possible due to security; rapid MUAC in 10 villages (text p38). N from annex Table 25 p67
Deyr 2010/11,2010,Deyr,Dec 2010,report,Lower Shabelle Agro-pastoral,Lower Shabelle,rural,MUAC rapid,1100.0,,,,,,,,23.4,,,7.4,,,,,,,raw/Technical-Series-Report-Post-Deyr-10-11-Nutrition-Analysis.pdf,35,raw/Technical-Series-Report-Post-Deyr-10-11-Nutrition-Analysis.pdf p35,True,1.0,transcribed/Technical-Series-Report-Post-Deyr-10-11-Nutrition-Analysis.csv,,,,,,,,"Printed '> 10% (23.4%; R3)', '> 3% (7.4%; R3)'; 10 sites, N=1100 (text p34). Not in annex Table 25. Poor tallying (R3)"
Deyr 2010/11,2010,Deyr,Dec 2010,report,Lower Shabelle Riverine,Lower Shabelle,rural,MUAC rapid,1100.0,,,,,,,,27.7,,,8.7,,,,,,,raw/Technical-Series-Report-Post-Deyr-10-11-Nutrition-Analysis.pdf,35,raw/Technical-Series-Report-Post-Deyr-10-11-Nutrition-Analysis.pdf p35,True,1.0,transcribed/Technical-Series-Report-Post-Deyr-10-11-Nutrition-Analysis.csv,,,,,,,,"Printed '> 10% (27.7%; R3)', '> 3% (8.7%; R3)'; 10 sites, N=1100 (text p34). Not in annex Table 25. Poor tallying (R3)"
Deyr 2010/11,2010,Deyr,Dec 2010,report,Middle Shabelle Agro-pastoral,Middle Shabelle,rural,MUAC rapid,1650.0,,,,,,,,25.0,,,7.1,,,,,,,raw/Technical-Series-Report-Post-Deyr-10-11-Nutrition-Analysis.pdf,35,raw/Technical-Series-Report-Post-Deyr-10-11-Nutrition-Analysis.pdf p35,True,1.0,transcribed/Technical-Series-Report-Post-Deyr-10-11-Nutrition-Analysis.csv,Middle Shabelle Agropastoral,,,,,,,"Printed '> 10% (25.0%; R3)', '> 3% (7.1%; R3)'; 15 sites. Annex Table 25 p67 lists 'Shabelle Agro pastoral' under Lower Shabelle heading with same 25.0 / 7.1, N=1650 (region label in annex differs). Poor tallying (R3)"
Deyr 2010/11,2010,Deyr,Dec 2010,report,Middle Shabelle Riverine,Middle Shabelle,rural,MUAC rapid,1650.0,,,,,,,,23.0,,,7.4,,,,,,,raw/Technical-Series-Report-Post-Deyr-10-11-Nutrition-Analysis.pdf,35,raw/Technical-Series-Report-Post-Deyr-10-11-Nutrition-Analysis.pdf p35,True,1.0,transcribed/Technical-Series-Report-Post-Deyr-10-11-Nutrition-Analysis.csv,Middle Shabelle Riverine,,,,,,,"Printed '> 10% (23.0%; R3)', '> 3% (7.4%; R3)'; 15 sites. Annex Table 25 p67 lists 'Shabelle Riverine' under Lower Shabelle heading with same values, N=1650. Poor tallying (R3)"
Deyr 2010/11,2010,Deyr,Nov 2010,report,Nugal Valley,,rural,SMART,516.0,,10.3,7.0,14.8,1.0,0.4,2.3,4.2,2.5,6.0,1.2,0.53,0.32,0.92,0.61,0.2,1.87,raw/Technical-Series-Report-Post-Deyr-10-11-Nutrition-Analysis.pdf,57,raw/Technical-Series-Report-Post-Deyr-10-11-Nutrition-Analysis.pdf p57,True,1.0,transcribed/Technical-Series-Report-Post-Deyr-10-11-Nutrition-Analysis.csv,Nugal Valley,,,,,,,"Also in Table 14 p47 (Nugal Valley Livelihood Zone, N=516) with identical values. muac_sam printed 1.2 (0.3-2.0)"
Deyr 2010/11,2010,Deyr,Dec 2010,report,Pastoral,Gedo,rural,SMART,730.0,,26.4,22.2,31.1,4.4,3.0,6.3,10.8,7.3,15.8,1.6,0.44,0.23,0.84,1.27,0.53,3.04,raw/Technical-Series-Report-Post-Deyr-10-11-Nutrition-Analysis.pdf,22,raw/Technical-Series-Report-Post-Deyr-10-11-Nutrition-Analysis.pdf p22,True,1.0,transcribed/Technical-Series-Report-Post-Deyr-10-11-Nutrition-Analysis.csv,Addun Pastoral,,,,,,,Annex Table 24 (p66) lists this survey as 'Gedo Pastoral'; same values. muac_sam printed 1.6(0.9-3.0)
Deyr 2010/11,2010,Deyr,Dec 2010,report,Pastoral,Middle and Lower Juba,rural,SMART,779.0,,30.7,26.1,35.7,7.8,5.8,10.5,12.2,9.7,15.2,1.5,,,,,,,raw/Technical-Series-Report-Post-Deyr-10-11-Nutrition-Analysis.pdf,26,raw/Technical-Series-Report-Post-Deyr-10-11-Nutrition-Analysis.pdf p26,True,1.0,transcribed/Technical-Series-Report-Post-Deyr-10-11-Nutrition-Analysis.csv,Juba Pastoral,30.7,7.8,,,,,"Annex Table 24 (p66) 'Juba Pastoral'; mortality N/A in annex, none in region table"
Deyr 2010/11,2010,Deyr,Dec 2010,report,Riverine,Gedo,rural,SMART,617.0,,26.7,21.5,32.8,6.0,4.1,8.6,18.2,12.9,23.5,3.2,0.22,0.11,0.46,1.69,0.78,3.61,raw/Technical-Series-Report-Post-Deyr-10-11-Nutrition-Analysis.pdf,22,raw/Technical-Series-Report-Post-Deyr-10-11-Nutrition-Analysis.pdf p22,True,1.0,transcribed/Technical-Series-Report-Post-Deyr-10-11-Nutrition-Analysis.csv,North Gedo Riverine,26.7,6.0,,,,,Annex Table 24 (p66) 'Gedo Riverine'; same values. CDR upper CI printed '0.460'
Deyr 2010/11,2010,Deyr,Dec 2010,report,Riverine,Middle and Lower Juba,rural,SMART,785.0,,29.7,24.5,35.4,6.4,4.6,8.8,21.3,17.2,26.0,3.6,,,,,,,raw/Technical-Series-Report-Post-Deyr-10-11-Nutrition-Analysis.pdf,26,raw/Technical-Series-Report-Post-Deyr-10-11-Nutrition-Analysis.pdf p26,True,1.0,transcribed/Technical-Series-Report-Post-Deyr-10-11-Nutrition-Analysis.csv,Juba Riverine,29.7,6.4,,,,,"Annex Table 24 (p66) 'Juba Riverine'; mortality N/A in annex, none in region table"
Deyr 2010/11,2010,Deyr,Nov 2010,report,Sool Plateau,,rural,SMART,624.0,,8.3,6.0,11.4,1.6,0.8,3.1,2.9,1.7,5.0,1.3,0.45,0.25,0.8,1.1,0.49,2.47,raw/Technical-Series-Report-Post-Deyr-10-11-Nutrition-Analysis.pdf,56,raw/Technical-Series-Report-Post-Deyr-10-11-Nutrition-Analysis.pdf p56,True,1.0,transcribed/Technical-Series-Report-Post-Deyr-10-11-Nutrition-Analysis.csv,Sool Plateau,8.3,1.6,,,,,"Annex Table 24 p66 gives U5DR 1.11; text p54 says survey conducted December 2010, annex/p61 say Nov 2010. muac_sam printed 1.3 (0.5-3.1)"
Deyr 2010/11,2010,Deyr,Nov 2010,report,Togdheer Agro pastoral,Togdheer,rural,SMART,716.0,,12.2,9.3,15.8,2.3,1.6,3.5,,,,,0.97,0.58,1.61,2.2,1.0,5.0,raw/Technical-Series-Report-Post-Deyr-10-11-Nutrition-Analysis.pdf,66,raw/Technical-Series-Report-Post-Deyr-10-11-Nutrition-Analysis.pdf p66,True,1.0,transcribed/Technical-Series-Report-Post-Deyr-10-11-Nutrition-Analysis.csv,Agropastoral LZ (Togdheer ) NW,10.4,0.8,,,,,"Annex-only (no region table; region tables p57-58 present a single combined Agro-pastoral survey N=520 for Togdheer and Awdal/Galbeed, see text p58). Annex 'Togdheer Agro pastoral' row also shows NCHS values identical to the Sool Plateau row, apparent copy error"
Deyr 2010/11,2010,Deyr,Nov 2010,report,West Golis/Guban,,rural,SMART,628.0,,10.4,7.6,13.9,1.6,0.9,2.9,4.1,2.4,7.2,0.5,0.82,0.56,1.18,0.9,0.36,2.26,raw/Technical-Series-Report-Post-Deyr-10-11-Nutrition-Analysis.pdf,56,raw/Technical-Series-Report-Post-Deyr-10-11-Nutrition-Analysis.pdf p56,True,1.0,transcribed/Technical-Series-Report-Post-Deyr-10-11-Nutrition-Analysis.csv,WGolis/Guban,,,,,,,Annex Table 24 p66 'Guban/West Golis' same. muac_sam printed 0.5 (0.2-1.5). Header N=628 in Table 18 title row
Deyr 2010/11,2010,Deyr,Dec 2010-Jan 2011,report,Abudwaq,Central,urban,MUAC rapid,220.0,,,,,,,,4.1,,,,,,,,,,raw/Technical-Series-Report-Post-Deyr-10-11-Nutrition-Analysis.pdf,63,raw/Technical-Series-Report-Post-Deyr-10-11-Nutrition-Analysis.pdf p63,True,1.0,transcribed/Technical-Series-Report-Post-Deyr-10-11-Nutrition-Analysis.csv,,,,,,,,Rapid urban MUAC assessment (proportion of children MUAC<12.5 cm); MUAC SAM not given. N = children assessed as printed
Deyr 2010/11,2010,Deyr,Dec 2010-Jan 2011,report,Afgoye,Shabelle,urban,MUAC rapid,220.0,,,,,,,,39.0,,,,,,,,,,raw/Technical-Series-Report-Post-Deyr-10-11-Nutrition-Analysis.pdf,63,raw/Technical-Series-Report-Post-Deyr-10-11-Nutrition-Analysis.pdf p63,True,1.0,transcribed/Technical-Series-Report-Post-Deyr-10-11-Nutrition-Analysis.csv,Afgoye Town,,,,,,,Rapid urban MUAC assessment (proportion of children MUAC<12.5 cm); MUAC SAM not given. N = children assessed as printed
Deyr 2010/11,2010,Deyr,Dec 2010-Jan 2011,report,Afmadow,Juba,urban,MUAC rapid,110.0,,,,,,,,13.0,,,,,,,,,,raw/Technical-Series-Report-Post-Deyr-10-11-Nutrition-Analysis.pdf,63,raw/Technical-Series-Report-Post-Deyr-10-11-Nutrition-Analysis.pdf p63,True,1.0,transcribed/Technical-Series-Report-Post-Deyr-10-11-Nutrition-Analysis.csv,,,,,,,,Rapid urban MUAC assessment (proportion of children MUAC<12.5 cm); MUAC SAM not given. N = children assessed as printed
Deyr 2010/11,2010,Deyr,Dec 2010-Jan 2011,report,Baidoa,Bay,urban,MUAC rapid,329.0,,,,,,,,15.2,,,,,,,,,,raw/Technical-Series-Report-Post-Deyr-10-11-Nutrition-Analysis.pdf,63,raw/Technical-Series-Report-Post-Deyr-10-11-Nutrition-Analysis.pdf p63,True,1.0,transcribed/Technical-Series-Report-Post-Deyr-10-11-Nutrition-Analysis.csv,,,,,,,,Rapid urban MUAC assessment (proportion of children MUAC<12.5 cm); MUAC SAM not given. N = children assessed as printed
Deyr 2010/11,2010,Deyr,Dec 2010-Jan 2011,report,Bardera,Gedo,urban,MUAC rapid,110.0,,,,,,,,18.2,,,,,,,,,,raw/Technical-Series-Report-Post-Deyr-10-11-Nutrition-Analysis.pdf,63,raw/Technical-Series-Report-Post-Deyr-10-11-Nutrition-Analysis.pdf p63,True,1.0,transcribed/Technical-Series-Report-Post-Deyr-10-11-Nutrition-Analysis.csv,,,,,,,,Rapid urban MUAC assessment (proportion of children MUAC<12.5 cm); MUAC SAM not given. N = children assessed as printed
Deyr 2010/11,2010,Deyr,Dec 2010-Jan 2011,report,Beletywene,Hiran,urban,MUAC rapid,220.0,,,,,,,,23.2,,,,,,,,,,raw/Technical-Series-Report-Post-Deyr-10-11-Nutrition-Analysis.pdf,63,raw/Technical-Series-Report-Post-Deyr-10-11-Nutrition-Analysis.pdf p63,True,1.0,transcribed/Technical-Series-Report-Post-Deyr-10-11-Nutrition-Analysis.csv,,,,,,,,Rapid urban MUAC assessment (proportion of children MUAC<12.5 cm); MUAC SAM not given. N = children assessed as printed
Deyr 2010/11,2010,Deyr,Dec 2010-Jan 2011,report,Boroma,N. West,urban,MUAC rapid,220.0,,,,,,,,8.6,,,,,,,,,,raw/Technical-Series-Report-Post-Deyr-10-11-Nutrition-Analysis.pdf,63,raw/Technical-Series-Report-Post-Deyr-10-11-Nutrition-Analysis.pdf p63,True,1.0,transcribed/Technical-Series-Report-Post-Deyr-10-11-Nutrition-Analysis.csv,,,,,,,,Rapid urban MUAC assessment (proportion of children MUAC<12.5 cm); MUAC SAM not given. N = children assessed as printed
Deyr 2010/11,2010,Deyr,Dec 2010-Jan 2011,report,Bossaso,N. East,urban,MUAC rapid,220.0,,,,,,,,6.4,,,,,,,,,,raw/Technical-Series-Report-Post-Deyr-10-11-Nutrition-Analysis.pdf,63,raw/Technical-Series-Report-Post-Deyr-10-11-Nutrition-Analysis.pdf p63,True,1.0,transcribed/Technical-Series-Report-Post-Deyr-10-11-Nutrition-Analysis.csv,,,,,,,,"Rapid urban MUAC assessment (proportion of children MUAC<12.5 cm); MUAC SAM not given. N = children assessed as printed; value in faint cell, read from text layer"
Deyr 2010/11,2010,Deyr,Dec 2010-Jan 2011,report,Buale,Juba,urban,MUAC rapid,110.0,,,,,,,,9.3,,,,,,,,,,raw/Technical-Series-Report-Post-Deyr-10-11-Nutrition-Analysis.pdf,63,raw/Technical-Series-Report-Post-Deyr-10-11-Nutrition-Analysis.pdf p63,True,1.0,transcribed/Technical-Series-Report-Post-Deyr-10-11-Nutrition-Analysis.csv,,,,,,,,Rapid urban MUAC assessment (proportion of children MUAC<12.5 cm); MUAC SAM not given. N = children assessed as printed
Deyr 2010/11,2010,Deyr,Dec 2010-Jan 2011,report,Buloburti,Hiran,urban,MUAC rapid,220.0,,,,,,,,23.6,,,,,,,,,,raw/Technical-Series-Report-Post-Deyr-10-11-Nutrition-Analysis.pdf,63,raw/Technical-Series-Report-Post-Deyr-10-11-Nutrition-Analysis.pdf p63,True,1.0,transcribed/Technical-Series-Report-Post-Deyr-10-11-Nutrition-Analysis.csv,,,,,,,,Rapid urban MUAC assessment (proportion of children MUAC<12.5 cm); MUAC SAM not given. N = children assessed as printed
Deyr 2010/11,2010,Deyr,Dec 2010-Jan 2011,report,Burao,N. West,urban,MUAC rapid,220.0,,,,,,,,10.0,,,,,,,,,,raw/Technical-Series-Report-Post-Deyr-10-11-Nutrition-Analysis.pdf,63,raw/Technical-Series-Report-Post-Deyr-10-11-Nutrition-Analysis.pdf p63,True,1.0,transcribed/Technical-Series-Report-Post-Deyr-10-11-Nutrition-Analysis.csv,,,,,,,,Rapid urban MUAC assessment (proportion of children MUAC<12.5 cm); MUAC SAM not given. N = children assessed as printed
Deyr 2010/11,2010,Deyr,Dec 2010-Jan 2011,report,Daynilley,Mogadishu,urban,MUAC rapid,220.0,,,,,,,,38.0,,,,,,,,,,raw/Technical-Series-Report-Post-Deyr-10-11-Nutrition-Analysis.pdf,63,raw/Technical-Series-Report-Post-Deyr-10-11-Nutrition-Analysis.pdf p63,True,1.0,transcribed/Technical-Series-Report-Post-Deyr-10-11-Nutrition-Analysis.csv,,,,,,,,Rapid urban MUAC assessment (proportion of children MUAC<12.5 cm); MUAC SAM not given. N = children assessed as printed
Deyr 2010/11,2010,Deyr,Dec 2010-Jan 2011,report,Dharkenley,Mogadishu,urban,MUAC rapid,220.0,,,,,,,,35.0,,,,,,,,,,raw/Technical-Series-Report-Post-Deyr-10-11-Nutrition-Analysis.pdf,63,raw/Technical-Series-Report-Post-Deyr-10-11-Nutrition-Analysis.pdf p63,True,1.0,transcribed/Technical-Series-Report-Post-Deyr-10-11-Nutrition-Analysis.csv,,,,,,,,Rapid urban MUAC assessment (proportion of children MUAC<12.5 cm); MUAC SAM not given. N = children assessed as printed
Deyr 2010/11,2010,Deyr,Dec 2010-Jan 2011,report,Dhusamareb,Central,urban,MUAC rapid,220.0,,,,,,,,1.0,,,,,,,,,,raw/Technical-Series-Report-Post-Deyr-10-11-Nutrition-Analysis.pdf,63,raw/Technical-Series-Report-Post-Deyr-10-11-Nutrition-Analysis.pdf p63,True,1.0,transcribed/Technical-Series-Report-Post-Deyr-10-11-Nutrition-Analysis.csv,,,,,,,,Rapid urban MUAC assessment (proportion of children MUAC<12.5 cm); MUAC SAM not given. N = children assessed as printed
Deyr 2010/11,2010,Deyr,Dec 2010-Jan 2011,report,Dobley,Juba,urban,MUAC rapid,110.0,,,,,,,,11.9,,,,,,,,,,raw/Technical-Series-Report-Post-Deyr-10-11-Nutrition-Analysis.pdf,63,raw/Technical-Series-Report-Post-Deyr-10-11-Nutrition-Analysis.pdf p63,True,1.0,transcribed/Technical-Series-Report-Post-Deyr-10-11-Nutrition-Analysis.csv,,,,,,,,Rapid urban MUAC assessment (proportion of children MUAC<12.5 cm); MUAC SAM not given. N = children assessed as printed
Deyr 2010/11,2010,Deyr,Dec 2010-Jan 2011,report,Elberde,Bakool,urban,MUAC rapid,440.0,,,,,,,,22.0,,,,,,,,,,raw/Technical-Series-Report-Post-Deyr-10-11-Nutrition-Analysis.pdf,63,raw/Technical-Series-Report-Post-Deyr-10-11-Nutrition-Analysis.pdf p63,True,1.0,transcribed/Technical-Series-Report-Post-Deyr-10-11-Nutrition-Analysis.csv,,,,,,,,Rapid urban MUAC assessment (proportion of children MUAC<12.5 cm); MUAC SAM not given. N = children assessed as printed; value 22.0% only in text layer (cell blank/faint in page image)
Deyr 2010/11,2010,Deyr,Dec 2010-Jan 2011,report,Eldhere,Central,urban,MUAC rapid,110.0,,,,,,,,8.8,,,,,,,,,,raw/Technical-Series-Report-Post-Deyr-10-11-Nutrition-Analysis.pdf,63,raw/Technical-Series-Report-Post-Deyr-10-11-Nutrition-Analysis.pdf p63,True,1.0,transcribed/Technical-Series-Report-Post-Deyr-10-11-Nutrition-Analysis.csv,,,,,,,,Rapid urban MUAC assessment (proportion of children MUAC<12.5 cm); MUAC SAM not given. N = children assessed as printed
Deyr 2010/11,2010,Deyr,Dec 2010-Jan 2011,report,Erigavo,N. West,urban,MUAC rapid,220.0,,,,,,,,2.7,,,,,,,,,,raw/Technical-Series-Report-Post-Deyr-10-11-Nutrition-Analysis.pdf,63,raw/Technical-Series-Report-Post-Deyr-10-11-Nutrition-Analysis.pdf p63,True,1.0,transcribed/Technical-Series-Report-Post-Deyr-10-11-Nutrition-Analysis.csv,,,,,,,,Rapid urban MUAC assessment (proportion of children MUAC<12.5 cm); MUAC SAM not given. N = children assessed as printed
Deyr 2010/11,2010,Deyr,Dec 2010-Jan 2011,report,Galcayo,N. East,urban,MUAC rapid,220.0,,,,,,,,3.6,,,,,,,,,,raw/Technical-Series-Report-Post-Deyr-10-11-Nutrition-Analysis.pdf,63,raw/Technical-Series-Report-Post-Deyr-10-11-Nutrition-Analysis.pdf p63,True,1.0,transcribed/Technical-Series-Report-Post-Deyr-10-11-Nutrition-Analysis.csv,,,,,,,,Rapid urban MUAC assessment (proportion of children MUAC<12.5 cm); MUAC SAM not given. N = children assessed as printed
Deyr 2010/11,2010,Deyr,Dec 2010-Jan 2011,report,Garowe,N. East,urban,MUAC rapid,220.0,,,,,,,,4.5,,,,,,,,,,raw/Technical-Series-Report-Post-Deyr-10-11-Nutrition-Analysis.pdf,63,raw/Technical-Series-Report-Post-Deyr-10-11-Nutrition-Analysis.pdf p63,True,1.0,transcribed/Technical-Series-Report-Post-Deyr-10-11-Nutrition-Analysis.csv,,,,,,,,Rapid urban MUAC assessment (proportion of children MUAC<12.5 cm); MUAC SAM not given. N = children assessed as printed
Deyr 2010/11,2010,Deyr,Dec 2010-Jan 2011,report,Hamarjabjab,Mogadishu,urban,MUAC rapid,220.0,,,,,,,,19.0,,,,,,,,,,raw/Technical-Series-Report-Post-Deyr-10-11-Nutrition-Analysis.pdf,63,raw/Technical-Series-Report-Post-Deyr-10-11-Nutrition-Analysis.pdf p63,True,1.0,transcribed/Technical-Series-Report-Post-Deyr-10-11-Nutrition-Analysis.csv,,,,,,,,Rapid urban MUAC assessment (proportion of children MUAC<12.5 cm); MUAC SAM not given. N = children assessed as printed
Deyr 2010/11,2010,Deyr,Dec 2010-Jan 2011,report,Hamarweyne,Mogadishu,urban,MUAC rapid,220.0,,,,,,,,34.0,,,,,,,,,,raw/Technical-Series-Report-Post-Deyr-10-11-Nutrition-Analysis.pdf,63,raw/Technical-Series-Report-Post-Deyr-10-11-Nutrition-Analysis.pdf p63,True,1.0,transcribed/Technical-Series-Report-Post-Deyr-10-11-Nutrition-Analysis.csv,,,,,,,,Rapid urban MUAC assessment (proportion of children MUAC<12.5 cm); MUAC SAM not given. N = children assessed as printed
Deyr 2010/11,2010,Deyr,Dec 2010-Jan 2011,report,Haradhere,Central,urban,MUAC rapid,110.0,,,,,,,,9.6,,,,,,,,,,raw/Technical-Series-Report-Post-Deyr-10-11-Nutrition-Analysis.pdf,63,raw/Technical-Series-Report-Post-Deyr-10-11-Nutrition-Analysis.pdf p63,True,1.0,transcribed/Technical-Series-Report-Post-Deyr-10-11-Nutrition-Analysis.csv,,,,,,,,Rapid urban MUAC assessment (proportion of children MUAC<12.5 cm); MUAC SAM not given. N = children assessed as printed
Deyr 2010/11,2010,Deyr,Dec 2010-Jan 2011,report,Jalalaqsi,Hiran,urban,MUAC rapid,220.0,,,,,,,,19.5,,,,,,,,,,raw/Technical-Series-Report-Post-Deyr-10-11-Nutrition-Analysis.pdf,63,raw/Technical-Series-Report-Post-Deyr-10-11-Nutrition-Analysis.pdf p63,True,1.0,transcribed/Technical-Series-Report-Post-Deyr-10-11-Nutrition-Analysis.csv,,,,,,,,Rapid urban MUAC assessment (proportion of children MUAC<12.5 cm); MUAC SAM not given. N = children assessed as printed
Deyr 2010/11,2010,Deyr,Dec 2010-Jan 2011,report,Jowhar,Shabelle,urban,MUAC rapid,330.0,,,,,,,,24.1,,,,,,,,,,raw/Technical-Series-Report-Post-Deyr-10-11-Nutrition-Analysis.pdf,63,raw/Technical-Series-Report-Post-Deyr-10-11-Nutrition-Analysis.pdf p63,True,1.0,transcribed/Technical-Series-Report-Post-Deyr-10-11-Nutrition-Analysis.csv,,,,,,,,Rapid urban MUAC assessment (proportion of children MUAC<12.5 cm); MUAC SAM not given. N = children assessed as printed
Deyr 2010/11,2010,Deyr,Dec 2010-Jan 2011,report,Madina,Mogadishu,urban,MUAC rapid,220.0,,,,,,,,56.0,,,,,,,,,,raw/Technical-Series-Report-Post-Deyr-10-11-Nutrition-Analysis.pdf,63,raw/Technical-Series-Report-Post-Deyr-10-11-Nutrition-Analysis.pdf p63,True,1.0,transcribed/Technical-Series-Report-Post-Deyr-10-11-Nutrition-Analysis.csv,,,,,,,,Rapid urban MUAC assessment (proportion of children MUAC<12.5 cm); MUAC SAM not given. N = children assessed as printed
Deyr 2010/11,2010,Deyr,Dec 2010,report,Mogadishu (Banadir),Banadir,urban,MUAC rapid,1320.0,,,,,,,,29.2,,,12.0,,,,,,,raw/Technical-Series-Report-Post-Deyr-10-11-Nutrition-Analysis.pdf,36,raw/Technical-Series-Report-Post-Deyr-10-11-Nutrition-Analysis.pdf p36,True,1.0,transcribed/Technical-Series-Report-Post-Deyr-10-11-Nutrition-Analysis.csv,,,,,,,,"Region table prints '> 15% (29.2%; R3)' and '> 3% (12.0%; R3)'; R3 = low reliability. Annex Table 25 p67 'Mogadishu' 29.2 / 12.0, N=1320 (six district sites per text p36). Oedema 0.9 (0.0-1.9)"
Deyr 2010/11,2010,Deyr,Dec 2010-Jan 2011,report,Qoryolley,Shabelle,urban,MUAC rapid,110.0,,,,,,,,40.9,,,,,,,,,,raw/Technical-Series-Report-Post-Deyr-10-11-Nutrition-Analysis.pdf,63,raw/Technical-Series-Report-Post-Deyr-10-11-Nutrition-Analysis.pdf p63,True,1.0,transcribed/Technical-Series-Report-Post-Deyr-10-11-Nutrition-Analysis.csv,,,,,,,,Rapid urban MUAC assessment (proportion of children MUAC<12.5 cm); MUAC SAM not given. N = children assessed as printed
Deyr 2010/11,2010,Deyr,Dec 2010-Jan 2011,report,Sakoow,Juba,urban,MUAC rapid,110.0,,,,,,,,13.9,,,,,,,,,,raw/Technical-Series-Report-Post-Deyr-10-11-Nutrition-Analysis.pdf,63,raw/Technical-Series-Report-Post-Deyr-10-11-Nutrition-Analysis.pdf p63,True,1.0,transcribed/Technical-Series-Report-Post-Deyr-10-11-Nutrition-Analysis.csv,,,,,,,,Rapid urban MUAC assessment (proportion of children MUAC<12.5 cm); MUAC SAM not given. N = children assessed as printed
Deyr 2010/11,2010,Deyr,Dec 2010-Jan 2011,report,Togwajale,N. West,urban,MUAC rapid,220.0,,,,,,,,10.5,,,,,,,,,,raw/Technical-Series-Report-Post-Deyr-10-11-Nutrition-Analysis.pdf,63,raw/Technical-Series-Report-Post-Deyr-10-11-Nutrition-Analysis.pdf p63,True,1.0,transcribed/Technical-Series-Report-Post-Deyr-10-11-Nutrition-Analysis.csv,,,,,,,,Rapid urban MUAC assessment (proportion of children MUAC<12.5 cm); MUAC SAM not given. N = children assessed as printed
Deyr 2010/11,2010,Deyr,Dec 2010-Jan 2011,report,Waberi,Mogadishu,urban,MUAC rapid,220.0,,,,,,,,14.0,,,,,,,,,,raw/Technical-Series-Report-Post-Deyr-10-11-Nutrition-Analysis.pdf,63,raw/Technical-Series-Report-Post-Deyr-10-11-Nutrition-Analysis.pdf p63,True,1.0,transcribed/Technical-Series-Report-Post-Deyr-10-11-Nutrition-Analysis.csv,,,,,,,,Rapid urban MUAC assessment (proportion of children MUAC<12.5 cm); MUAC SAM not given. N = children assessed as printed
Deyr 2010/11,2010,Deyr,Dec 2010-Jan 2011,report,Wajid,Bakool,urban,MUAC rapid,220.0,,,,,,,,18.5,,,,,,,,,,raw/Technical-Series-Report-Post-Deyr-10-11-Nutrition-Analysis.pdf,63,raw/Technical-Series-Report-Post-Deyr-10-11-Nutrition-Analysis.pdf p63,True,1.0,transcribed/Technical-Series-Report-Post-Deyr-10-11-Nutrition-Analysis.csv,,,,,,,,Rapid urban MUAC assessment (proportion of children MUAC<12.5 cm); MUAC SAM not given. N = children assessed as printed
Deyr 2010/11,2010,Deyr,Dec 2010-Jan 2011,report,Xuddur,Bakool,urban,MUAC rapid,220.0,,,,,,,,15.8,,,,,,,,,,raw/Technical-Series-Report-Post-Deyr-10-11-Nutrition-Analysis.pdf,63,raw/Technical-Series-Report-Post-Deyr-10-11-Nutrition-Analysis.pdf p63,True,1.0,transcribed/Technical-Series-Report-Post-Deyr-10-11-Nutrition-Analysis.csv,,,,,,,,Rapid urban MUAC assessment (proportion of children MUAC<12.5 cm); MUAC SAM not given. N = children assessed as printed
Gu 2011,2011,Gu,July 2011,report,Afgoye IDPs,,IDP,SMART,951.0,,40.7,34.5,47.2,17.7,13.4,22.9,26.3,20.8,32.5,8.8,4.24,3.17,5.31,12.47,9.56,15.38,raw/FSNAU-Nutrition-Technical-Series-Report-Post-Gu-2011-Analysis.pdf,44,raw/FSNAU-Nutrition-Technical-Series-Report-Post-Gu-2011-Analysis.pdf p44,True,1.0,transcribed/FSNAU-Nutrition-Technical-Series-Report-Post-Gu-2011-Analysis.csv,Afgoye IDPs,,,,,,,MUAC<11.5 printed 8.8(6.4-12.0); Annex Table 29/30 p87 differs: n=952; SAM 17.7 (13.2-22.1)
Gu 2011,2011,Gu,May 2011,report,Berbera IDPs,,IDP,SMART,542.0,,14.5,,,3.0,,,5.9,,,2.3,0.28,0.15,0.54,0.31,0.09,1.13,raw/FSNAU-Nutrition-Technical-Series-Report-Post-Gu-2011-Analysis.pdf,79,raw/FSNAU-Nutrition-Technical-Series-Report-Post-Gu-2011-Analysis.pdf p79,True,1.0,transcribed/FSNAU-Nutrition-Technical-Series-Report-Post-Gu-2011-Analysis.csv,Berbera IDPs,14.5,3.0,,,,,"Exhaustive sampling: GAM 14.5 and SAM 3.0 printed without CIs; annex p88 says '14.5 (Exhaustive)' and N=662 (Table 25 header N=542). MUAC<11.5 value 2.3, no CI"
Gu 2011,2011,Gu,June 2011,report,Bossaso,,IDP,SMART,611.0,,24.4,20.9,28.3,4.7,3.2,7.1,11.0,8.1,14.6,2.0,0.89,0.58,1.37,2.23,1.2,4.11,raw/FSNAU-Nutrition-Technical-Series-Report-Post-Gu-2011-Analysis.pdf,65,raw/FSNAU-Nutrition-Technical-Series-Report-Post-Gu-2011-Analysis.pdf p65,True,1.0,transcribed/FSNAU-Nutrition-Technical-Series-Report-Post-Gu-2011-Analysis.csv,Bossaso IDPs,12.4,4.7,,,,,Annex name 'Bossasso IDPs'; MUAC<11.5 printed 2.0(1.0-3.9); Annex Table 29/30 p88 consistent
Gu 2011,2011,Gu,May 2011,report,Burao IDPs,,IDP,SMART,652.0,,19.1,14.6,24.5,5.6,4.1,7.7,8.1,5.5,11.9,2.5,0.56,0.3,0.91,2.02,1.21,3.34,raw/FSNAU-Nutrition-Technical-Series-Report-Post-Gu-2011-Analysis.pdf,79,raw/FSNAU-Nutrition-Technical-Series-Report-Post-Gu-2011-Analysis.pdf p79,True,1.0,transcribed/FSNAU-Nutrition-Technical-Series-Report-Post-Gu-2011-Analysis.csv,Burao IDPs,19.1,5.6,,,,,MUAC<11.5 printed 2.5(1.4-4.5); Annex Table 29/30 p88 consistent
Gu 2011,2011,Gu,May-June 2011,report,Dusamareb IDPs,Central and Northeast,IDP,SMART,198.0,,34.0,,,6.2,,,21.3,,,1.2,,,,,,,raw/FSNAU-Nutrition-Technical-Series-Report-Post-Gu-2011-Analysis.pdf,55,raw/FSNAU-Nutrition-Technical-Series-Report-Post-Gu-2011-Analysis.pdf p55,True,1.0,transcribed/FSNAU-Nutrition-Technical-Series-Report-Post-Gu-2011-Analysis.csv,Dhusamareeb IDPs,,,,,,,"Small-sample survey: GAM printed '>34.0 (Pr=0.90)', SAM '>6.2 (Pr=0.90)', MUAC<12.5 '>21.3 (Pr=0.90)', MUAC<11.5 '>1.2 (Pr=0.90)' (probability-based lower bounds, no 95% CI; lower-bound figures recorded). No mortality. Not in annex Table 29. Fieldwork month from Table 1 timeline (p10)"
Gu 2011,2011,Gu,June 2011,report,Galkayo,,IDP,SMART,612.0,,20.3,16.1,25.2,4.4,2.9,6.6,16.2,12.5,20.6,1.6,0.89,0.59,1.36,1.01,0.47,2.17,raw/FSNAU-Nutrition-Technical-Series-Report-Post-Gu-2011-Analysis.pdf,65,raw/FSNAU-Nutrition-Technical-Series-Report-Post-Gu-2011-Analysis.pdf p65,True,1.0,transcribed/FSNAU-Nutrition-Technical-Series-Report-Post-Gu-2011-Analysis.csv,Galkayo IDPs,20.3,4.4,,,,,Annex name 'Galkayo IDPs'; MUAC<11.5 printed 1.6(0.9-3.0); Annex Table 29/30 p88 consistent
Gu 2011,2011,Gu,June 2011,report,Garowe,,IDP,SMART,604.0,,20.5,17.5,24.0,1.8,0.9,3.7,14.9,12.4,17.7,4.6,0.61,0.31,1.19,1.39,0.47,4.02,raw/FSNAU-Nutrition-Technical-Series-Report-Post-Gu-2011-Analysis.pdf,65,raw/FSNAU-Nutrition-Technical-Series-Report-Post-Gu-2011-Analysis.pdf p65,True,1.0,transcribed/FSNAU-Nutrition-Technical-Series-Report-Post-Gu-2011-Analysis.csv,Garowe IDPs,20.5,1.8,,,,,Annex name 'Garowe IDPs'; MUAC<11.5 printed 4.6(3.1-6.9); Annex Table 29/30 p88 consistent
Gu 2011,2011,Gu,May 2011,report,Hargeisa IDPs,,IDP,SMART,677.0,,10.9,8.1,14.5,2.2,1.0,5.0,6.4,4.3,9.3,1.6,0.37,0.19,0.73,0.59,0.22,1.55,raw/FSNAU-Nutrition-Technical-Series-Report-Post-Gu-2011-Analysis.pdf,79,raw/FSNAU-Nutrition-Technical-Series-Report-Post-Gu-2011-Analysis.pdf p79,True,0.9375,transcribed/FSNAU-Nutrition-Technical-Series-Report-Post-Gu-2011-Analysis.csv,Hargeisa IDPs,10.9,2.2,,,,,MUAC<11.5 printed 1.6(0.8-3.3); Annex Table 29/30 p88 consistent
Gu 2011,2011,Gu,,,Kismayo (Old settlements),Old settlements,IDP,MUAC rapid,1122.0,,,,,,,,24.3,21.9,27.0,6.1,,,,,,,raw/FSNAU-Nutrition-Technical-Series-Report-Post-Gu-2011-Analysis.pdf,84,raw/FSNAU-Nutrition-Technical-Series-Report-Post-Gu-2011-Analysis.pdf p84,True,1.0,transcribed/FSNAU-Nutrition-Technical-Series-Report-Post-Gu-2011-Analysis.csv,,,,,,,,Rapid urban MUAC assessment (purposive sampling); fieldwork month not stated; Listed under heading 'IDP Settlements'; no anthropometric survey; MUAC<11.5 printed 6.1(4.8-7.8);
Gu 2011,2011,Gu,June 2011,report,Margaga IDPs,North Mudug,IDP,SMART,207.0,,22.7,,,2.9,,,4.3,,,0.5,,,,,,,raw/FSNAU-Nutrition-Technical-Series-Report-Post-Gu-2011-Analysis.pdf,67,raw/FSNAU-Nutrition-Technical-Series-Report-Post-Gu-2011-Analysis.pdf p67,True,1.0,transcribed/FSNAU-Nutrition-Technical-Series-Report-Post-Gu-2011-Analysis.csv,,,,,,,,"Exhaustive sampling (annex p88 prints '(Exhaustive)' instead of CI); no CIs, no mortality. Region 'North Mudug' from Table 1 timeline (p10). MUAC<12.5 4.3 and MUAC<11.5 0.5 as printed"
Gu 2011,2011,Gu,July 2011,report,Mogadishu IDPs,Mogadishu,IDP,SMART,870.0,,39.4,32.4,46.9,15.3,11.6,19.8,25.4,21.5,29.7,7.5,4.29,3.22,5.36,14.09,10.65,17.53,raw/FSNAU-Nutrition-Technical-Series-Report-Post-Gu-2011-Analysis.pdf,46,raw/FSNAU-Nutrition-Technical-Series-Report-Post-Gu-2011-Analysis.pdf p46,True,1.0,transcribed/FSNAU-Nutrition-Technical-Series-Report-Post-Gu-2011-Analysis.csv,Mogadishu IDPs,,,,,,,MUAC<11.5 printed 7.5(5.6-9.8); Annex Table 29/30 p87 consistent
Gu 2011,2011,Gu,August 2011,report,Mogadishu IDPs,Mogadishu,IDP,SMART,544.0,,45.6,40.5,50.8,23.0,19.2,27.2,36.8,32.5,41.4,12.1,5.68,4.48,6.88,15.43,11.4,19.5,raw/FSNAU-Nutrition-Technical-Series-Report-Post-Gu-2011-Analysis.pdf,46,raw/FSNAU-Nutrition-Technical-Series-Report-Post-Gu-2011-Analysis.pdf p46,True,1.0,transcribed/FSNAU-Nutrition-Technical-Series-Report-Post-Gu-2011-Analysis.csv,,,,,,,,MUAC<11.5 printed 12.1(9.3-15.6); Annex Table 29/30 p89 differs: U5DR 15.43 (11.35-19.5)
Gu 2011,2011,Gu,June 2011,report,Qardho IDPs,,IDP,SMART,211.0,,23.8,,,8.2,,,19.8,,,4.4,,,,,,,raw/FSNAU-Nutrition-Technical-Series-Report-Post-Gu-2011-Analysis.pdf,67,raw/FSNAU-Nutrition-Technical-Series-Report-Post-Gu-2011-Analysis.pdf p67,True,1.0,transcribed/FSNAU-Nutrition-Technical-Series-Report-Post-Gu-2011-Analysis.csv,Qardho IDPs,23.8,8.2,,,,,"Small-sample survey: GAM printed '>23.8 (Pr=0.90)', SAM '>8.2 (Pr=0.90)', MUAC<12.5 '>19.8 (Pr=0.90)', MUAC<11.5 '>4.4 (Pr=0.90)' (probability-based lower bounds, no 95% CI; lower-bound figures recorded). No mortality ('-' in annex p88)"
Gu 2011,2011,Gu,July 2011,report,Addun,Central and Northeast,rural,SMART,583.0,,17.8,13.3,23.6,4.1,2.5,6.7,7.7,5.5,10.8,1.4,0.56,0.34,0.91,1.92,1.02,3.59,raw/FSNAU-Nutrition-Technical-Series-Report-Post-Gu-2011-Analysis.pdf,55,raw/FSNAU-Nutrition-Technical-Series-Report-Post-Gu-2011-Analysis.pdf p55,True,1.0,transcribed/FSNAU-Nutrition-Technical-Series-Report-Post-Gu-2011-Analysis.csv,Addun Central,17.8,4.1,,,,,Same survey repeated in Table 20 p63 (identical values); annex 'Addun Pastoral' under Central Regions; MUAC<11.5 printed 1.4(0.5-3.4); Annex Table 29/30 p88 consistent
Gu 2011,2011,Gu,July 2011,report,Agro-pastoral Zone,,rural,SMART,684.0,,11.5,8.5,15.4,0.6,0.2,1.5,3.1,1.6,5.9,0.9,0.23,0.12,0.45,0.53,0.21,1.38,raw/FSNAU-Nutrition-Technical-Series-Report-Post-Gu-2011-Analysis.pdf,76,raw/FSNAU-Nutrition-Technical-Series-Report-Post-Gu-2011-Analysis.pdf p76,True,1.0,transcribed/FSNAU-Nutrition-Technical-Series-Report-Post-Gu-2011-Analysis.csv,Agropastoral LZ (Togdheer ) NW,11.5,0.6,,,,,Annex lists as 'NW Agro-pastoral Zone'; MUAC<11.5 printed 0.9(0.3-2.7); Annex Table 29/30 p88 consistent
Gu 2011,2011,Gu,July 2011,report,Bakool Agro-pastoral,Bakool,rural,SMART,244.0,,45.9,42.3,49.6,16.4,12.9,20.6,12.7,9.0,17.5,7.3,2.2,1.7,2.7,7.0,5.2,8.8,raw/FSNAU-Nutrition-Technical-Series-Report-Post-Gu-2011-Analysis.pdf,36,raw/FSNAU-Nutrition-Technical-Series-Report-Post-Gu-2011-Analysis.pdf p36,True,1.0,transcribed/FSNAU-Nutrition-Technical-Series-Report-Post-Gu-2011-Analysis.csv,Bakool Agropastoral,43.6,14.1,,,,,Annex p87 gives GAM '>43.6 (Pr=0.90)' and SAM '>14.1 (Pr=0.90)' for the same survey; MUAC<11.5 printed 7.3(5.0-10.6); Annex Table 29/30 p87 differs: n=245; GAM >43.6 (Pr=0.90); SAM >14.1 (Pr=0.90)
Gu 2011,2011,Gu,July 2011,report,Bakool Pastoral,Bakool,rural,SMART,270.0,,55.9,50.6,61.2,20.4,15.2,26.7,18.1,13.6,23.7,10.3,1.89,1.6,2.19,5.06,3.8,6.32,raw/FSNAU-Nutrition-Technical-Series-Report-Post-Gu-2011-Analysis.pdf,36,raw/FSNAU-Nutrition-Technical-Series-Report-Post-Gu-2011-Analysis.pdf p36,True,1.0,transcribed/FSNAU-Nutrition-Technical-Series-Report-Post-Gu-2011-Analysis.csv,Bakool Pastoral,43.6,17.3,,,,,"Table 10 header says 'July-August 2011' but only July column shown; Aug 2011 Bakool survey retracted (p9, p35, p89); MUAC<11.5 printed 10.3(7.5-14.1); Annex Table 29/30 p87 differs: GAM >43.6 (Pr=0.90); SAM >17.3 (Pr=0.90)"
Gu 2011,2011,Gu,July 2011,report,Bay Agro-pastoral,Bay,rural,SMART,456.0,,55.0,45.8,64.0,29.8,22.8,38.0,46.0,33.3,59.3,13.9,1.09,0.74,1.45,4.04,2.31,5.78,raw/FSNAU-Nutrition-Technical-Series-Report-Post-Gu-2011-Analysis.pdf,39,raw/FSNAU-Nutrition-Technical-Series-Report-Post-Gu-2011-Analysis.pdf p39,True,1.0,transcribed/FSNAU-Nutrition-Technical-Series-Report-Post-Gu-2011-Analysis.csv,Bay Agropastoral,55.0,29.8,,,,,MUAC<11.5 printed 13.9(9.8-19.5); Annex Table 29/30 p87 differs: GAM 55.0 (45.8-63.9); SAM 29.8 (22.8-37.9); CDR 1.10 (0.17-2.03)
Gu 2011,2011,Gu,August 2011,report,Bay Agro-pastoral,Bay,rural,SMART,489.0,,58.3,52.1,64.2,22.1,18.2,26.5,36.1,29.3,43.2,5.4,2.15,1.5,2.8,6.16,3.91,8.4,raw/FSNAU-Nutrition-Technical-Series-Report-Post-Gu-2011-Analysis.pdf,39,raw/FSNAU-Nutrition-Technical-Series-Report-Post-Gu-2011-Analysis.pdf p39,True,1.0,transcribed/FSNAU-Nutrition-Technical-Series-Report-Post-Gu-2011-Analysis.csv,,,,,,,,MUAC<11.5 printed 5.4(3.7-7.7); Annex Table 29/30 p89 differs: MUAC<12.5 36.2 (29.6-43.3); MUAC<11.5 5.6
Gu 2011,2011,Gu,July 2011,report,Coastal Deeh,Northeast,rural,SMART,599.0,,17.4,13.8,21.6,4.2,2.7,6.4,10.4,7.3,14.5,2.3,0.78,0.57,1.35,1.15,0.58,2.25,raw/FSNAU-Nutrition-Technical-Series-Report-Post-Gu-2011-Analysis.pdf,63,raw/FSNAU-Nutrition-Technical-Series-Report-Post-Gu-2011-Analysis.pdf p63,True,1.0,transcribed/FSNAU-Nutrition-Technical-Series-Report-Post-Gu-2011-Analysis.csv,Coastal Deeh,,,,,,,Table 17 (p55) title mentions Coastal Deeh but does not show it; values from Table 20; MUAC<11.5 printed 2.3(1.3-4.2); Annex Table 29/30 p88 consistent
Gu 2011,2011,Gu,July 2011,report,Coastal Deeh,Central,rural,MUAC rapid,427.0,,,,,,,,16.9,,,5.4,,,,,,,raw/FSNAU-Nutrition-Technical-Series-Report-Post-Gu-2011-Analysis.pdf,57,raw/FSNAU-Nutrition-Technical-Series-Report-Post-Gu-2011-Analysis.pdf p57,True,1.0,transcribed/FSNAU-Nutrition-Technical-Series-Report-Post-Gu-2011-Analysis.csv,Coastal Deeh NE,17.4,4.2,,,,,MUAC-only rapid assessment (no anthropometric survey); oedema 1.4%. Different from the Northeast Coastal Deeh SMART survey (Table 20). MUAC<11.5 value 5.4; no CI
Gu 2011,2011,Gu,July 2011,report,Cowpea Belt,Central,rural,MUAC rapid,755.0,,,,,,,,12.5,,,4.9,,,,,,,raw/FSNAU-Nutrition-Technical-Series-Report-Post-Gu-2011-Analysis.pdf,57,raw/FSNAU-Nutrition-Technical-Series-Report-Post-Gu-2011-Analysis.pdf p57,True,1.0,transcribed/FSNAU-Nutrition-Technical-Series-Report-Post-Gu-2011-Analysis.csv,,,,,,,,MUAC-only rapid assessment (no anthropometric survey); oedema 1.2%. MUAC<11.5 value 4.9; no CI
Gu 2011,2011,Gu,July 2011,report,East Golis/Karakaar Livelihood Zone,,rural,SMART,727.0,,12.7,8.5,16.9,1.1,0.0,2.7,5.5,3.9,7.0,1.2,0.98,0.54,1.77,1.44,0.79,2.61,raw/FSNAU-Nutrition-Technical-Series-Report-Post-Gu-2011-Analysis.pdf,61,raw/FSNAU-Nutrition-Technical-Series-Report-Post-Gu-2011-Analysis.pdf p61,True,1.0,transcribed/FSNAU-Nutrition-Technical-Series-Report-Post-Gu-2011-Analysis.csv,E Golis (NE),12.7,1.1,,,,,"Same values as 'East Golis/Gebbi' in Table 24 p76 (N=726) and annex lists it twice (East Golis/Gebbi and East Golis/Karakaar, both N=726); recorded once, here as printed in Table 19; MUAC<11.5 printed 1.2(0.5-1.9); Annex Table 29/30 p88 differs: n=726"
Gu 2011,2011,Gu,July 2011,report,Gedo Agropastoral,,rural,SMART,834.0,,51.9,41.8,61.9,19.3,13.9,26.3,33.1,25.0,42.2,2.7,1.67,1.14,2.19,5.29,3.61,6.96,raw/FSNAU-Nutrition-Technical-Series-Report-Post-Gu-2011-Analysis.pdf,26,raw/FSNAU-Nutrition-Technical-Series-Report-Post-Gu-2011-Analysis.pdf p26,True,1.0,transcribed/FSNAU-Nutrition-Technical-Series-Report-Post-Gu-2011-Analysis.csv,North Gedo Agro pastoral,,,,,,,MUAC<11.5 printed 2.7(1.7-4.3); Annex Table 29/30 p87 differs: MUAC<11.5 5.8
Gu 2011,2011,Gu,July 2011,report,Gedo Pastoral,,rural,SMART,1093.0,,23.8,20.1,28.0,5.9,4.1,8.5,13.3,9.2,18.8,3.1,1.18,0.79,1.57,4.06,2.47,5.64,raw/FSNAU-Nutrition-Technical-Series-Report-Post-Gu-2011-Analysis.pdf,26,raw/FSNAU-Nutrition-Technical-Series-Report-Post-Gu-2011-Analysis.pdf p26,True,1.0,transcribed/FSNAU-Nutrition-Technical-Series-Report-Post-Gu-2011-Analysis.csv,North Gedo Pastoral,,,,,,,MUAC<11.5 printed 3.1(1.7-5.9); Annex Table 29/30 p87 differs: n=1078
Gu 2011,2011,Gu,August 2011,report,Gedo Pastoral,,rural,SMART,593.0,,32.9,27.9,38.3,17.7,14.4,21.6,19.3,15.3,24.0,8.4,,,,,,,raw/FSNAU-Nutrition-Technical-Series-Report-Post-Gu-2011-Analysis.pdf,27,raw/FSNAU-Nutrition-Technical-Series-Report-Post-Gu-2011-Analysis.pdf p27,True,1.0,transcribed/FSNAU-Nutrition-Technical-Series-Report-Post-Gu-2011-Analysis.csv,,,,,,,,No mortality results in Table 7 (annex Table 30 p89 says 'To be confirmed'); MUAC<11.5 printed 8.4(6.4-11.0); Annex Table 29/30 p89 differs: MUAC<12.5 19.3 (15.3-24.6)
Gu 2011,2011,Gu,July 2011,report,Gedo Riverine,,rural,SMART,642.0,,48.1,38.7,57.7,25.2,19.1,32.6,35.8,25.5,47.6,2.1,1.62,1.0,2.25,6.2,4.21,8.19,raw/FSNAU-Nutrition-Technical-Series-Report-Post-Gu-2011-Analysis.pdf,26,raw/FSNAU-Nutrition-Technical-Series-Report-Post-Gu-2011-Analysis.pdf p26,True,1.0,transcribed/FSNAU-Nutrition-Technical-Series-Report-Post-Gu-2011-Analysis.csv,North Gedo Riverine,,,,,,,MUAC<11.5 printed 2.1(1.4-3.4); Annex Table 29/30 p87 differs: CDR 1.57 (0.76-2.37); U5DR 5.81 (2.66-8.77); MUAC<11.5 7.3
Gu 2011,2011,Gu,July 2011,report,Hawd,Central and Northeast,rural,SMART,576.0,,14.4,10.9,18.8,3.8,2.4,6.0,5.9,3.9,8.9,1.6,0.91,0.6,1.37,2.12,1.19,3.77,raw/FSNAU-Nutrition-Technical-Series-Report-Post-Gu-2011-Analysis.pdf,55,raw/FSNAU-Nutrition-Technical-Series-Report-Post-Gu-2011-Analysis.pdf p55,True,1.0,transcribed/FSNAU-Nutrition-Technical-Series-Report-Post-Gu-2011-Analysis.csv,Hawd Central,14.4,3.8,,,,,Same survey repeated in Table 20 p63 (identical values); annex 'Hawd Pastoral' under Central Regions; MUAC<11.5 printed 1.6(0.7-3.5); Annex Table 29/30 p88 consistent
Gu 2011,2011,Gu,July 2011,report,Hiran Agro-pastoral,Hiran,rural,SMART,535.0,,43.2,37.7,48.9,16.3,13.4,19.6,24.2,19.9,29.1,5.8,1.5,0.9,2.1,4.24,2.83,5.65,raw/FSNAU-Nutrition-Technical-Series-Report-Post-Gu-2011-Analysis.pdf,52,raw/FSNAU-Nutrition-Technical-Series-Report-Post-Gu-2011-Analysis.pdf p52,True,1.0,transcribed/FSNAU-Nutrition-Technical-Series-Report-Post-Gu-2011-Analysis.csv,,,,,,,,Aug 2011 Hiran survey retracted; MUAC<11.5 printed 5.8(3.7-9.1); Annex Table 29/30 p87 differs: n=531; GAM 43.2 (37.7-49.8)
Gu 2011,2011,Gu,July 2011,report,Hiran Pastoral,Hiran,rural,SMART,444.0,,27.3,24.2,30.6,12.8,10.5,15.6,22.6,19.3,26.2,,1.53,1.07,1.98,3.67,2.38,4.97,raw/FSNAU-Nutrition-Technical-Series-Report-Post-Gu-2011-Analysis.pdf,51,raw/FSNAU-Nutrition-Technical-Series-Report-Post-Gu-2011-Analysis.pdf p51,True,1.0,transcribed/FSNAU-Nutrition-Technical-Series-Report-Post-Gu-2011-Analysis.csv,,,,,,,,MUAC<11.5 left blank in Table 15 (annex p87 gives 6.2 (4.7-8.1)); Aug 2011 Hiran survey retracted; Annex Table 29/30 p87 differs: CDR 1.76 (1.22-2.3); U5DR 4.41 (3.28-5.53); MUAC<12.5 22.8 (19.5-26.4); MUAC<11.5 6.2 (4.7-8.1)
Gu 2011,2011,Gu,July 2011,report,Hiran Riverine,Hiran,rural,SMART,570.0,,20.7,18.4,23.2,9.1,7.2,11.5,21.0,18.5,23.8,,1.37,1.04,1.71,4.13,2.95,5.31,raw/FSNAU-Nutrition-Technical-Series-Report-Post-Gu-2011-Analysis.pdf,51,raw/FSNAU-Nutrition-Technical-Series-Report-Post-Gu-2011-Analysis.pdf p51,True,1.0,transcribed/FSNAU-Nutrition-Technical-Series-Report-Post-Gu-2011-Analysis.csv,,,,,,,,MUAC<11.5 left blank in Table 15 (annex p87 gives 8.6 (6.8-10.9)); Aug 2011 Hiran survey retracted; Annex Table 29/30 p87 differs: U5DR 5.81 (2.66-8.97); MUAC<11.5 8.6 (6.8-10.9)
Gu 2011,2011,Gu,July 2011,report,Juba Agro pastoral,Middle and Lower Juba,rural,SMART,824.0,,38.9,34.8,43.1,17.2,14.0,20.9,30.9,26.1,36.2,6.0,1.13,0.51,1.75,4.2,3.06,5.33,raw/FSNAU-Nutrition-Technical-Series-Report-Post-Gu-2011-Analysis.pdf,32,raw/FSNAU-Nutrition-Technical-Series-Report-Post-Gu-2011-Analysis.pdf p32,True,1.0,transcribed/FSNAU-Nutrition-Technical-Series-Report-Post-Gu-2011-Analysis.csv,Juba Agropastoral,,,,,,,MUAC<11.5 printed 6.0(4.3-8.2); Annex Table 29/30 p87 differs: n=825; CDR 1.12 (0.80-1.45); U5DR 4.11 (2.80-5.43); MUAC<11.5 13.2
Gu 2011,2011,Gu,August 2011,report,Juba Agro pastoral,Middle and Lower Juba,rural,SMART,561.0,,34.4,29.9,39.3,14.2,11.5,17.4,22.1,19.1,25.4,4.3,1.82,1.23,2.41,4.6,2.87,6.37,raw/FSNAU-Nutrition-Technical-Series-Report-Post-Gu-2011-Analysis.pdf,33,raw/FSNAU-Nutrition-Technical-Series-Report-Post-Gu-2011-Analysis.pdf p33,True,1.0,transcribed/FSNAU-Nutrition-Technical-Series-Report-Post-Gu-2011-Analysis.csv,,,,,,,,MUAC<11.5 printed 4.3(2.8-6.4); Annex Table 29/30 p89 differs: n=544; GAM 34.4 (29.8-39.2); U5DR 4.62 (2.87-6.37); MUAC<11.5 5.7
Gu 2011,2011,Gu,July 2011,report,Juba Pastoral,Middle and Lower Juba,rural,SMART,866.0,,39.5,35.9,43.2,18.7,15.8,21.9,26.7,22.9,30.9,4.0,1.25,0.68,1.81,4.33,3.23,5.43,raw/FSNAU-Nutrition-Technical-Series-Report-Post-Gu-2011-Analysis.pdf,32,raw/FSNAU-Nutrition-Technical-Series-Report-Post-Gu-2011-Analysis.pdf p32,True,1.0,transcribed/FSNAU-Nutrition-Technical-Series-Report-Post-Gu-2011-Analysis.csv,Juba Pastoral,26.1,,,,,,"SAM CI printed '(15.8-21.98.5)' (typo, read 15.8-21.9); MUAC<11.5 printed 4.0(2.8-5.8); Annex Table 29/30 p87 differs: n=868; MUAC<12.5 26.1 (22.2-30.5); MUAC<11.5 7.00"
Gu 2011,2011,Gu,August 2011,report,Juba Pastoral,Middle and Lower Juba,rural,SMART,523.0,,37.1,27.9,35.9,13.4,10.7,16.6,30.8,27.1,34.7,4.4,1.25,0.77,1.73,2.61,1.32,3.88,raw/FSNAU-Nutrition-Technical-Series-Report-Post-Gu-2011-Analysis.pdf,33,raw/FSNAU-Nutrition-Technical-Series-Report-Post-Gu-2011-Analysis.pdf p33,True,1.0,transcribed/FSNAU-Nutrition-Technical-Series-Report-Post-Gu-2011-Analysis.csv,,,,,,,,GAM printed '37.1(27.9-35.9)': estimate lies outside its own CI (apparent typo; annex gives 31.2 (26.1-36.7)); MUAC<11.5 printed 4.4(3.0-6.4); Annex Table 29/30 p89 differs: GAM 31.2 (26.1-36.7); SAM 12.8 (9.9-16.4); MUAC<12.5 30.1 (24.7-36.1); MUAC<11.5 7.4
Gu 2011,2011,Gu,July 2011,report,Juba Riverine,Middle and Lower Juba,rural,SMART,868.0,,45.9,41.5,50.3,21.9,18.9,25.2,33.8,28.3,39.8,5.4,1.18,0.5,1.82,4.76,3.38,6.14,raw/FSNAU-Nutrition-Technical-Series-Report-Post-Gu-2011-Analysis.pdf,32,raw/FSNAU-Nutrition-Technical-Series-Report-Post-Gu-2011-Analysis.pdf p32,True,1.0,transcribed/FSNAU-Nutrition-Technical-Series-Report-Post-Gu-2011-Analysis.csv,Juba Riverine,34.5,,,,,,MUAC<11.5 printed 5.4(3.7-7.8); Annex Table 29/30 p87 differs: CDR 1.18 (0.84-1.52); U5DR 4.66 (3.17-6.15); MUAC<11.5 11.5
Gu 2011,2011,Gu,August 2011,report,Juba Riverine,Middle and Lower Juba,rural,SMART,591.0,,39.6,35.4,43.9,19.0,15.7,22.7,29.3,24.8,34.2,9.5,1.76,1.2,2.32,4.22,2.56,5.87,raw/FSNAU-Nutrition-Technical-Series-Report-Post-Gu-2011-Analysis.pdf,33,raw/FSNAU-Nutrition-Technical-Series-Report-Post-Gu-2011-Analysis.pdf p33,True,1.0,transcribed/FSNAU-Nutrition-Technical-Series-Report-Post-Gu-2011-Analysis.csv,,,,,,,,MUAC<11.5 printed 9.5(7.3-12.4); Annex Table 29/30 p89 differs: MUAC<11.5 14.1
Gu 2011,2011,Gu,July 2011,report,L. Shabelle Agro-pastoral,Lower Shabelle,rural,SMART,799.0,,40.6,34.6,46.8,20.9,16.2,26.5,37.8,31.9,44.1,12.2,4.21,2.89,5.53,12.48,9.14,15.81,raw/FSNAU-Nutrition-Technical-Series-Report-Post-Gu-2011-Analysis.pdf,44,raw/FSNAU-Nutrition-Technical-Series-Report-Post-Gu-2011-Analysis.pdf p44,True,1.0,transcribed/FSNAU-Nutrition-Technical-Series-Report-Post-Gu-2011-Analysis.csv,Lower Shabelle-Agropastoral,,,,,,,MUAC<11.5 printed 12.2(7.7-18.9); Annex Table 29/30 p87 differs: CDR 4.21 (3.1-5.46); U5DR 12.8 (9.14-15.81)
Gu 2011,2011,Gu,July 2011,report,L. Shabelle Riverine,Lower Shabelle,rural,SMART,804.0,,28.7,24.4,33.5,14.2,11.6,17.3,36.0,30.3,42.1,14.4,5.93,4.28,7.57,18.64,13.05,24.22,raw/FSNAU-Nutrition-Technical-Series-Report-Post-Gu-2011-Analysis.pdf,44,raw/FSNAU-Nutrition-Technical-Series-Report-Post-Gu-2011-Analysis.pdf p44,True,1.0,transcribed/FSNAU-Nutrition-Technical-Series-Report-Post-Gu-2011-Analysis.csv,Lower Shabelle-Riverine,,,,,,,MUAC<11.5 printed 14.4(11.3-18.2); Annex Table 29/30 p87 consistent
Gu 2011,2011,Gu,July 2011,report,M. Shabelle Agro-pastoral,Middle Shabelle,rural,SMART,689.0,,35.3,24.9,47.3,17.1,10.3,27.1,31.3,25.8,37.5,11.8,2.28,1.71,2.86,6.84,4.91,8.76,raw/FSNAU-Nutrition-Technical-Series-Report-Post-Gu-2011-Analysis.pdf,43,raw/FSNAU-Nutrition-Technical-Series-Report-Post-Gu-2011-Analysis.pdf p43,True,1.0,transcribed/FSNAU-Nutrition-Technical-Series-Report-Post-Gu-2011-Analysis.csv,Middle Shabelle Agropastoral,,,,,,,MUAC<11.5 printed 11.8(8.2-16.5); Annex Table 29/30 p87 differs: n=590; MUAC<12.5 29.0 (24.3-34.3); MUAC<11.5 9.8
Gu 2011,2011,Gu,July 2011,report,M. Shabelle Riverine,Middle Shabelle,rural,SMART,746.0,,19.6,16.4,23.2,8.2,5.7,11.6,22.6,17.1,29.2,8.4,1.71,1.1,3.2,5.19,2.96,7.41,raw/FSNAU-Nutrition-Technical-Series-Report-Post-Gu-2011-Analysis.pdf,43,raw/FSNAU-Nutrition-Technical-Series-Report-Post-Gu-2011-Analysis.pdf p43,True,1.0,transcribed/FSNAU-Nutrition-Technical-Series-Report-Post-Gu-2011-Analysis.csv,Middle Shabelle Riverine,,,,,,,MUAC<11.5 printed 8.4(4.9-13.9); Annex Table 29/30 p87 differs: MUAC<12.5 22.6 (19.7-25.8)
Gu 2011,2011,Gu,July 2011,report,Nugal Valley,,rural,SMART,582.0,,23.2,18.2,28.1,6.7,4.4,10.0,11.5,9.1,14.5,2.9,0.34,0.14,0.82,0.63,0.17,2.29,raw/FSNAU-Nutrition-Technical-Series-Report-Post-Gu-2011-Analysis.pdf,74,raw/FSNAU-Nutrition-Technical-Series-Report-Post-Gu-2011-Analysis.pdf p74,True,1.0,transcribed/FSNAU-Nutrition-Technical-Series-Report-Post-Gu-2011-Analysis.csv,Nugal Valley,23.2,6.7,,,,,"Also in Table 19 p61 (N=582) which prints GAM 23.2 (18.9-28.20), SAM 6.7 (4.4-9.6), MUAC<12.5 11.5 (9.6-13.8), MUAC<11.5 2.9 (1.7-4.9); text p10 prints GAM CI 18.5-28.1; MUAC<11.5 printed 2.9(1.6-5.3); Annex Table 29/30 p88 differs: GAM 23.2 (18.5-28.1)"
Gu 2011,2011,Gu,July 2011,report,Sool plateau,,rural,SMART,629.0,,15.9,13.6,18.4,4.0,2.9,5.4,10.0,7.1,14.0,3.3,0.39,0.21,0.74,0.41,0.13,1.3,raw/FSNAU-Nutrition-Technical-Series-Report-Post-Gu-2011-Analysis.pdf,74,raw/FSNAU-Nutrition-Technical-Series-Report-Post-Gu-2011-Analysis.pdf p74,True,1.0,transcribed/FSNAU-Nutrition-Technical-Series-Report-Post-Gu-2011-Analysis.csv,Sool Plateau,15.9,4.0,,,,,Also in Table 19 p61 with identical values; MUAC<11.5 printed 3.3(1.9-5.7); Annex Table 29/30 p88 consistent
Gu 2011,2011,Gu,July 2011,report,The Hawd Livelihood Zone,,rural,SMART,614.0,,6.2,4.3,8.8,0.3,0.1,1.4,6.0,3.4,10.3,1.7,0.35,0.19,0.62,1.22,0.6,2.44,raw/FSNAU-Nutrition-Technical-Series-Report-Post-Gu-2011-Analysis.pdf,76,raw/FSNAU-Nutrition-Technical-Series-Report-Post-Gu-2011-Analysis.pdf p76,True,1.0,transcribed/FSNAU-Nutrition-Technical-Series-Report-Post-Gu-2011-Analysis.csv,NW Hawd,,,,,,,Northwest Hawd (annex lists it under North West); distinct from Central 'Hawd' (Table 17); MUAC<11.5 printed 1.7(0.7-3.6); Annex Table 29/30 p88 consistent
Gu 2011,2011,Gu,July 2011,report,West Golis/Guban,,rural,SMART,844.0,,22.0,18.9,25.4,5.0,3.4,7.5,7.0,4.2,11.3,2.3,0.77,0.43,1.37,0.91,0.39,2.09,raw/FSNAU-Nutrition-Technical-Series-Report-Post-Gu-2011-Analysis.pdf,74,raw/FSNAU-Nutrition-Technical-Series-Report-Post-Gu-2011-Analysis.pdf p74,True,1.0,transcribed/FSNAU-Nutrition-Technical-Series-Report-Post-Gu-2011-Analysis.csv,West Golis /Guban Pastoral LZ,22.0,5.0,,,,,Table 23 header is West Golis/Guban; Table 1 timeline: West Golis/Guban pastoral; MUAC<11.5 printed 2.3(0.9-5.3); Annex Table 29/30 p88 differs: SAM 5.0 (3.4-7.4)
Gu 2011,2011,Gu,,,Abudwaq,,urban,MUAC rapid,125.0,,,,,,,,28.0,,,9.0,,,,,,,raw/FSNAU-Nutrition-Technical-Series-Report-Post-Gu-2011-Analysis.pdf,84,raw/FSNAU-Nutrition-Technical-Series-Report-Post-Gu-2011-Analysis.pdf p84,True,1.0,transcribed/FSNAU-Nutrition-Technical-Series-Report-Post-Gu-2011-Analysis.csv,,,,,,,,Rapid urban MUAC assessment (purposive sampling); fieldwork month not stated; No CI given;
Gu 2011,2011,Gu,,,Afgoye,,urban,MUAC rapid,110.0,,,,,,,,30.0,21.3,38.7,1.8,,,,,,,raw/FSNAU-Nutrition-Technical-Series-Report-Post-Gu-2011-Analysis.pdf,84,raw/FSNAU-Nutrition-Technical-Series-Report-Post-Gu-2011-Analysis.pdf p84,True,1.0,transcribed/FSNAU-Nutrition-Technical-Series-Report-Post-Gu-2011-Analysis.csv,,,,,,,,"Rapid urban MUAC assessment (purposive sampling); fieldwork month not stated; Listed under heading 'HIRAN, SHABELLE, GEDO NUTRITION SITUATION'; urban centre, distinct from Afgoye IDPs; MUAC<11.5 printed 1.8(0.0-4.4);"
Gu 2011,2011,Gu,,,Afmadow,,urban,MUAC rapid,110.0,,,,,,,,15.0,,,6.0,,,,,,,raw/FSNAU-Nutrition-Technical-Series-Report-Post-Gu-2011-Analysis.pdf,84,raw/FSNAU-Nutrition-Technical-Series-Report-Post-Gu-2011-Analysis.pdf p84,True,1.0,transcribed/FSNAU-Nutrition-Technical-Series-Report-Post-Gu-2011-Analysis.csv,,,,,,,,Rapid urban MUAC assessment (purposive sampling); fieldwork month not stated; No CI given;
Gu 2011,2011,Gu,End of May-June 2011,report,Awdal,North West,urban,SMART,508.0,,13.8,10.7,17.6,1.2,0.6,2.5,3.3,2.2,5.0,0.2,,,,,,,raw/FSNAU-Nutrition-Technical-Series-Report-Post-Gu-2011-Analysis.pdf,83,raw/FSNAU-Nutrition-Technical-Series-Report-Post-Gu-2011-Analysis.pdf p83,True,1.0,transcribed/FSNAU-Nutrition-Technical-Series-Report-Post-Gu-2011-Analysis.csv,Awdal & Galbeed,,,,,,,Regional urban SMART survey (weight-for-height); region heading as printed; fieldwork month from Table 1 timeline p10; no mortality in table; MUAC<11.5 printed 0.2(0.0-1.5)
Gu 2011,2011,Gu,,,Baidoa,,urban,MUAC rapid,220.0,,,,,,,,23.6,13.2,32.2,6.8,,,,,,,raw/FSNAU-Nutrition-Technical-Series-Report-Post-Gu-2011-Analysis.pdf,84,raw/FSNAU-Nutrition-Technical-Series-Report-Post-Gu-2011-Analysis.pdf p84,True,1.0,transcribed/FSNAU-Nutrition-Technical-Series-Report-Post-Gu-2011-Analysis.csv,,,,,,,,Rapid urban MUAC assessment (purposive sampling); fieldwork month not stated;  MUAC<11.5 printed 6.8(3.4-11.2);
Gu 2011,2011,Gu,,,Bardera,,urban,MUAC rapid,110.0,,,,,,,,23.3,17.9,29.5,2.7,,,,,,,raw/FSNAU-Nutrition-Technical-Series-Report-Post-Gu-2011-Analysis.pdf,84,raw/FSNAU-Nutrition-Technical-Series-Report-Post-Gu-2011-Analysis.pdf p84,True,1.0,transcribed/FSNAU-Nutrition-Technical-Series-Report-Post-Gu-2011-Analysis.csv,,,,,,,,"Rapid urban MUAC assessment (purposive sampling); fieldwork month not stated; Listed under heading 'HIRAN, SHABELLE, GEDO NUTRITION SITUATION'; MUAC<11.5 printed 2.7(1.0-5.9);"
Gu 2011,2011,Gu,July 2011,report,Bari,North East - Central,urban,SMART,609.0,,17.7,14.5,21.5,5.3,3.5,7.8,6.7,4.6,9.7,1.6,,,,,,,raw/FSNAU-Nutrition-Technical-Series-Report-Post-Gu-2011-Analysis.pdf,83,raw/FSNAU-Nutrition-Technical-Series-Report-Post-Gu-2011-Analysis.pdf p83,True,1.0,transcribed/FSNAU-Nutrition-Technical-Series-Report-Post-Gu-2011-Analysis.csv,,,,,,,,Regional urban SMART survey (weight-for-height); region heading as printed; fieldwork month from Table 1 timeline p10; no mortality in table; MUAC<11.5 printed 1.6(0.6-4.2)
Gu 2011,2011,Gu,,,Belet hawa,,urban,MUAC rapid,110.0,,,,,,,,23.4,15.9,32.4,4.5,,,,,,,raw/FSNAU-Nutrition-Technical-Series-Report-Post-Gu-2011-Analysis.pdf,84,raw/FSNAU-Nutrition-Technical-Series-Report-Post-Gu-2011-Analysis.pdf p84,True,1.0,transcribed/FSNAU-Nutrition-Technical-Series-Report-Post-Gu-2011-Analysis.csv,,,,,,,,"Rapid urban MUAC assessment (purposive sampling); fieldwork month not stated; Listed under heading 'HIRAN, SHABELLE, GEDO NUTRITION SITUATION'; MUAC<11.5 printed 4.5(1.5-10.2);"
Gu 2011,2011,Gu,,,Beletweyn,,urban,MUAC rapid,220.0,,,,,,,,25.0,19.23,30.77,10.0,,,,,,,raw/FSNAU-Nutrition-Technical-Series-Report-Post-Gu-2011-Analysis.pdf,84,raw/FSNAU-Nutrition-Technical-Series-Report-Post-Gu-2011-Analysis.pdf p84,True,1.0,transcribed/FSNAU-Nutrition-Technical-Series-Report-Post-Gu-2011-Analysis.csv,Beletweyne,,,,,,,"Rapid urban MUAC assessment (purposive sampling); fieldwork month not stated; Listed under heading 'HIRAN, SHABELLE, GEDO NUTRITION SITUATION'; MUAC<11.5 printed 10(6.0-14.0);"
Gu 2011,2011,Gu,,,Buale,,urban,MUAC rapid,110.0,,,,,,,,19.0,,,4.0,,,,,,,raw/FSNAU-Nutrition-Technical-Series-Report-Post-Gu-2011-Analysis.pdf,84,raw/FSNAU-Nutrition-Technical-Series-Report-Post-Gu-2011-Analysis.pdf p84,True,1.0,transcribed/FSNAU-Nutrition-Technical-Series-Report-Post-Gu-2011-Analysis.csv,,,,,,,,Rapid urban MUAC assessment (purposive sampling); fieldwork month not stated; No CI given;
Gu 2011,2011,Gu,,,Bulo burti,,urban,MUAC rapid,220.0,,,,,,,,26.4,20.7,32.7,10.0,,,,,,,raw/FSNAU-Nutrition-Technical-Series-Report-Post-Gu-2011-Analysis.pdf,84,raw/FSNAU-Nutrition-Technical-Series-Report-Post-Gu-2011-Analysis.pdf p84,True,1.0,transcribed/FSNAU-Nutrition-Technical-Series-Report-Post-Gu-2011-Analysis.csv,,,,,,,,"Rapid urban MUAC assessment (purposive sampling); fieldwork month not stated; Listed under heading 'HIRAN, SHABELLE, GEDO NUTRITION SITUATION'; MUAC<12.5 CI printed '(20.7-32.7' missing bracket; MUAC<11.5 printed 10.0(6.4-14.7);"
Gu 2011,2011,Gu,,,Dinsor,,urban,MUAC rapid,250.0,,,,,,,,22.0,18.2,29.4,6.0,,,,,,,raw/FSNAU-Nutrition-Technical-Series-Report-Post-Gu-2011-Analysis.pdf,84,raw/FSNAU-Nutrition-Technical-Series-Report-Post-Gu-2011-Analysis.pdf p84,True,1.0,transcribed/FSNAU-Nutrition-Technical-Series-Report-Post-Gu-2011-Analysis.csv,,,,,,,,Rapid urban MUAC assessment (purposive sampling); fieldwork month not stated;  MUAC<11.5 printed 6(3.1-10.1);
Gu 2011,2011,Gu,,,Dobley,,urban,MUAC rapid,110.0,,,,,,,,14.0,,,5.0,,,,,,,raw/FSNAU-Nutrition-Technical-Series-Report-Post-Gu-2011-Analysis.pdf,84,raw/FSNAU-Nutrition-Technical-Series-Report-Post-Gu-2011-Analysis.pdf p84,True,1.0,transcribed/FSNAU-Nutrition-Technical-Series-Report-Post-Gu-2011-Analysis.csv,,,,,,,,Rapid urban MUAC assessment (purposive sampling); fieldwork month not stated; No CI given;
Gu 2011,2011,Gu,,,Elberde,,urban,MUAC rapid,223.0,,,,,,,,17.5,13.0,23.1,6.3,,,,,,,raw/FSNAU-Nutrition-Technical-Series-Report-Post-Gu-2011-Analysis.pdf,84,raw/FSNAU-Nutrition-Technical-Series-Report-Post-Gu-2011-Analysis.pdf p84,True,1.0,transcribed/FSNAU-Nutrition-Technical-Series-Report-Post-Gu-2011-Analysis.csv,,,,,,,,Rapid urban MUAC assessment (purposive sampling); fieldwork month not stated;  MUAC<11.5 printed 6.3(3.6-10.6);
Gu 2011,2011,Gu,,,Huddur,,urban,MUAC rapid,220.0,,,,,,,,10.9,7.4,15.8,2.7,,,,,,,raw/FSNAU-Nutrition-Technical-Series-Report-Post-Gu-2011-Analysis.pdf,84,raw/FSNAU-Nutrition-Technical-Series-Report-Post-Gu-2011-Analysis.pdf p84,True,1.0,transcribed/FSNAU-Nutrition-Technical-Series-Report-Post-Gu-2011-Analysis.csv,,,,,,,,Rapid urban MUAC assessment (purposive sampling); fieldwork month not stated;  MUAC<11.5 printed 2.7(1.2-5.9);
Gu 2011,2011,Gu,,,Jalaqsi,,urban,MUAC rapid,220.0,,,,,,,,24.1,18.6,30.3,10.5,,,,,,,raw/FSNAU-Nutrition-Technical-Series-Report-Post-Gu-2011-Analysis.pdf,84,raw/FSNAU-Nutrition-Technical-Series-Report-Post-Gu-2011-Analysis.pdf p84,True,1.0,transcribed/FSNAU-Nutrition-Technical-Series-Report-Post-Gu-2011-Analysis.csv,,,,,,,,"Rapid urban MUAC assessment (purposive sampling); fieldwork month not stated; Listed under heading 'HIRAN, SHABELLE, GEDO NUTRITION SITUATION'; MUAC<11.5 printed 10.5(6.7-15.3);"
Gu 2011,2011,Gu,,,Jamame,,urban,MUAC rapid,110.0,,,,,,,,12.0,,,4.0,,,,,,,raw/FSNAU-Nutrition-Technical-Series-Report-Post-Gu-2011-Analysis.pdf,84,raw/FSNAU-Nutrition-Technical-Series-Report-Post-Gu-2011-Analysis.pdf p84,True,1.0,transcribed/FSNAU-Nutrition-Technical-Series-Report-Post-Gu-2011-Analysis.csv,,,,,,,,Rapid urban MUAC assessment (purposive sampling); fieldwork month not stated; No CI given;
Gu 2011,2011,Gu,,,Jowhar,,urban,MUAC rapid,110.0,,,,,,,,21.8,14.0,29.7,5.5,,,,,,,raw/FSNAU-Nutrition-Technical-Series-Report-Post-Gu-2011-Analysis.pdf,84,raw/FSNAU-Nutrition-Technical-Series-Report-Post-Gu-2011-Analysis.pdf p84,True,1.0,transcribed/FSNAU-Nutrition-Technical-Series-Report-Post-Gu-2011-Analysis.csv,,,,,,,,"Rapid urban MUAC assessment (purposive sampling); fieldwork month not stated; Listed under heading 'HIRAN, SHABELLE, GEDO NUTRITION SITUATION'; MUAC<11.5 printed 5.5(1.1-9.8);"
Gu 2011,2011,Gu,,,Luuq,,urban,MUAC rapid,110.0,,,,,,,,20.7,13.6,29.5,4.5,,,,,,,raw/FSNAU-Nutrition-Technical-Series-Report-Post-Gu-2011-Analysis.pdf,84,raw/FSNAU-Nutrition-Technical-Series-Report-Post-Gu-2011-Analysis.pdf p84,True,1.0,transcribed/FSNAU-Nutrition-Technical-Series-Report-Post-Gu-2011-Analysis.csv,,,,,,,,"Rapid urban MUAC assessment (purposive sampling); fieldwork month not stated; Listed under heading 'HIRAN, SHABELLE, GEDO NUTRITION SITUATION'; MUAC<11.5 printed 4.5(1.5-10.2);"
Gu 2011,2011,Gu,April 2011,report,Mogadishu Town,Mogadishu,urban,SMART,902.0,,15.2,10.9,20.7,1.7,0.9,3.1,12.2,8.3,16.1,2.3,1.81,1.38,2.37,2.2,1.41,3.48,raw/FSNAU-Nutrition-Technical-Series-Report-Post-Gu-2011-Analysis.pdf,46,raw/FSNAU-Nutrition-Technical-Series-Report-Post-Gu-2011-Analysis.pdf p46,True,1.0,transcribed/FSNAU-Nutrition-Technical-Series-Report-Post-Gu-2011-Analysis.csv,Mogadishu Town,45.6,23.0,,,,,Not in annex Table 29/30; MUAC<11.5 printed 2.3(1.1-3.6)
Gu 2011,2011,Gu,July 2011,report,Mudug,North East - Central,urban,SMART,562.0,,15.5,12.2,19.4,3.7,1.2,6.2,7.5,5.0,10.9,2.5,,,,,,,raw/FSNAU-Nutrition-Technical-Series-Report-Post-Gu-2011-Analysis.pdf,83,raw/FSNAU-Nutrition-Technical-Series-Report-Post-Gu-2011-Analysis.pdf p83,True,1.0,transcribed/FSNAU-Nutrition-Technical-Series-Report-Post-Gu-2011-Analysis.csv,,,,,,,,Regional urban SMART survey (weight-for-height); region heading as printed; fieldwork month from Table 1 timeline p10; no mortality in table; MUAC<11.5 printed 2.5(1.2-5.0)
Gu 2011,2011,Gu,July 2011,report,Nugal,North East - Central,urban,SMART,657.0,,15.4,12.4,19.2,2.0,1.1,3.4,8.8,6.0,12.8,3.3,,,,,,,raw/FSNAU-Nutrition-Technical-Series-Report-Post-Gu-2011-Analysis.pdf,83,raw/FSNAU-Nutrition-Technical-Series-Report-Post-Gu-2011-Analysis.pdf p83,True,1.0,transcribed/FSNAU-Nutrition-Technical-Series-Report-Post-Gu-2011-Analysis.csv,,,,,,,,Regional urban SMART survey (weight-for-height); region heading as printed; fieldwork month from Table 1 timeline p10; no mortality in table; MUAC<11.5 printed 3.3(1.9-5.8)
Gu 2011,2011,Gu,,,Qanshadhere,,urban,MUAC rapid,221.0,,,,,,,,31.7,26.1,37.5,6.8,,,,,,,raw/FSNAU-Nutrition-Technical-Series-Report-Post-Gu-2011-Analysis.pdf,84,raw/FSNAU-Nutrition-Technical-Series-Report-Post-Gu-2011-Analysis.pdf p84,True,1.0,transcribed/FSNAU-Nutrition-Technical-Series-Report-Post-Gu-2011-Analysis.csv,,,,,,,,Rapid urban MUAC assessment (purposive sampling); fieldwork month not stated;  MUAC<11.5 printed 6.8(3.6-12.8);
Gu 2011,2011,Gu,,,Qoryoley,,urban,MUAC rapid,111.0,,,,,,,,52.25,45.1,9.4,19.82,,,,,,,raw/FSNAU-Nutrition-Technical-Series-Report-Post-Gu-2011-Analysis.pdf,84,raw/FSNAU-Nutrition-Technical-Series-Report-Post-Gu-2011-Analysis.pdf p84,True,1.0,transcribed/FSNAU-Nutrition-Technical-Series-Report-Post-Gu-2011-Analysis.csv,,,,,,,,"Rapid urban MUAC assessment (purposive sampling); fieldwork month not stated; Listed under heading 'HIRAN, SHABELLE, GEDO NUTRITION SITUATION'; MUAC<12.5 CI printed '(45.1-9.4)' (apparent typo, upper bound below estimate); MUAC<11.5 printed 19.82(12.4-27.2);"
Gu 2011,2011,Gu,,,Sakow,,urban,MUAC rapid,110.0,,,,,,,,17.0,,,5.0,,,,,,,raw/FSNAU-Nutrition-Technical-Series-Report-Post-Gu-2011-Analysis.pdf,84,raw/FSNAU-Nutrition-Technical-Series-Report-Post-Gu-2011-Analysis.pdf p84,True,1.0,transcribed/FSNAU-Nutrition-Technical-Series-Report-Post-Gu-2011-Analysis.csv,,,,,,,,Rapid urban MUAC assessment (purposive sampling); fieldwork month not stated; No CI given;
Gu 2011,2011,Gu,July 2011,report,Sanaag,North West,urban,SMART,548.0,,7.1,5.2,9.6,1.3,0.6,2.6,4.2,2.8,6.2,0.9,,,,,,,raw/FSNAU-Nutrition-Technical-Series-Report-Post-Gu-2011-Analysis.pdf,83,raw/FSNAU-Nutrition-Technical-Series-Report-Post-Gu-2011-Analysis.pdf p83,True,1.0,transcribed/FSNAU-Nutrition-Technical-Series-Report-Post-Gu-2011-Analysis.csv,,,,,,,,Regional urban SMART survey (weight-for-height); region heading as printed; fieldwork month from Table 1 timeline p10; no mortality in table; MUAC<11.5 printed 0.9(0.4-2.1)
Gu 2011,2011,Gu,July 2011,report,Sool,North West,urban,SMART,525.0,,12.4,8.8,16.0,3.0,1.6,4.5,9.7,6.0,15.3,2.5,,,,,,,raw/FSNAU-Nutrition-Technical-Series-Report-Post-Gu-2011-Analysis.pdf,83,raw/FSNAU-Nutrition-Technical-Series-Report-Post-Gu-2011-Analysis.pdf p83,True,1.0,transcribed/FSNAU-Nutrition-Technical-Series-Report-Post-Gu-2011-Analysis.csv,,,,,,,,Regional urban SMART survey (weight-for-height); region heading as printed; fieldwork month from Table 1 timeline p10; no mortality in table; MUAC<11.5 printed 2.5(1.2-4.9)
Gu 2011,2011,Gu,,,Teiglow,,urban,MUAC rapid,225.0,,,,,,,,15.6,11.4,20.9,4.4,,,,,,,raw/FSNAU-Nutrition-Technical-Series-Report-Post-Gu-2011-Analysis.pdf,84,raw/FSNAU-Nutrition-Technical-Series-Report-Post-Gu-2011-Analysis.pdf p84,True,1.0,transcribed/FSNAU-Nutrition-Technical-Series-Report-Post-Gu-2011-Analysis.csv,,,,,,,,Rapid urban MUAC assessment (purposive sampling); fieldwork month not stated;  MUAC<11.5 printed 4.4(2.1-7.5);
Gu 2011,2011,Gu,End of May-June 2011,report,Togdheer,North West,urban,SMART,549.0,,9.7,6.8,13.5,1.1,0.5,2.3,3.6,2.4,5.3,0.7,,,,,,,raw/FSNAU-Nutrition-Technical-Series-Report-Post-Gu-2011-Analysis.pdf,83,raw/FSNAU-Nutrition-Technical-Series-Report-Post-Gu-2011-Analysis.pdf p83,True,1.0,transcribed/FSNAU-Nutrition-Technical-Series-Report-Post-Gu-2011-Analysis.csv,,,,,,,,Regional urban SMART survey (weight-for-height); region heading as printed; fieldwork month from Table 1 timeline p10; no mortality in table; MUAC<11.5 printed 0.7(0.3-1.9)
Gu 2011,2011,Gu,End of May-June 2011,report,W. Galbeed,North West,urban,SMART,518.0,,7.5,5.2,10.8,1.0,0.3,2.8,2.3,1.2,4.2,0.4,,,,,,,raw/FSNAU-Nutrition-Technical-Series-Report-Post-Gu-2011-Analysis.pdf,83,raw/FSNAU-Nutrition-Technical-Series-Report-Post-Gu-2011-Analysis.pdf p83,True,1.0,transcribed/FSNAU-Nutrition-Technical-Series-Report-Post-Gu-2011-Analysis.csv,,,,,,,,Regional urban SMART survey (weight-for-height); region heading as printed; fieldwork month from Table 1 timeline p10; no mortality in table; MUAC<11.5 printed 0.4(0.1-1.6)
Gu 2011,2011,Gu,,,Wajid,,urban,MUAC rapid,228.0,,,,,,,,15.8,11.5,21.2,5.3,,,,,,,raw/FSNAU-Nutrition-Technical-Series-Report-Post-Gu-2011-Analysis.pdf,84,raw/FSNAU-Nutrition-Technical-Series-Report-Post-Gu-2011-Analysis.pdf p84,True,1.0,transcribed/FSNAU-Nutrition-Technical-Series-Report-Post-Gu-2011-Analysis.csv,,,,,,,,Rapid urban MUAC assessment (purposive sampling); fieldwork month not stated;  MUAC<11.5 printed 5.3(2.9-9.4);
Deyr 2011/12,2011,Deyr,November 2011,report,Berbera IDPs,,IDP,SMART,610.0,,18.0,,,3.1,,,6.6,,,0.8,0.37,0.18,0.76,1.27,0.55,2.95,raw/FSNAU-Post-Deyr-2011-12-Nutrition-Technical-Report.pdf,73,raw/FSNAU-Post-Deyr-2011-12-Nutrition-Technical-Report.pdf p73,True,1.0,transcribed/FSNAU-Post-Deyr-2011-12-Nutrition-Technical-Report.csv,Berbera IDPs,18.0,3.1,,,,,"No CI for GAM, SAM or MUAC in table; text p62 describes an exhaustive survey in Berbera IDPs."
Deyr 2011/12,2011,Deyr,Oct-Nov 2011,report,Bossaso IDPs,,IDP,SMART,889.0,,24.1,21.3,27.2,7.2,6.0,8.7,14.9,11.9,18.5,3.0,0.68,0.44,1.07,1.51,0.84,2.72,raw/FSNAU-Post-Deyr-2011-12-Nutrition-Technical-Report.pdf,62,raw/FSNAU-Post-Deyr-2011-12-Nutrition-Technical-Report.pdf p62,True,1.0,transcribed/FSNAU-Post-Deyr-2011-12-Nutrition-Technical-Report.csv,Bossaso IDPs,24.1,7.2,,,,,"Fieldwork per caption; text p57 says December 2011. MUAC<11.5 value printed '3.0(2.3-5.6)' (CI recorded not as separate column). Annex Table 26 (pp 79-80) gives N=899, date Nov 2011."
Deyr 2011/12,2011,Deyr,November 2011,report,Burao IDPs,,IDP,SMART,617.0,,20.3,15.3,26.3,4.5,2.6,7.9,9.4,6.1,14.3,1.6,0.31,0.18,0.54,0.14,0.02,1.11,raw/FSNAU-Post-Deyr-2011-12-Nutrition-Technical-Report.pdf,73,raw/FSNAU-Post-Deyr-2011-12-Nutrition-Technical-Report.pdf p73,True,1.0,transcribed/FSNAU-Post-Deyr-2011-12-Nutrition-Technical-Report.csv,Burao IDPs,20.3,4.5,,,,,Annex Table 26 (pp 79-80) prints CDR CI as (0.018-0.54).
Deyr 2011/12,2011,Deyr,December 2011,report,Dusamareb IDPs,Central regions,IDP,SMART,205.0,,,,,,,,,,,,1.04,0.5,2.16,2.15,0.82,5.52,raw/FSNAU-Post-Deyr-2011-12-Nutrition-Technical-Report.pdf,51,raw/FSNAU-Post-Deyr-2011-12-Nutrition-Technical-Report.pdf p51,True,0.6,transcribed/FSNAU-Post-Deyr-2011-12-Nutrition-Technical-Report.csv,Dhusamareeb IDPs,23.4,1.7,,,,,"Small sample cluster survey (text p51); GAM, SAM and MUAC given as lower bounds at Pr=0.90, no CI. Mortality on p52. Annex Table 26 (pp 79-80) gives CDR 1.04 and U5DR 2.15 without CIs.; gam printed as '>23.4 (Pr=0.90)'; sam printed as '>1.7 (Pr=0.90)'; muac_gam printed as '>18.8 (Pr=0.90)'; muac_sam printed as '>0.6 (Pr=0.90)'"
Deyr 2011/12,2011,Deyr,Oct-Nov 2011,report,Galkayo IDPs,,IDP,SMART,972.0,,21.8,18.6,25.4,5.9,4.2,8.2,9.3,6.8,12.4,2.8,0.8,0.45,14.2,1.39,0.62,2.08,raw/FSNAU-Post-Deyr-2011-12-Nutrition-Technical-Report.pdf,62,raw/FSNAU-Post-Deyr-2011-12-Nutrition-Technical-Report.pdf p62,True,1.0,transcribed/FSNAU-Post-Deyr-2011-12-Nutrition-Technical-Report.csv,Galkayo IDPs,21.8,5.9,,,,,"CDR CI printed (0.45-14.2), apparent typo for 1.42 (Annex Table 26 (pp 79-80) prints 0.45-1.42). Fieldwork per caption; text p57 says December 2011."
Deyr 2011/12,2011,Deyr,Oct-Nov 2011,report,Garowe IDPs,,IDP,SMART,777.0,,17.8,14.7,21.3,4.5,3.2,6.3,11.8,10.2,13.7,3.0,0.3,0.15,0.59,0.77,0.31,1.88,raw/FSNAU-Post-Deyr-2011-12-Nutrition-Technical-Report.pdf,62,raw/FSNAU-Post-Deyr-2011-12-Nutrition-Technical-Report.pdf p62,True,1.0,transcribed/FSNAU-Post-Deyr-2011-12-Nutrition-Technical-Report.csv,Garowe IDPs,17.8,4.5,,,,,"Annex Table 26 (pp 79-80) prints GAM CI as (4.7-21.3), apparent typo. Fieldwork per caption; text p57 says December 2011."
Deyr 2011/12,2011,Deyr,November 2011,report,Hargeisa IDPs,,IDP,SMART,690.0,,12.0,8.9,16.1,1.3,0.7,2.3,6.5,4.4,9.5,1.9,0.38,0.2,0.71,0.44,0.14,1.4,raw/FSNAU-Post-Deyr-2011-12-Nutrition-Technical-Report.pdf,73,raw/FSNAU-Post-Deyr-2011-12-Nutrition-Technical-Report.pdf p73,True,1.0,transcribed/FSNAU-Post-Deyr-2011-12-Nutrition-Technical-Report.csv,Hargeisa IDPs,12.0,1.3,,,,,Annex Table 26 (pp 79-80) gives U5DR CI 0.14-1.45.
Deyr 2011/12,2011,Deyr,October 2011,report,Kismayo IDPs,,IDP,SMART,630.0,,26.7,22.9,30.8,9.5,7.5,12.1,17.0,13.8,20.7,1.7,2.3,1.6,3.0,4.76,3.08,6.44,raw/FSNAU-Post-Deyr-2011-12-Nutrition-Technical-Report.pdf,31,raw/FSNAU-Post-Deyr-2011-12-Nutrition-Technical-Report.pdf p31,True,1.0,transcribed/FSNAU-Post-Deyr-2011-12-Nutrition-Technical-Report.csv,Kismayo IDPs,26.7,9.5,,,,,"Table header gives N=630 (Boys=316, Girls=314); Annex Table 26 (pp 79-80) gives sample size 648."
Deyr 2011/12,2011,Deyr,October 2011,report,Mogadishu IDP,,IDP,SMART,641.0,,,,,,,,19.4,16.3,22.8,1.1,1.78,1.19,2.36,5.0,3.0,7.0,raw/FSNAU-Post-Deyr-2011-12-Nutrition-Technical-Report.pdf,45,raw/FSNAU-Post-Deyr-2011-12-Nutrition-Technical-Report.pdf p45,True,0.8333333333333334,transcribed/FSNAU-Post-Deyr-2011-12-Nutrition-Technical-Report.csv,Mogadishu IDPs,30.0,5.6,,,,,"GAM/SAM given only as approximate (~30.0, ~10), no CI. Table header gives N=641 (Boys=306, Girls=335) and MUAC values identical to the Mogadishu Town October column in Table 13: possible copy error in source. Annex Table 26 (pp 79-80) gives sample size 870.; gam printed as '~30.0'; sam printed as '~10'"
Deyr 2011/12,2011,Deyr,December 2011,report,Mogadishu IDP,,IDP,SMART,849.0,,20.5,16.6,25.2,5.6,3.8,8.1,14.6,12.0,17.7,2.2,2.06,1.6,2.66,5.46,3.95,7.51,raw/FSNAU-Post-Deyr-2011-12-Nutrition-Technical-Report.pdf,45,raw/FSNAU-Post-Deyr-2011-12-Nutrition-Technical-Report.pdf p45,True,1.0,transcribed/FSNAU-Post-Deyr-2011-12-Nutrition-Technical-Report.csv,,,,,,,,Annex Table 26 (pp 79-80) gives sample size 808.
Deyr 2011/12,2011,Deyr,December 2011,report,Qardho IDPs,,IDP,SMART,196.0,,,,,,,,,,,,,,,,,,raw/FSNAU-Post-Deyr-2011-12-Nutrition-Technical-Report.pdf,58,raw/FSNAU-Post-Deyr-2011-12-Nutrition-Technical-Report.pdf p58,True,0.0,transcribed/FSNAU-Post-Deyr-2011-12-Nutrition-Technical-Report.csv,Qardho IDPs,16.4,4.3,,,,,"Small sample cluster survey in December 2011 (text p63). Table caption printed 'May - June 2011' but the table content matches the Dec 2011 survey (N=196, mean WHZ -0.94 as in annex), so treated as Deyr 2011/12. GAM/SAM/MUAC given as lower bounds at Pr=0.90, no CI. No mortality in table. Annex Table 26 (pp 79-80) dates it Nov 2011 and gives GAM >16.4 (Pr=0.90).; gam printed as '>16.6 (Pr=0.90)'; sam printed as '>4.3 (Pr=0.90)'; muac_gam printed as '>13.1 (Pr=0.90)'; muac_sam printed as '0.8 (Pr=0.90)'"
Deyr 2011/12,2011,Deyr,December 2011,report,Addun,"Central regions (also shown in Table 19, Northeast Regions)",rural,SMART,530.0,,12.1,9.0,16.0,2.8,1.6,5.0,2.3,1.2,4.3,0.4,0.32,0.16,0.66,0.87,0.31,2.42,raw/FSNAU-Post-Deyr-2011-12-Nutrition-Technical-Report.pdf,51,raw/FSNAU-Post-Deyr-2011-12-Nutrition-Technical-Report.pdf p51,True,1.0,transcribed/FSNAU-Post-Deyr-2011-12-Nutrition-Technical-Report.csv,Addun Central,12.1,2.8,,,,,Same survey also appears in Table 19 (p60); recorded once. Mortality rows on p52. Annex Table 26 (pp 79-80) gives U5DR 1.92 (1.02-3.59) vs 0.87 (0.31-2.42) in region table.
Deyr 2011/12,2011,Deyr,December 2011,report,Agro-pastoral Zone,,rural,SMART,661.0,,10.1,7.1,14.1,2.6,1.4,4.9,4.4,2.7,7.0,0.5,0.05,0.0,0.1,0.28,0.15,0.53,raw/FSNAU-Post-Deyr-2011-12-Nutrition-Technical-Report.pdf,71,raw/FSNAU-Post-Deyr-2011-12-Nutrition-Technical-Report.pdf p71,True,1.0,transcribed/FSNAU-Post-Deyr-2011-12-Nutrition-Technical-Report.csv,NW Agropastoral,,,,,,,"SAM CI printed '(1.4.4.9)'. Annex Table 26 (pp 79-80) dates it Nov 2011, same estimates."
Deyr 2011/12,2011,Deyr,September 2011,report,Bakool Pastoral,Bakool,rural,MUAC rapid (partner screening),,,,,,,,,,,,,,,,,,,raw/FSNAU-Post-Deyr-2011-12-Nutrition-Technical-Report.pdf,35,raw/FSNAU-Post-Deyr-2011-12-Nutrition-Technical-Report.pdf p35,True,0.0,transcribed/FSNAU-Post-Deyr-2011-12-Nutrition-Technical-Report.csv,,,,,,,,MUAC screening by partners in September 2011 (text p35); results shown as '> 54.1% (R3)' for MUAC<12.5 cm or oedema and '> 9.2% (R3)' for MUAC<11.5 cm or oedema; no CI or sample size. Nutrition surveys in both Bakool livelihood zones (Oct 2011) did not meet quality standards for publication. Bakool Agropastoral column shows N/A for MUAC.; muac_gam printed as '>54.1 (R3)'; muac_sam printed as '>9.2 (R3)'
Deyr 2011/12,2011,Deyr,October 2011,report,Bay Agropastoral,Bay,rural,SMART,443.0,,,,,,,,29.5,24.5,35.0,1.6,,,,,,,raw/FSNAU-Post-Deyr-2011-12-Nutrition-Technical-Report.pdf,38,raw/FSNAU-Post-Deyr-2011-12-Nutrition-Technical-Report.pdf p38,True,0.5714285714285714,transcribed/FSNAU-Post-Deyr-2011-12-Nutrition-Technical-Report.csv,Bay Agropastoral,30.0,7.0,,,,,"Survey data of substandard quality (p36): actual GAM point prevalence not published; GAM and SAM given only as approximate (~30.0, ~7.0), no CI. MUAC<12.5 CI printed '(24.5-35).'. Crude death rate printed '< 2.0'; no U5DR in region table (annex p80 gives <2.0). Annex Table 26 (pp 79-80) gives N=437.; gam printed as '~30.0'; sam printed as '~7.0'; cdr printed as '<2.0'"
Deyr 2011/12,2011,Deyr,December 2011,report,Coastal Deeh,Northeast regions,rural,SMART,641.0,,12.2,8.9,16.3,3.1,1.9,5.0,3.1,1.7,5.6,0.8,0.19,0.08,0.43,0.77,0.28,2.08,raw/FSNAU-Post-Deyr-2011-12-Nutrition-Technical-Report.pdf,60,raw/FSNAU-Post-Deyr-2011-12-Nutrition-Technical-Report.pdf p60,True,1.0,transcribed/FSNAU-Post-Deyr-2011-12-Nutrition-Technical-Report.csv,Coastal Deeh,,,,,,,Table header N=641 (331 boys; 310 girls).
Deyr 2011/12,2011,Deyr,December 2011,report,East Golis,Northeast regions,rural,SMART,574.0,,15.2,12.1,18.8,3.8,2.3,6.4,7.0,4.8,10.0,1.6,0.26,0.1,0.65,0.36,0.04,2.82,raw/FSNAU-Post-Deyr-2011-12-Nutrition-Technical-Report.pdf,56,raw/FSNAU-Post-Deyr-2011-12-Nutrition-Technical-Report.pdf p56,True,1.0,transcribed/FSNAU-Post-Deyr-2011-12-Nutrition-Technical-Report.csv,E Golis (NE),15.2,3.8,,,,,Annex Table 26 (pp 79-80) gives East Golis/Gebi Karkar N=575 and GAM CI 12.1-18.9. Table 17 header N=574.
Deyr 2011/12,2011,Deyr,December 2011,report,East Golis/Gebbi Valley,,rural,SMART,476.0,,10.5,7.4,14.7,0.8,0.3,2.8,6.7,3.5,12.7,1.9,0.59,0.27,1.27,0.75,0.28,2.0,raw/FSNAU-Post-Deyr-2011-12-Nutrition-Technical-Report.pdf,71,raw/FSNAU-Post-Deyr-2011-12-Nutrition-Technical-Report.pdf p71,True,1.0,transcribed/FSNAU-Post-Deyr-2011-12-Nutrition-Technical-Report.csv,East Golis/Gebi valley,10.5,0.8,,,,,"Annex Table 26 (pp 79-80) gives East Golis/Gebi Karkar dated Nov 2011, same estimates."
Deyr 2011/12,2011,Deyr,December 2011,report,Hawd,"Central regions (also shown in Table 19, Northeast Regions)",rural,SMART,566.0,,18.6,14.5,23.4,5.5,4.0,7.4,10.6,8.1,13.8,2.1,0.49,0.28,0.84,0.86,0.3,2.41,raw/FSNAU-Post-Deyr-2011-12-Nutrition-Technical-Report.pdf,51,raw/FSNAU-Post-Deyr-2011-12-Nutrition-Technical-Report.pdf p51,True,1.0,transcribed/FSNAU-Post-Deyr-2011-12-Nutrition-Technical-Report.csv,Hawd Central,18.6,5.5,,,,,Same survey also appears in Table 19 (p60); recorded once. Mortality rows on p52 (continuation of Table 16). Fieldwork month from text p42/p51 (December 2011).
Deyr 2011/12,2011,Deyr,October 2011,report,Juba Agropastoral,Juba,rural,SMART,606.0,,26.1,22.4,30.1,9.1,7.1,11.5,19.6,16.2,23.0,1.9,1.37,0.88,1.86,3.43,2.0,4.87,raw/FSNAU-Post-Deyr-2011-12-Nutrition-Technical-Report.pdf,30,raw/FSNAU-Post-Deyr-2011-12-Nutrition-Technical-Report.pdf p30,True,1.0,transcribed/FSNAU-Post-Deyr-2011-12-Nutrition-Technical-Report.csv,Juba Agropastoral,,,,,,,
Deyr 2011/12,2011,Deyr,October 2011,report,Juba Pastoral,Juba,rural,SMART,524.0,,27.3,23.0,32.0,9.5,7.1,12.8,20.6,16.3,25.6,2.2,0.93,0.52,1.34,2.76,1.41,4.12,raw/FSNAU-Post-Deyr-2011-12-Nutrition-Technical-Report.pdf,30,raw/FSNAU-Post-Deyr-2011-12-Nutrition-Technical-Report.pdf p30,True,1.0,transcribed/FSNAU-Post-Deyr-2011-12-Nutrition-Technical-Report.csv,Juba Pastoral,,9.1,,,,,Annex Table 26 (pp 79-80) shows GAM 27.0 (23.0-32.0) for Juba Pastoral (region table 27.3) and CDR CI printed '0.521.34'.
Deyr 2011/12,2011,Deyr,October 2011,report,Juba Riverine,Juba,rural,SMART,599.0,,34.5,29.9,39.5,11.8,9.4,14.8,22.0,17.9,26.7,3.5,1.54,1.02,2.06,4.12,2.53,5.71,raw/FSNAU-Post-Deyr-2011-12-Nutrition-Technical-Report.pdf,30,raw/FSNAU-Post-Deyr-2011-12-Nutrition-Technical-Report.pdf p30,True,1.0,transcribed/FSNAU-Post-Deyr-2011-12-Nutrition-Technical-Report.csv,Juba Riverine,,11.8,,,,,
Deyr 2011/12,2011,Deyr,October 2011,report,M. Shabelle Agropastoral,Middle Shabelle,rural,SMART,,,,,,,,,,,,,,,,,,,raw/FSNAU-Post-Deyr-2011-12-Nutrition-Technical-Report.pdf,42,raw/FSNAU-Post-Deyr-2011-12-Nutrition-Technical-Report.pdf p42,True,0.0,transcribed/FSNAU-Post-Deyr-2011-12-Nutrition-Technical-Report.csv,,,,,,,,"Surveys (Aug and Oct 2011) did not meet quality standards, so GAM not published (p41); table gives only approximate GAM '>30%' (reported in this format due to data quality issues). CDR printed 'Rates remain stable at >2.0'. No sample size, CI or SAM given. Not in annex Table 26.; gam printed as '>30'; cdr printed as '>2.0'"
Deyr 2011/12,2011,Deyr,October 2011,report,M. Shabelle Riverine,Middle Shabelle,rural,SMART,,,,,,,,,,,,,,,,,,,raw/FSNAU-Post-Deyr-2011-12-Nutrition-Technical-Report.pdf,42,raw/FSNAU-Post-Deyr-2011-12-Nutrition-Technical-Report.pdf p42,True,0.0,transcribed/FSNAU-Post-Deyr-2011-12-Nutrition-Technical-Report.csv,,,,,,,,"Surveys (Aug and Oct 2011) did not meet quality standards, so GAM not published (p41); table gives only approximate GAM '~20%' (unchanged acute malnutrition rates, 'reported in this format due to data quality issues'). CDR printed 'Rates remain stable at <2.0'. No sample size, CI or SAM given. Not in annex Table 26.; gam printed as '~20'; cdr printed as '<2.0'"
Deyr 2011/12,2011,Deyr,December 2011,report,Nugal Valley,Northeast regions,rural,SMART,637.0,,16.3,13.5,19.6,5.2,3.9,6.8,3.0,1.9,4.7,1.5,0.19,0.09,0.4,0.48,0.15,1.45,raw/FSNAU-Post-Deyr-2011-12-Nutrition-Technical-Report.pdf,56,raw/FSNAU-Post-Deyr-2011-12-Nutrition-Technical-Report.pdf p56,True,1.0,transcribed/FSNAU-Post-Deyr-2011-12-Nutrition-Technical-Report.csv,Nugal Valley,,,,,,,Same values also in Table 21 (p69). Annex Table 26 (pp 79-80) gives SAM 2.7 (1.7-4.2) (this equals the NCHS SAM in the region table); region table WHO SAM 5.2 (3.9-6.8) used.
Deyr 2011/12,2011,Deyr,December 2011,report,Sool Plateau,Northeast regions,rural,SMART,654.0,,11.6,8.7,15.3,3.4,2.0,5.7,5.2,3.2,8.5,1.5,0.48,0.22,1.06,1.22,0.19,7.31,raw/FSNAU-Post-Deyr-2011-12-Nutrition-Technical-Report.pdf,56,raw/FSNAU-Post-Deyr-2011-12-Nutrition-Technical-Report.pdf p56,True,1.0,transcribed/FSNAU-Post-Deyr-2011-12-Nutrition-Technical-Report.csv,Sool Plateau,11.6,3.4,,,,,Same values also in Table 21 (p69). U5DR CI printed '(0.19---7.31)' with a long dash.
Deyr 2011/12,2011,Deyr,December 2011,report,The Hawd Livelihood Zone,,rural,SMART,451.0,,10.7,8.4,16.9,1.8,0.9,3.6,5.3,3.0,9.4,0.9,0.35,0.19,0.62,1.22,0.6,2.44,raw/FSNAU-Post-Deyr-2011-12-Nutrition-Technical-Report.pdf,71,raw/FSNAU-Post-Deyr-2011-12-Nutrition-Technical-Report.pdf p71,True,1.0,transcribed/FSNAU-Post-Deyr-2011-12-Nutrition-Technical-Report.csv,NW Hawd,10.7,1.8,,,,,"MUAC<11.5 CI printed '(0.3-2,3)' (typo). Annex Table 26 (pp 79-80) gives N=448, GAM 10.7 (8.4-13.6), CDR 0.78 (0.50-1.21), U5DR 0.19 (0.02-1.50), dated Nov 2011: differs from region table."
Deyr 2011/12,2011,Deyr,December 2011,report,West Golis/Guban,,rural,SMART,819.0,,13.8,11.4,16.6,2.2,1.4,3.5,4.9,3.4,6.9,0.5,0.54,0.33,0.89,0.27,0.06,1.13,raw/FSNAU-Post-Deyr-2011-12-Nutrition-Technical-Report.pdf,69,raw/FSNAU-Post-Deyr-2011-12-Nutrition-Technical-Report.pdf p69,True,1.0,transcribed/FSNAU-Post-Deyr-2011-12-Nutrition-Technical-Report.csv,West Golis /Guban Pastoral LZ,13.8,2.2,,,,,Annex Table 26 (pp 79-80) lists Guban/West Golis as Nov 2011.
Deyr 2011/12,2011,Deyr,December 2011,report,Awdal,Awdal,urban,SMART,473.0,,12.5,9.1,16.8,1.5,0.5,4.3,2.9,1.5,5.4,1.7,,,,,,,raw/FSNAU-Post-Deyr-2011-12-Nutrition-Technical-Report.pdf,76,raw/FSNAU-Post-Deyr-2011-12-Nutrition-Technical-Report.pdf p76,True,1.0,transcribed/FSNAU-Post-Deyr-2011-12-Nutrition-Technical-Report.csv,,,,,,,,Summary table of urban surveys; caption printed 'Post Gu 2011' but sheet header says 'POST DEYR 2011/12'. No mortality in table.
Deyr 2011/12,2011,Deyr,December 2011,report,Bari,Bari,urban,SMART,587.0,,11.8,9.1,15.1,2.1,1.3,3.4,6.1,4.7,8.0,0.9,,,,,,,raw/FSNAU-Post-Deyr-2011-12-Nutrition-Technical-Report.pdf,76,raw/FSNAU-Post-Deyr-2011-12-Nutrition-Technical-Report.pdf p76,True,1.0,transcribed/FSNAU-Post-Deyr-2011-12-Nutrition-Technical-Report.csv,,,,,,,,Summary table of urban surveys; caption printed 'Post Gu 2011' but sheet header says 'POST DEYR 2011/12'. No mortality in table.
Deyr 2011/12,2011,Deyr,December 2011,report,Galgadud,Galgadud,urban,SMART,391.0,,,,,,,,19.2,15.5,23.5,5.1,,,,,,,raw/FSNAU-Post-Deyr-2011-12-Nutrition-Technical-Report.pdf,76,raw/FSNAU-Post-Deyr-2011-12-Nutrition-Technical-Report.pdf p76,True,1.0,transcribed/FSNAU-Post-Deyr-2011-12-Nutrition-Technical-Report.csv,,,,,,,,Summary table of urban surveys; caption printed 'Post Gu 2011' but sheet header says 'POST DEYR 2011/12'. No mortality in table. Rapid MUAC assessment only (text p67); no WHZ results.
Deyr 2011/12,2011,Deyr,October 2011,report,Mogadishu Town,,urban,SMART,641.0,,,,,6.4,4.5,9.0,19.4,16.3,22.8,1.1,2.81,1.97,3.64,7.49,4.83,10.2,raw/FSNAU-Post-Deyr-2011-12-Nutrition-Technical-Report.pdf,44,raw/FSNAU-Post-Deyr-2011-12-Nutrition-Technical-Report.pdf p44,True,0.9285714285714286,transcribed/FSNAU-Post-Deyr-2011-12-Nutrition-Technical-Report.csv,,,,,,,,GAM not given as a point estimate: table says 'Unchanged 15-20' (text p9: GAM in range 15-20%); no CI. Six districts surveyed in October (footnote p34). Annex Table 26 (pp 79-80) gives sample size 645.; gam printed as 'Unchanged 15-20'
Deyr 2011/12,2011,Deyr,December 2011,report,Mogadishu Town,,urban,SMART,640.0,,21.1,17.1,25.8,5.6,3.5,8.6,13.4,10.7,16.7,0.8,1.33,0.88,2.02,4.12,2.62,6.43,raw/FSNAU-Post-Deyr-2011-12-Nutrition-Technical-Report.pdf,44,raw/FSNAU-Post-Deyr-2011-12-Nutrition-Technical-Report.pdf p44,True,1.0,transcribed/FSNAU-Post-Deyr-2011-12-Nutrition-Technical-Report.csv,Mogadishu Town,21.1,5.6,,,,,14 districts surveyed in December (text p43). Annex Table 26 (pp 79-80) gives sample size 630.
Deyr 2011/12,2011,Deyr,December 2011,report,Mudug,Mudug,urban,SMART,540.0,,14.9,11.7,18.7,4.1,2.4,6.9,8.1,4.4,14.4,2.2,,,,,,,raw/FSNAU-Post-Deyr-2011-12-Nutrition-Technical-Report.pdf,76,raw/FSNAU-Post-Deyr-2011-12-Nutrition-Technical-Report.pdf p76,True,1.0,transcribed/FSNAU-Post-Deyr-2011-12-Nutrition-Technical-Report.csv,,,,,,,,Summary table of urban surveys; caption printed 'Post Gu 2011' but sheet header says 'POST DEYR 2011/12'. No mortality in table.
Deyr 2011/12,2011,Deyr,December 2011,report,Nugal,Nugal,urban,SMART,567.0,,11.3,9.1,13.9,1.2,0.6,2.7,3.8,2.5,5.9,0.5,,,,,,,raw/FSNAU-Post-Deyr-2011-12-Nutrition-Technical-Report.pdf,76,raw/FSNAU-Post-Deyr-2011-12-Nutrition-Technical-Report.pdf p76,True,1.0,transcribed/FSNAU-Post-Deyr-2011-12-Nutrition-Technical-Report.csv,,,,,,,,"Summary table of urban surveys; caption printed 'Post Gu 2011' but sheet header says 'POST DEYR 2011/12'. No mortality in table. Text p67 quotes Nugal SAM as 3.8% (2.5-5.9), which equals the MUAC<12.5 column in the table; table WHO SAM 1.2 (0.6-2.7) used."
Deyr 2011/12,2011,Deyr,December 2011,report,Sanaag,Sanaag,urban,SMART,425.0,,7.5,5.6,10.0,0.7,0.2,2.1,3.3,1.5,7.3,1.2,,,,,,,raw/FSNAU-Post-Deyr-2011-12-Nutrition-Technical-Report.pdf,76,raw/FSNAU-Post-Deyr-2011-12-Nutrition-Technical-Report.pdf p76,True,1.0,transcribed/FSNAU-Post-Deyr-2011-12-Nutrition-Technical-Report.csv,,,,,,,,Summary table of urban surveys; caption printed 'Post Gu 2011' but sheet header says 'POST DEYR 2011/12'. No mortality in table.
Deyr 2011/12,2011,Deyr,December 2011,report,Sool,Sool,urban,SMART,484.0,,12.4,9.2,16.5,1.9,0.8,4.3,3.1,1.9,5.1,0.4,,,,,,,raw/FSNAU-Post-Deyr-2011-12-Nutrition-Technical-Report.pdf,76,raw/FSNAU-Post-Deyr-2011-12-Nutrition-Technical-Report.pdf p76,True,1.0,transcribed/FSNAU-Post-Deyr-2011-12-Nutrition-Technical-Report.csv,,,,,,,,Summary table of urban surveys; caption printed 'Post Gu 2011' but sheet header says 'POST DEYR 2011/12'. No mortality in table.
Deyr 2011/12,2011,Deyr,December 2011,report,Togdheer,Togdheer,urban,SMART,430.0,,7.1,4.8,10.4,0.5,0.1,3.7,1.6,0.7,3.6,0.2,,,,,,,raw/FSNAU-Post-Deyr-2011-12-Nutrition-Technical-Report.pdf,76,raw/FSNAU-Post-Deyr-2011-12-Nutrition-Technical-Report.pdf p76,True,1.0,transcribed/FSNAU-Post-Deyr-2011-12-Nutrition-Technical-Report.csv,,,,,,,,Summary table of urban surveys; caption printed 'Post Gu 2011' but sheet header says 'POST DEYR 2011/12'. No mortality in table.
Deyr 2011/12,2011,Deyr,December 2011,report,W. Galbeed,W. Galbeed,urban,SMART,392.0,,8.2,5.4,12.2,0.8,0.2,2.3,1.3,0.3,5.2,0.0,,,,,,,raw/FSNAU-Post-Deyr-2011-12-Nutrition-Technical-Report.pdf,76,raw/FSNAU-Post-Deyr-2011-12-Nutrition-Technical-Report.pdf p76,True,1.0,transcribed/FSNAU-Post-Deyr-2011-12-Nutrition-Technical-Report.csv,,,,,,,,Summary table of urban surveys; caption printed 'Post Gu 2011' but sheet header says 'POST DEYR 2011/12'. No mortality in table.
Gu 2012,2012,Gu,July 2012,report,Baidoa IDP,Bay,IDP,SMART,858.0,,15.5,11.6,20.4,5.1,3.1,8.5,12.7,8.8,17.9,2.6,0.42,0.27,0.66,1.52,0.91,2.53,raw/FSNAU-Technical-Series-Report-Post-Gu-2012-Nutrition-Analysis.pdf,40,raw/FSNAU-Technical-Series-Report-Post-Gu-2012-Nutrition-Analysis.pdf p40,True,1.0,transcribed/FSNAU-Technical-Series-Report-Post-Gu-2012-Nutrition-Analysis.csv,Baidoa IDPs,15.5,5.1,,,,,Annex Table 26 (pp 81-82) lists it as 'Baidoa IDPs'.
Gu 2012,2012,Gu,June 2012,report,Berbera IDPs Returnees,,IDP,SMART,555.0,,16.3,13.6,19.3,3.5,2.1,5.6,4.4,2.9,6.8,1.4,0.49,0.39,0.79,0.74,0.28,19.7,raw/FSNAU-Technical-Series-Report-Post-Gu-2012-Nutrition-Analysis.pdf,74,raw/FSNAU-Technical-Series-Report-Post-Gu-2012-Nutrition-Analysis.pdf p74,True,1.0,transcribed/FSNAU-Technical-Series-Report-Post-Gu-2012-Nutrition-Analysis.csv,Berbera IDPs,16.3,3.5,,,,,"U5DR CI printed (0.28-19.7), apparent typo for 1.97 (Annex Table 26 (pp 81-82) prints 0.28-1.97). Annex Table 26 (pp 81-82) lists 'Berbera IDPs', July 2012, N=517 (table N=555), CDR CI '1.4-8.7'."
Gu 2012,2012,Gu,May 2012,report,Bossaso,Northeast,IDP,SMART,1009.0,,18.7,15.7,22.1,3.9,2.8,5.4,11.5,9.0,14.4,3.8,0.33,0.15,0.73,0.61,0.28,1.32,raw/FSNAU-Technical-Series-Report-Post-Gu-2012-Nutrition-Analysis.pdf,63,raw/FSNAU-Technical-Series-Report-Post-Gu-2012-Nutrition-Analysis.pdf p63,True,1.0,transcribed/FSNAU-Technical-Series-Report-Post-Gu-2012-Nutrition-Analysis.csv,Bossaso IDPs,18.7,3.9,,,,,"Mortality on p64. Annex Table 26 (pp 81-82) lists 'Bossaso IDPs', N=899."
Gu 2012,2012,Gu,June 2012,report,Burao IDPs Returnees,,IDP,SMART,517.0,,18.4,14.7,22.7,4.3,2.6,6.9,10.3,7.2,14.5,3.0,0.5,0.28,0.88,1.01,0.36,2.8,raw/FSNAU-Technical-Series-Report-Post-Gu-2012-Nutrition-Analysis.pdf,74,raw/FSNAU-Technical-Series-Report-Post-Gu-2012-Nutrition-Analysis.pdf p74,True,1.0,transcribed/FSNAU-Technical-Series-Report-Post-Gu-2012-Nutrition-Analysis.csv,Burao IDPs,18.4,4.3,,,,,"Group printed as 'Burao IDPs Returnees' in table. Annex Table 26 (pp 81-82) lists 'Burao IDPs', July 2012."
Gu 2012,2012,Gu,July 2012,report,Dobley IDPs,,IDP,SMART,781.0,,22.0,,,7.6,,,19.9,,,7.1,0.32,,,0.96,,,raw/FSNAU-Technical-Series-Report-Post-Gu-2012-Nutrition-Analysis.pdf,31,raw/FSNAU-Technical-Series-Report-Post-Gu-2012-Nutrition-Analysis.pdf p31,True,1.0,transcribed/FSNAU-Technical-Series-Report-Post-Gu-2012-Nutrition-Analysis.csv,Dobley IDPs,22.0,,,,,,"No CIs in table (exhaustive survey per Annex Table 26 (pp 81-82): 'Dhobley (Exhaustive)'). Table header spells it 'Dobley'; Annex Table 26 (pp 81-82) 'Dhobley', July 2012."
Gu 2012,2012,Gu,May 2012,report,Dowlo IDPs,Gedo,IDP,SMART,974.0,,25.9,,,7.5,,,13.8,,,3.0,0.6,,,0.8,,,raw/FSNAU-Technical-Series-Report-Post-Gu-2012-Nutrition-Analysis.pdf,27,raw/FSNAU-Technical-Series-Report-Post-Gu-2012-Nutrition-Analysis.pdf p27,True,1.0,transcribed/FSNAU-Technical-Series-Report-Post-Gu-2012-Nutrition-Analysis.csv,Dolow IDPs,25.9,7.5,,,,,"No CIs given in the table (also in Table 5, p26, as 'Dolow IDPs'). Annex Table 26 (pp 81-82) lists 'Dolo IDPs' (June'12), N=974, same point estimates, no CIs."
Gu 2012,2012,Gu,May 2012,report,Dusamareb IDPs,Central regions,IDP,SMART,202.0,,22.0,16.1,29.3,5.0,2.5,9.8,8.9,5.1,15.1,2.0,,,,,,,raw/FSNAU-Technical-Series-Report-Post-Gu-2012-Nutrition-Analysis.pdf,52,raw/FSNAU-Technical-Series-Report-Post-Gu-2012-Nutrition-Analysis.pdf p52,True,1.0,transcribed/FSNAU-Technical-Series-Report-Post-Gu-2012-Nutrition-Analysis.csv,Dhusamareeb IDPs,,,,,,,Small sample cluster survey (text p53). Mortality N/A in table; Annex Table 26 (pp 81-82) shows blank. Annex Table 26 (pp 81-82) gives N=200.
Gu 2012,2012,Gu,May 2012,report,Galkayo,Northeast,IDP,SMART,997.0,,19.2,16.1,22.8,4.1,3.0,5.6,6.6,4.8,8.8,1.3,0.22,0.11,0.43,0.62,0.27,1.44,raw/FSNAU-Technical-Series-Report-Post-Gu-2012-Nutrition-Analysis.pdf,63,raw/FSNAU-Technical-Series-Report-Post-Gu-2012-Nutrition-Analysis.pdf p63,True,1.0,transcribed/FSNAU-Technical-Series-Report-Post-Gu-2012-Nutrition-Analysis.csv,Galkayo IDPs,19.2,4.1,,,,,Mortality on p64. Annex Table 26 (pp 81-82) lists 'Galkayo IDPs'.
Gu 2012,2012,Gu,May 2012,report,Garowe,Northeast,IDP,SMART,821.0,,19.2,15.9,23.1,4.7,3.2,6.8,9.9,7.7,12.6,2.1,0.43,0.25,0.75,0.59,0.25,1.39,raw/FSNAU-Technical-Series-Report-Post-Gu-2012-Nutrition-Analysis.pdf,63,raw/FSNAU-Technical-Series-Report-Post-Gu-2012-Nutrition-Analysis.pdf p63,True,1.0,transcribed/FSNAU-Technical-Series-Report-Post-Gu-2012-Nutrition-Analysis.csv,Garowe IDPs,19.2,4.7,,,,,Mortality on p64. Annex Table 26 (pp 81-82) prints U5DR CI as 0.25-0.75 (table 0.25-1.39). Annex Table 26 (pp 81-82) lists 'Garowe IDPs'.
Gu 2012,2012,Gu,June 2012,report,Hargeisa IDPs,,IDP,SMART,497.0,,12.0,9.2,15.5,2.9,1.7,4.8,4.1,2.4,6.9,1.4,0.14,0.03,0.61,0.21,0.03,0.61,raw/FSNAU-Technical-Series-Report-Post-Gu-2012-Nutrition-Analysis.pdf,74,raw/FSNAU-Technical-Series-Report-Post-Gu-2012-Nutrition-Analysis.pdf p74,True,1.0,transcribed/FSNAU-Technical-Series-Report-Post-Gu-2012-Nutrition-Analysis.csv,Hargeisa IDPs,12.0,2.9,,,,,Annex Table 26 (pp 81-82) dates it July 2012 and prints U5DR CI 0.03-1.65.
Gu 2012,2012,Gu,July 2012,report,Kismayo IDPs,,IDP,SMART,547.0,,28.0,24.6,31.4,8.2,5.7,11.7,11.3,8.5,14.9,4.5,0.27,0.13,0.55,1.71,1.08,2.71,raw/FSNAU-Technical-Series-Report-Post-Gu-2012-Nutrition-Analysis.pdf,31,raw/FSNAU-Technical-Series-Report-Post-Gu-2012-Nutrition-Analysis.pdf p31,True,1.0,transcribed/FSNAU-Technical-Series-Report-Post-Gu-2012-Nutrition-Analysis.csv,Kismayo IDPs,28.0,8.2,,,,,Table prints GAM '28(24.6-31.4)'; text p31 and Annex Table 26 (pp 81-82) give 28.0% (24.6-31.6). Annex Table 26 (pp 81-82) gives N=711 vs table N=547.
Gu 2012,2012,Gu,April 2012,report,Mogadishu IDP,,IDP,SMART,929.0,,16.1,13.3,19.5,3.7,2.3,5.7,10.6,7.9,14.0,1.9,1.42,1.05,1.92,2.8,1.87,4.17,raw/FSNAU-Technical-Series-Report-Post-Gu-2012-Nutrition-Analysis.pdf,44,raw/FSNAU-Technical-Series-Report-Post-Gu-2012-Nutrition-Analysis.pdf p44,True,1.0,transcribed/FSNAU-Technical-Series-Report-Post-Gu-2012-Nutrition-Analysis.csv,,,,,,,,April 2012 survey; not in annex Table 26 (annex lists July only).
Gu 2012,2012,Gu,July 2012,report,Mogadishu IDP,,IDP,SMART,675.0,,9.6,7.1,13.0,1.8,1.0,3.2,8.4,6.5,10.9,2.6,1.41,0.99,2.02,2.81,1.82,4.33,raw/FSNAU-Technical-Series-Report-Post-Gu-2012-Nutrition-Analysis.pdf,44,raw/FSNAU-Technical-Series-Report-Post-Gu-2012-Nutrition-Analysis.pdf p44,True,1.0,transcribed/FSNAU-Technical-Series-Report-Post-Gu-2012-Nutrition-Analysis.csv,Mogadishu IDPs,9.6,3.7,,,,,Annex Table 26 (pp 81-82) gives N=670.
Gu 2012,2012,Gu,May 2012,report,Qardho IDPs,Northeast,IDP,SMART,202.0,,21.7,16.8,27.6,5.6,3.3,9.2,12.4,8.7,17.3,3.0,,,,,,,raw/FSNAU-Technical-Series-Report-Post-Gu-2012-Nutrition-Analysis.pdf,63,raw/FSNAU-Technical-Series-Report-Post-Gu-2012-Nutrition-Analysis.pdf p63,True,1.0,transcribed/FSNAU-Technical-Series-Report-Post-Gu-2012-Nutrition-Analysis.csv,Qardho IDPs,21.7,5.6,,,,,Small sample cluster survey (text p62). Mortality N/A. Annex Table 26 (pp 81-82) gives N=198.
Gu 2012,2012,Gu,July 2012,report,Beletweyne District,Hiran,mixed,SMART,628.0,,16.6,11.7,22.9,3.3,1.7,6.3,20.1,12.4,30.9,6.4,0.8,0.53,1.22,2.32,1.3,4.11,raw/FSNAU-Technical-Series-Report-Post-Gu-2012-Nutrition-Analysis.pdf,49,raw/FSNAU-Technical-Series-Report-Post-Gu-2012-Nutrition-Analysis.pdf p49,True,1.0,transcribed/FSNAU-Technical-Series-Report-Post-Gu-2012-Nutrition-Analysis.csv,Beletweyne,16.6,3.3,,,,,Administrative-district survey (text p48): clusters mostly riverine. Annex lists it as 'Beletweyne district'.
Gu 2012,2012,Gu,July 2012,report,Mataban District,Hiran,mixed,SMART,480.0,,16.7,13.2,20.8,4.2,2.3,7.3,19.3,14.7,24.9,2.6,0.99,0.7,1.41,4.5,3.02,6.64,raw/FSNAU-Technical-Series-Report-Post-Gu-2012-Nutrition-Analysis.pdf,49,raw/FSNAU-Technical-Series-Report-Post-Gu-2012-Nutrition-Analysis.pdf p49,True,1.0,transcribed/FSNAU-Technical-Series-Report-Post-Gu-2012-Nutrition-Analysis.csv,Mataban District,16.7,4.2,,,,,Administrative-district survey (text p48): clusters mostly pastoral. Annex lists it as 'Mataban district'.
Gu 2012,2012,Gu,June 2012,report,Addun,"Central regions (table also reproduced as Table 18, Northeast Regions)",rural,SMART,701.0,,14.5,11.1,18.9,2.4,1.3,4.3,8.4,5.8,12.1,1.7,0.48,0.25,0.92,0.58,0.19,1.76,raw/FSNAU-Technical-Series-Report-Post-Gu-2012-Nutrition-Analysis.pdf,52,raw/FSNAU-Technical-Series-Report-Post-Gu-2012-Nutrition-Analysis.pdf p52,True,1.0,transcribed/FSNAU-Technical-Series-Report-Post-Gu-2012-Nutrition-Analysis.csv,Addun Central,14.5,2.4,,,,,"Same survey also appears in Table 18 (p61-62); recorded once. Annex Table 26 (pp 81-82) lists 'Addun Pastoral', June 2012."
Gu 2012,2012,Gu,July 2012,report,Agro-pastoral Zone,,rural,SMART,451.0,,13.5,10.3,17.3,1.1,0.5,2.6,2.2,1.2,4.2,0.2,0.21,0.05,0.79,0.36,0.09,1.52,raw/FSNAU-Technical-Series-Report-Post-Gu-2012-Nutrition-Analysis.pdf,72,raw/FSNAU-Technical-Series-Report-Post-Gu-2012-Nutrition-Analysis.pdf p72,True,1.0,transcribed/FSNAU-Technical-Series-Report-Post-Gu-2012-Nutrition-Analysis.csv,Agropastoral LZ (Togdheer ) NW,13.5,1.1,,,,,Annex Table 26 (pp 81-82) lists 'North West Agro pastoral' with CDR CI '0.05-79'.
Gu 2012,2012,Gu,June-July 2012,report,Bakool Pastoral,Bakool,rural,SMART,732.0,,26.2,20.6,32.8,5.7,3.6,9.1,15.1,11.7,19.3,1.9,0.31,0.15,0.61,0.86,0.43,1.73,raw/FSNAU-Technical-Series-Report-Post-Gu-2012-Nutrition-Analysis.pdf,36,raw/FSNAU-Technical-Series-Report-Post-Gu-2012-Nutrition-Analysis.pdf p36,True,1.0,transcribed/FSNAU-Technical-Series-Report-Post-Gu-2012-Nutrition-Analysis.csv,Bakool Pastoral,26.2,5.7,,,,,"Table header says 'June'2012' while caption says July 2012. Table prints CDR and U5DR without CIs; CIs taken from Annex Table 26 (pp 81-82), which also gives N=727. No survey in Bakool agro-pastoral."
Gu 2012,2012,Gu,July 2012,report,Bay Agro-Pastoral,Bay,rural,SMART,889.0,,20.4,16.7,24.5,6.9,5.0,9.4,18.1,14.7,22.1,4.0,1.4,0.93,2.1,2.7,1.89,3.89,raw/FSNAU-Technical-Series-Report-Post-Gu-2012-Nutrition-Analysis.pdf,40,raw/FSNAU-Technical-Series-Report-Post-Gu-2012-Nutrition-Analysis.pdf p40,True,1.0,transcribed/FSNAU-Technical-Series-Report-Post-Gu-2012-Nutrition-Analysis.csv,Bay Agropastoral,20.4,6.9,,,,,Annex Table 26 (pp 81-82) prints U5DR CI 1.86-3.89.
Gu 2012,2012,Gu,June 2012,report,Coastal Deeh,Central regions,rural,SMART,491.0,,16.9,,,,,,,,,,0.56,0.27,1.14,1.34,0.73,2.44,raw/FSNAU-Technical-Series-Report-Post-Gu-2012-Nutrition-Analysis.pdf,54,raw/FSNAU-Technical-Series-Report-Post-Gu-2012-Nutrition-Analysis.pdf p54,True,1.0,transcribed/FSNAU-Technical-Series-Report-Post-Gu-2012-Nutrition-Analysis.csv,Coastal Deeh,,,,,,,"Survey did not meet SMART data-quality criteria: GAM is a point estimate calculated from SD of 1, no CI, SAM not given. Text p53 gives GAM 16.2%; table gives 16.9. CDR/U5DR are identical to the Northeast Coastal Deeh survey (Table 18, p62): possible copy. Not in annex Table 26 as a separate row (annex 'Coastal Deeh' row, N=385, matches the Northeast survey)."
Gu 2012,2012,Gu,June 2012,report,Coastal Deeh,Northeast regions,rural,SMART,385.0,,12.8,8.7,18.4,3.5,1.7,6.8,2.6,1.2,5.6,0.8,0.56,0.27,1.14,1.34,0.73,2.44,raw/FSNAU-Technical-Series-Report-Post-Gu-2012-Nutrition-Analysis.pdf,61,raw/FSNAU-Technical-Series-Report-Post-Gu-2012-Nutrition-Analysis.pdf p61,True,1.0,transcribed/FSNAU-Technical-Series-Report-Post-Gu-2012-Nutrition-Analysis.csv,Coastal Deeh NE,12.8,3.5,,,,,"Mortality rows on p62. Annex Table 26 (pp 81-82) gives June 2012, N=385."
Gu 2012,2012,Gu,June 2012,report,Cowpea Belt,Central regions,rural,SMART,1174.0,,16.0,,,,,,,,,,0.76,0.48,1.22,1.46,0.86,2.48,raw/FSNAU-Technical-Series-Report-Post-Gu-2012-Nutrition-Analysis.pdf,54,raw/FSNAU-Technical-Series-Report-Post-Gu-2012-Nutrition-Analysis.pdf p54,True,1.0,transcribed/FSNAU-Technical-Series-Report-Post-Gu-2012-Nutrition-Analysis.csv,Cowpea Belt,,,,,,,"Survey did not meet SMART data-quality criteria: GAM is a point estimate calculated from SD of 1, no CI, SAM not given (text p53). Mean WHZ -1.01 +/-1.60. Table caption says July 2012; text and Annex Table 26 (pp 81-82) say June 2012. Table 16 N=1174 is the header total."
Gu 2012,2012,Gu,July 2012,report,East Golis,Northeast regions,rural,SMART,695.0,,13.9,10.8,17.6,4.1,2.6,6.5,5.2,3.7,7.1,1.0,0.11,0.03,0.34,0.15,0.02,1.18,raw/FSNAU-Technical-Series-Report-Post-Gu-2012-Nutrition-Analysis.pdf,59,raw/FSNAU-Technical-Series-Report-Post-Gu-2012-Nutrition-Analysis.pdf p59,True,1.0,transcribed/FSNAU-Technical-Series-Report-Post-Gu-2012-Nutrition-Analysis.csv,E Golis (NE),13.9,4.1,,,,,Annex Table 26 (pp 81-82) lists 'East Golis/Karkar Gaagab Dharror' July '12 with N=575 (table N=695).
Gu 2012,2012,Gu,July 2012,report,East Golis/Gebbi Valley,,rural,SMART,504.0,,13.6,10.5,17.5,2.6,1.5,4.5,4.8,3.2,7.1,0.8,0.18,0.06,0.49,0.36,0.09,1.52,raw/FSNAU-Technical-Series-Report-Post-Gu-2012-Nutrition-Analysis.pdf,72,raw/FSNAU-Technical-Series-Report-Post-Gu-2012-Nutrition-Analysis.pdf p72,True,1.0,transcribed/FSNAU-Technical-Series-Report-Post-Gu-2012-Nutrition-Analysis.csv,East Golis/Gebi valley,13.6,2.6,,,,,Annex Table 26 (pp 81-82) lists 'East Golis/Gebi Karkar' N=504.
Gu 2012,2012,Gu,May 2012,report,Gedo Pastoral,Gedo,rural,SMART,694.0,,28.4,23.0,34.5,6.2,4.4,8.7,7.0,5.1,9.4,2.1,0.59,0.35,1.01,1.36,0.77,2.36,raw/FSNAU-Technical-Series-Report-Post-Gu-2012-Nutrition-Analysis.pdf,26,raw/FSNAU-Technical-Series-Report-Post-Gu-2012-Nutrition-Analysis.pdf p26,True,1.0,transcribed/FSNAU-Technical-Series-Report-Post-Gu-2012-Nutrition-Analysis.csv,North Gedo Pastoral,28.4,6.2,,,,,"Annex Table 26 (pp 81-82) lists it as 'North Gedo Dawo Pastoral' (June'12), same estimates."
Gu 2012,2012,Gu,May 2012,report,Gedo Riverine,Gedo,rural,SMART,757.0,,22.5,19.2,26.1,6.1,1.3,8.9,9.2,6.4,12.9,0.9,0.2,0.11,2.32,1.6,0.57,2.32,raw/FSNAU-Technical-Series-Report-Post-Gu-2012-Nutrition-Analysis.pdf,26,raw/FSNAU-Technical-Series-Report-Post-Gu-2012-Nutrition-Analysis.pdf p26,True,1.0,transcribed/FSNAU-Technical-Series-Report-Post-Gu-2012-Nutrition-Analysis.csv,North Gedo Riverine,22.5,6.1,,,,,SAM CI as printed (1.3-8.9); Annex Table 26 (pp 81-82) prints SAM 6.1 (4.3-8.5) and CDR CI '0.11-42.0' (apparent typo). Annex Table 26 (pp 81-82) lists it as 'North Gedo Riverine' (June'12).
Gu 2012,2012,Gu,June 2012,report,Hawd,"Central regions (table also reproduced as Table 18, Northeast Regions)",rural,SMART,816.0,,11.2,8.9,14.0,1.8,0.9,3.4,5.4,3.3,8.6,0.4,0.38,0.19,0.76,0.5,0.18,1.36,raw/FSNAU-Technical-Series-Report-Post-Gu-2012-Nutrition-Analysis.pdf,52,raw/FSNAU-Technical-Series-Report-Post-Gu-2012-Nutrition-Analysis.pdf p52,True,1.0,transcribed/FSNAU-Technical-Series-Report-Post-Gu-2012-Nutrition-Analysis.csv,Hawd Central,11.2,1.8,,,,,"Same survey also appears in Table 18 (p61-62); recorded once. Annex Table 26 (pp 81-82) lists 'Hawd Pastoral', June 2012."
Gu 2012,2012,Gu,July 2012,report,Juba Agro-pastoral,Juba,rural,SMART,773.0,,25.1,22.2,28.3,5.8,4.4,7.7,16.1,13.7,18.8,2.0,0.25,0.07,0.88,0.85,0.41,1.78,raw/FSNAU-Technical-Series-Report-Post-Gu-2012-Nutrition-Analysis.pdf,30,raw/FSNAU-Technical-Series-Report-Post-Gu-2012-Nutrition-Analysis.pdf p30,True,1.0,transcribed/FSNAU-Technical-Series-Report-Post-Gu-2012-Nutrition-Analysis.csv,Juba Agropastoral,25.1,5.8,,,,,
Gu 2012,2012,Gu,July 2012,report,Juba Pastoral,Juba,rural,SMART,520.0,,15.8,11.8,20.7,2.1,1.0,4.4,18.1,12.2,26.1,4.0,0.44,0.2,0.99,0.81,0.29,2.27,raw/FSNAU-Technical-Series-Report-Post-Gu-2012-Nutrition-Analysis.pdf,30,raw/FSNAU-Technical-Series-Report-Post-Gu-2012-Nutrition-Analysis.pdf p30,True,1.0,transcribed/FSNAU-Technical-Series-Report-Post-Gu-2012-Nutrition-Analysis.csv,Juba Pastoral,15.8,2.1,,,,,Annex Table 26 (pp 81-82) gives N=525.
Gu 2012,2012,Gu,July 2012,report,Juba Riverine,Juba,rural,SMART,817.0,,21.1,17.7,24.8,6.6,5.0,8.7,14.6,6.6,29.5,3.2,0.2,0.11,0.42,1.16,0.57,2.32,raw/FSNAU-Technical-Series-Report-Post-Gu-2012-Nutrition-Analysis.pdf,30,raw/FSNAU-Technical-Series-Report-Post-Gu-2012-Nutrition-Analysis.pdf p30,True,1.0,transcribed/FSNAU-Technical-Series-Report-Post-Gu-2012-Nutrition-Analysis.csv,Juba Riverine,21.1,6.6,,,,,
Gu 2012,2012,Gu,July 2012,report,Nugal Valley,Northeast regions,rural,SMART,619.0,,20.1,16.5,24.3,5.4,3.9,7.5,2.8,1.5,4.9,1.5,0.04,0.01,0.32,0.19,0.02,1.46,raw/FSNAU-Technical-Series-Report-Post-Gu-2012-Nutrition-Analysis.pdf,59,raw/FSNAU-Technical-Series-Report-Post-Gu-2012-Nutrition-Analysis.pdf p59,True,1.0,transcribed/FSNAU-Technical-Series-Report-Post-Gu-2012-Nutrition-Analysis.csv,Nugal Valley,12.5,,,,,,Same values also in Table 20 (p69). Annex Table 26 (pp 81-82) prints GAM CI as '16.5-5.24.3'.
Gu 2012,2012,Gu,July 2012,report,Sool Plateau,Northeast regions,rural,SMART,748.0,,11.3,9.3,13.8,1.7,0.9,3.0,2.7,1.7,4.1,0.5,0.12,0.05,0.31,0.4,0.13,1.24,raw/FSNAU-Technical-Series-Report-Post-Gu-2012-Nutrition-Analysis.pdf,59,raw/FSNAU-Technical-Series-Report-Post-Gu-2012-Nutrition-Analysis.pdf p59,True,1.0,transcribed/FSNAU-Technical-Series-Report-Post-Gu-2012-Nutrition-Analysis.csv,Sool Plateau,11.3,1.7,,,,,Same values also in Table 20 (p69).
Gu 2012,2012,Gu,July 2012,report,The Hawd Livelihood Zone,,rural,SMART,410.0,,16.7,11.5,23.5,4.2,2.3,7.6,5.6,3.6,8.7,1.2,0.26,0.09,0.75,0.47,0.11,1.95,raw/FSNAU-Technical-Series-Report-Post-Gu-2012-Nutrition-Analysis.pdf,72,raw/FSNAU-Technical-Series-Report-Post-Gu-2012-Nutrition-Analysis.pdf p72,True,1.0,transcribed/FSNAU-Technical-Series-Report-Post-Gu-2012-Nutrition-Analysis.csv,NW Hawd,16.7,4.2,,,,,"Annex Table 26 (pp 81-82) lists 'Hawd Livelihood zone' July 2012, same."
Gu 2012,2012,Gu,July 2012,report,West Golis/Guban,,rural,SMART,588.0,,21.7,17.9,26.1,5.5,3.7,7.9,6.5,4.5,9.2,1.2,0.24,0.11,0.53,0.45,0.1,1.89,raw/FSNAU-Technical-Series-Report-Post-Gu-2012-Nutrition-Analysis.pdf,69,raw/FSNAU-Technical-Series-Report-Post-Gu-2012-Nutrition-Analysis.pdf p69,True,1.0,transcribed/FSNAU-Technical-Series-Report-Post-Gu-2012-Nutrition-Analysis.csv,West Golis /Guban Pastoral LZ,21.7,5.5,,,,,"Text p10 prints GAM CI as (19.9-26.1) (apparent typo). Annex Table 26 (pp 81-82) gives SAM 5.6 (3.7-7.9), lists 'Guban/West Golis' N=588."
Gu 2012,2012,Gu,July 2012,report,Awdal,Awdal,urban,SMART,,,14.9,11.8,18.7,1.9,1.0,3.5,3.5,2.0,6.0,0.9,,,,,,,raw/FSNAU-Technical-Series-Report-Post-Gu-2012-Nutrition-Analysis.pdf,78,raw/FSNAU-Technical-Series-Report-Post-Gu-2012-Nutrition-Analysis.pdf p78,True,1.0,transcribed/FSNAU-Technical-Series-Report-Post-Gu-2012-Nutrition-Analysis.csv,,,,,,,,Summary table of urban surveys; sample size and mortality not given in table. Fieldwork July 2012 per text p78.
Gu 2012,2012,Gu,July 2012,report,Bari,Bari,urban,SMART,656.0,,16.5,13.4,20.2,3.4,2.4,5.0,7.3,4.5,10.1,2.1,,,,,,,raw/FSNAU-Technical-Series-Report-Post-Gu-2012-Nutrition-Analysis.pdf,78,raw/FSNAU-Technical-Series-Report-Post-Gu-2012-Nutrition-Analysis.pdf p78,True,1.0,transcribed/FSNAU-Technical-Series-Report-Post-Gu-2012-Nutrition-Analysis.csv,,,,,,,,Summary table of urban surveys; sample size and mortality not given in table. Fieldwork July 2012 per text p78.
Gu 2012,2012,Gu,July 2012,report,Galgadud,Galgadud,urban,SMART,457.0,,15.2,8.4,25.8,2.0,0.8,5.0,7.7,1.8,13.5,2.2,,,,,,,raw/FSNAU-Technical-Series-Report-Post-Gu-2012-Nutrition-Analysis.pdf,78,raw/FSNAU-Technical-Series-Report-Post-Gu-2012-Nutrition-Analysis.pdf p78,True,1.0,transcribed/FSNAU-Technical-Series-Report-Post-Gu-2012-Nutrition-Analysis.csv,,,,,,,,Summary table of urban surveys; sample size and mortality not given in table. Fieldwork July 2012 per text p78.
Gu 2012,2012,Gu,April 2012,report,Mogadishu Town,,urban,SMART,959.0,,10.3,7.9,13.4,1.7,0.9,3.1,6.6,5.1,8.6,1.2,1.22,0.56,2.0,1.06,0.88,1.69,raw/FSNAU-Technical-Series-Report-Post-Gu-2012-Nutrition-Analysis.pdf,43,raw/FSNAU-Technical-Series-Report-Post-Gu-2012-Nutrition-Analysis.pdf p43,True,1.0,transcribed/FSNAU-Technical-Series-Report-Post-Gu-2012-Nutrition-Analysis.csv,,,,,,,,"April 2012 survey (all districts excluding Deynile and Huriwa, footnote p44); not in annex Table 26 (annex lists July only)."
Gu 2012,2012,Gu,July 2012,report,Mogadishu Town,,urban,SMART,676.0,,10.8,8.3,13.9,1.5,0.7,3.0,5.4,3.8,7.6,1.2,1.23,0.81,1.83,1.54,0.82,2.85,raw/FSNAU-Technical-Series-Report-Post-Gu-2012-Nutrition-Analysis.pdf,43,raw/FSNAU-Technical-Series-Report-Post-Gu-2012-Nutrition-Analysis.pdf p43,True,1.0,transcribed/FSNAU-Technical-Series-Report-Post-Gu-2012-Nutrition-Analysis.csv,Mogadishu Town,10.8,1.7,,,,,Annex Table 26 (pp 81-82) prints CDR CI 0.81-1.85.
Gu 2012,2012,Gu,July 2012,report,Mudug,Mudug,urban,SMART,620.0,,17.4,13.7,21.8,3.7,2.5,5.6,9.0,5.0,13.1,2.4,,,,,,,raw/FSNAU-Technical-Series-Report-Post-Gu-2012-Nutrition-Analysis.pdf,78,raw/FSNAU-Technical-Series-Report-Post-Gu-2012-Nutrition-Analysis.pdf p78,True,1.0,transcribed/FSNAU-Technical-Series-Report-Post-Gu-2012-Nutrition-Analysis.csv,,,,,,,,Summary table of urban surveys; sample size and mortality not given in table. Fieldwork July 2012 per text p78. Text p78 gives Mudug SAM 3.7 (2.5-5.6).
Gu 2012,2012,Gu,July 2012,report,Nugal,Nugal,urban,SMART,676.0,,12.6,10.1,15.7,1.8,0.9,3.4,4.7,2.7,6.8,1.0,,,,,,,raw/FSNAU-Technical-Series-Report-Post-Gu-2012-Nutrition-Analysis.pdf,78,raw/FSNAU-Technical-Series-Report-Post-Gu-2012-Nutrition-Analysis.pdf p78,True,1.0,transcribed/FSNAU-Technical-Series-Report-Post-Gu-2012-Nutrition-Analysis.csv,,,,,,,,Summary table of urban surveys; sample size and mortality not given in table. Fieldwork July 2012 per text p78.
Gu 2012,2012,Gu,July 2012,report,Sanaag,Sanaag,urban,SMART,,,8.1,5.7,11.3,0.7,0.2,2.1,5.2,2.8,9.6,0.9,,,,,,,raw/FSNAU-Technical-Series-Report-Post-Gu-2012-Nutrition-Analysis.pdf,78,raw/FSNAU-Technical-Series-Report-Post-Gu-2012-Nutrition-Analysis.pdf p78,True,1.0,transcribed/FSNAU-Technical-Series-Report-Post-Gu-2012-Nutrition-Analysis.csv,,,,,,,,Summary table of urban surveys; sample size and mortality not given in table. Fieldwork July 2012 per text p78.
Gu 2012,2012,Gu,July 2012,report,Sool,Sool,urban,SMART,,,13.6,8.7,20.7,2.0,0.9,4.4,12.4,8.7,17.3,4.0,,,,,,,raw/FSNAU-Technical-Series-Report-Post-Gu-2012-Nutrition-Analysis.pdf,78,raw/FSNAU-Technical-Series-Report-Post-Gu-2012-Nutrition-Analysis.pdf p78,True,1.0,transcribed/FSNAU-Technical-Series-Report-Post-Gu-2012-Nutrition-Analysis.csv,,,,,,,,Summary table of urban surveys; sample size and mortality not given in table. Fieldwork July 2012 per text p78.
Gu 2012,2012,Gu,July 2012,report,Togdheer,Togdheer,urban,SMART,,,14.7,10.5,20.3,3.0,1.4,6.5,6.4,3.9,10.4,1.8,,,,,,,raw/FSNAU-Technical-Series-Report-Post-Gu-2012-Nutrition-Analysis.pdf,78,raw/FSNAU-Technical-Series-Report-Post-Gu-2012-Nutrition-Analysis.pdf p78,True,1.0,transcribed/FSNAU-Technical-Series-Report-Post-Gu-2012-Nutrition-Analysis.csv,,,,,,,,Summary table of urban surveys; sample size and mortality not given in table. Fieldwork July 2012 per text p78.
Gu 2012,2012,Gu,July 2012,report,W. Galbeed,W. Galbeed,urban,SMART,,,5.2,3.7,7.3,0.5,0.1,1.9,0.9,0.3,3.0,0.0,,,,,,,raw/FSNAU-Technical-Series-Report-Post-Gu-2012-Nutrition-Analysis.pdf,78,raw/FSNAU-Technical-Series-Report-Post-Gu-2012-Nutrition-Analysis.pdf p78,True,1.0,transcribed/FSNAU-Technical-Series-Report-Post-Gu-2012-Nutrition-Analysis.csv,,,,,,,,Summary table of urban surveys; sample size and mortality not given in table. Fieldwork July 2012 per text p78.
Deyr 2012/13,2012,Deyr,December 2012,report,Baidoa IDPs,Bay,IDP,SMART,858.0,,12.8,10.1,16.1,3.5,2.4,5.0,7.5,5.7,9.9,3.1,0.48,0.28,0.84,0.67,0.27,1.61,raw/FSNAU-Technical-Series-Report-Post-Deyr-2012-13-Nutrition-Analysis.pdf,37,raw/FSNAU-Technical-Series-Report-Post-Deyr-2012-13-Nutrition-Analysis.pdf p37,True,1.0,transcribed/FSNAU-Technical-Series-Report-Post-Deyr-2012-13-Nutrition-Analysis.csv,Baidoa IDPs,12.8,3.5,,,,,Annex p73 N=751 (region table N=858 = boys 391 + girls 467).
Deyr 2012/13,2012,Deyr,October 2012,report,Berbera IDPs Returnees,,IDP,SMART,483.0,,19.9,15.4,25.3,6.6,3.8,11.0,7.7,4.9,11.7,2.1,0.2,0.07,0.55,0.21,0.03,1.6,raw/FSNAU-Technical-Series-Report-Post-Deyr-2012-13-Nutrition-Analysis.pdf,68,raw/FSNAU-Technical-Series-Report-Post-Deyr-2012-13-Nutrition-Analysis.pdf p68,True,1.0,transcribed/FSNAU-Technical-Series-Report-Post-Deyr-2012-13-Nutrition-Analysis.csv,Berbera IDPs,19.9,6.6,,,,,"Values agree with annex p73 but region Table 25 (p68) caption says 'June 2012' and its N differs (555 (boys 257 + girls 260 = 517 does not match)), so n_children taken from annex. "
Deyr 2012/13,2012,Deyr,October 2012,report,Bossaso IDPs,Northeast,IDP,SMART,797.0,,20.6,17.1,24.6,4.3,3.0,6.1,11.0,8.3,14.6,3.1,0.41,0.17,1.0,0.98,0.33,2.93,raw/FSNAU-Technical-Series-Report-Post-Deyr-2012-13-Nutrition-Analysis.pdf,57,raw/FSNAU-Technical-Series-Report-Post-Deyr-2012-13-Nutrition-Analysis.pdf p57,True,1.0,transcribed/FSNAU-Technical-Series-Report-Post-Deyr-2012-13-Nutrition-Analysis.csv,Bossaso IDPs,20.6,4.3,,,,,Annex p73 N=797. Mortality on p58 (Table 21 continued).
Deyr 2012/13,2012,Deyr,October 2012,report,Burao IDPs Returnees,,IDP,SMART,584.0,,15.5,11.6,20.5,2.1,1.0,4.1,2.6,1.3,5.2,0.7,0.28,0.12,0.63,0.35,0.08,1.46,raw/FSNAU-Technical-Series-Report-Post-Deyr-2012-13-Nutrition-Analysis.pdf,68,raw/FSNAU-Technical-Series-Report-Post-Deyr-2012-13-Nutrition-Analysis.pdf p68,True,1.0,transcribed/FSNAU-Technical-Series-Report-Post-Deyr-2012-13-Nutrition-Analysis.csv,Burao IDPs,15.5,2.1,,,,,"Values agree with annex p73 but region Table 25 (p68) caption says 'June 2012' and its N differs (517), so n_children taken from annex. Table 25 prints GAM CI as '(11.-20.5)' (truncated); lower bound 11.6 taken from annex p73."
Deyr 2012/13,2012,Deyr,December 2012,report,Dhobley IDPs,,IDP,SMART,1144.0,,20.8,,,5.1,,,17.9,,,3.8,1.92,,,2.53,,,raw/FSNAU-Technical-Series-Report-Post-Deyr-2012-13-Nutrition-Analysis.pdf,31,raw/FSNAU-Technical-Series-Report-Post-Deyr-2012-13-Nutrition-Analysis.pdf p31,True,1.0,transcribed/FSNAU-Technical-Series-Report-Post-Deyr-2012-13-Nutrition-Analysis.csv,Dobley IDPs,20.8,5.1,,,,,"No CIs for GAM/SAM/CDR/U5DR in Table 9 or annex p73. Header N=1144 (boys 582, girls 562); annex N=1114 ('Dobley IDPs')."
Deyr 2012/13,2012,Deyr,December 2012,report,Dolow IDPs,,IDP,SMART,627.0,,24.9,,,5.4,,,8.7,,,2.8,1.27,,,2.87,,,raw/FSNAU-Technical-Series-Report-Post-Deyr-2012-13-Nutrition-Analysis.pdf,27,raw/FSNAU-Technical-Series-Report-Post-Deyr-2012-13-Nutrition-Analysis.pdf p27,True,1.0,transcribed/FSNAU-Technical-Series-Report-Post-Deyr-2012-13-Nutrition-Analysis.csv,Dolow IDPs,24.9,5.4,,,,,No CIs in Table 6b or annex p73. Table 6b caption says 'May 2012' but narrative p25 states survey conducted in December 2012 and Table 2 lists December.
Deyr 2012/13,2012,Deyr,December 2012,report,Dusamareb/Guriel IDPs,Central,IDP,SMART,571.0,,22.6,,,5.8,,,15.8,,,1.4,0.85,,,1.9,,,raw/FSNAU-Technical-Series-Report-Post-Deyr-2012-13-Nutrition-Analysis.pdf,47,raw/FSNAU-Technical-Series-Report-Post-Deyr-2012-13-Nutrition-Analysis.pdf p47,True,1.0,transcribed/FSNAU-Technical-Series-Report-Post-Deyr-2012-13-Nutrition-Analysis.csv,Dhusamareeb IDPs,22.6,5.8,,,,,"Table 17 (p47, mortality p48) and annex p73 give no confidence intervals for GAM, SAM, CDR or U5DR. MUAC<12.5 given without CI."
Deyr 2012/13,2012,Deyr,October 2012,report,Galkayo IDPs,Northeast,IDP,SMART,900.0,,17.0,13.9,20.0,4.4,3.1,6.3,5.6,3.7,8.2,0.9,0.06,0.01,0.24,0.22,0.05,0.92,raw/FSNAU-Technical-Series-Report-Post-Deyr-2012-13-Nutrition-Analysis.pdf,57,raw/FSNAU-Technical-Series-Report-Post-Deyr-2012-13-Nutrition-Analysis.pdf p57,True,1.0,transcribed/FSNAU-Technical-Series-Report-Post-Deyr-2012-13-Nutrition-Analysis.csv,Galkayo IDPs,17.0,4.4,,,,,Annex p73 N=900. Mortality on p58 (Table 21 continued).; annex GAM CI upper 20.6 (region 20.0).
Deyr 2012/13,2012,Deyr,October 2012,report,Garowe IDPs,Northeast,IDP,SMART,827.0,,14.3,11.4,17.8,3.7,2.6,5.3,8.7,6.7,11.6,1.8,0.2,0.09,0.41,0.47,0.18,1.25,raw/FSNAU-Technical-Series-Report-Post-Deyr-2012-13-Nutrition-Analysis.pdf,57,raw/FSNAU-Technical-Series-Report-Post-Deyr-2012-13-Nutrition-Analysis.pdf p57,True,1.0,transcribed/FSNAU-Technical-Series-Report-Post-Deyr-2012-13-Nutrition-Analysis.csv,Garowe IDPs,14.3,3.7,,,,,Annex p73 N=827. Mortality on p58 (Table 21 continued).
Deyr 2012/13,2012,Deyr,October 2012,report,Hargeisa IDPs,,IDP,SMART,588.0,,10.9,8.7,13.6,2.3,1.2,4.2,2.9,1.7,4.8,0.7,0.19,0.08,0.44,0.35,0.08,1.48,raw/FSNAU-Technical-Series-Report-Post-Deyr-2012-13-Nutrition-Analysis.pdf,68,raw/FSNAU-Technical-Series-Report-Post-Deyr-2012-13-Nutrition-Analysis.pdf p68,True,1.0,transcribed/FSNAU-Technical-Series-Report-Post-Deyr-2012-13-Nutrition-Analysis.csv,Hargeisa IDPs,10.9,2.3,,,,,"Values agree with annex p73 but region Table 25 (p68) caption says 'June 2012' and its N differs (497), so n_children taken from annex. "
Deyr 2012/13,2012,Deyr,December 2012,report,Kismayo IDPs,,IDP,SMART,813.0,,20.3,17.7,23.2,3.9,2.8,5.5,8.1,6.5,10.2,1.2,0.49,0.31,0.76,1.28,0.76,2.15,raw/FSNAU-Technical-Series-Report-Post-Deyr-2012-13-Nutrition-Analysis.pdf,31,raw/FSNAU-Technical-Series-Report-Post-Deyr-2012-13-Nutrition-Analysis.pdf p31,True,1.0,transcribed/FSNAU-Technical-Series-Report-Post-Deyr-2012-13-Nutrition-Analysis.csv,Kismayo IDPs,20.5,4.0,,,,,"Table 9 header 'Kismayo IDPs (N=813, Boys=400, Girls=413)'. Annex p73 N=837, GAM 20.5 (17.3-24.2), SAM 4.0 (2.8-5.9)."
Deyr 2012/13,2012,Deyr,December 2012,report,Mogadishu IDP,,IDP,SMART,990.0,,16.0,12.8,19.8,3.6,2.4,5.3,8.5,6.3,10.6,1.8,0.88,0.6,1.29,2.04,1.36,3.05,raw/FSNAU-Technical-Series-Report-Post-Deyr-2012-13-Nutrition-Analysis.pdf,41,raw/FSNAU-Technical-Series-Report-Post-Deyr-2012-13-Nutrition-Analysis.pdf p41,True,1.0,transcribed/FSNAU-Technical-Series-Report-Post-Deyr-2012-13-Nutrition-Analysis.csv,Mogadishu IDPs,16.0,3.6,,,,,"Table 14 header prints N=900 (boys 499, girls 491 sum to 990); n_children 990 as printed in annex p73. Table 14 title lists 'Mogadishu IDPs'."
Deyr 2012/13,2012,Deyr,October 2012,report,Qardho IDPs,Northeast,IDP,SMART,735.0,,21.8,17.1,27.3,7.9,5.4,11.4,8.7,6.3,11.8,2.0,0.5,0.25,0.98,1.49,0.81,2.72,raw/FSNAU-Technical-Series-Report-Post-Deyr-2012-13-Nutrition-Analysis.pdf,57,raw/FSNAU-Technical-Series-Report-Post-Deyr-2012-13-Nutrition-Analysis.pdf p57,True,1.0,transcribed/FSNAU-Technical-Series-Report-Post-Deyr-2012-13-Nutrition-Analysis.csv,Qardho IDPs,21.8,7.9,,,,,Annex p73 N=737. Mortality on p58 (Table 21 continued).; annex GAM CI upper 27.5 (region 27.3).
Deyr 2012/13,2012,Deyr,December 2012,report,Beledweyn,Hiran,mixed,SMART,599.0,,24.9,16.4,35.9,11.1,5.4,21.3,23.0,13.8,32.2,6.0,0.2,0.08,0.51,0.83,0.32,2.12,raw/FSNAU-Technical-Series-Report-Post-Deyr-2012-13-Nutrition-Analysis.pdf,44,raw/FSNAU-Technical-Series-Report-Post-Deyr-2012-13-Nutrition-Analysis.pdf p44,True,1.0,transcribed/FSNAU-Technical-Series-Report-Post-Deyr-2012-13-Nutrition-Analysis.csv,Beletweyne,17.3,4.9,,,,,"District survey (administrative, majority riverine clusters per text p43). Annex p73 'Beletweyne District' N=539 prints GAM 17.3 (12.7-23.0), SAM 4.9 (2.9-8.3), CDR 0.20 (0.08-0.51); region table, text p43 and exec summary give 24.9 (16.4-35.9) / 11.1 (5.4-21.3), which are used. Table header N=599 (boys 303 + girls 296)."
Deyr 2012/13,2012,Deyr,December 2012,report,Mataban,Hiran,mixed,SMART,549.0,,24.6,19.1,31.1,7.1,4.7,10.5,20.8,13.4,28.1,4.0,0.99,0.3,1.0,1.44,0.58,3.56,raw/FSNAU-Technical-Series-Report-Post-Deyr-2012-13-Nutrition-Analysis.pdf,44,raw/FSNAU-Technical-Series-Report-Post-Deyr-2012-13-Nutrition-Analysis.pdf p44,True,1.0,transcribed/FSNAU-Technical-Series-Report-Post-Deyr-2012-13-Nutrition-Analysis.csv,Mataban District,25.2,7.4,,,,,"District survey (clusters predominantly pastoral per text p43). CDR printed 0.99 (0.30-1.00) in Table 16 and text p43; annex p73 prints 0.55 (0.30-1.00) (printed value 0.99 kept; point lies outside its own CI). Annex N=558, GAM 25.2 (19.4-32.0), SAM 7.4 (4.9-11.0)."
Deyr 2012/13,2012,Deyr,December 2012,report,Addun,Central,rural,SMART,649.0,,12.3,9.5,16.0,3.1,1.9,5.2,5.1,3.6,7.2,0.9,0.13,0.05,0.34,0.46,0.15,1.47,raw/FSNAU-Technical-Series-Report-Post-Deyr-2012-13-Nutrition-Analysis.pdf,47,raw/FSNAU-Technical-Series-Report-Post-Deyr-2012-13-Nutrition-Analysis.pdf p47,True,1.0,transcribed/FSNAU-Technical-Series-Report-Post-Deyr-2012-13-Nutrition-Analysis.csv,Addun Central,12.3,3.1,,,,,"Same values appear in Table 17 (p47-48, Central regions) and Table 20 (p54). Taken from Table 17/20 (N=649; Table 20 header gives boys 341 girls 299, Table 17 header 347/302). Annex p73 'Addun0612'. Exec summary p11 'Addun of Central and Northeast'."
Deyr 2012/13,2012,Deyr,December 2012,report,Agropastoral,Middle and Lower Juba,rural,MUAC rapid,1167.0,,,,,,,,14.4,,,2.8,,,,,,,raw/FSNAU-Technical-Series-Report-Post-Deyr-2012-13-Nutrition-Analysis.pdf,29,raw/FSNAU-Technical-Series-Report-Post-Deyr-2012-13-Nutrition-Analysis.pdf p29,True,1.0,transcribed/FSNAU-Technical-Series-Report-Post-Deyr-2012-13-Nutrition-Analysis.csv,,,,,,,,"Rapid MUAC assessment in Middle and Lower Juba (no SMART survey, inaccessible due to civil insecurity, text p29); no CI printed. N from Table 8 column header. MUAC<11.5 value 2.8. Header printed '(=1167)'."
Deyr 2012/13,2012,Deyr,December 2012,report,Bakool pastoral,Bakool,rural,SMART,608.0,,24.5,19.1,30.9,2.0,1.2,3.3,10.2,6.8,14.8,2.6,0.18,0.08,0.4,0.29,0.07,1.21,raw/FSNAU-Technical-Series-Report-Post-Deyr-2012-13-Nutrition-Analysis.pdf,34,raw/FSNAU-Technical-Series-Report-Post-Deyr-2012-13-Nutrition-Analysis.pdf p34,True,1.0,transcribed/FSNAU-Technical-Series-Report-Post-Deyr-2012-13-Nutrition-Analysis.csv,Bakool Pastoral,24.5,2.0,,,,,Table 10 header: 'Bakool pastoral - December 2012 (N=608; Boys=288; Girls=320)'. Girls GAM printed '((24.7-39.3)' for boys (stray bracket); total unaffected. Northern Bakool only; southern Bakool inaccessible.
Deyr 2012/13,2012,Deyr,December 2012,report,Bay Agro-pastoral,Bay,rural,SMART,642.0,,18.7,14.7,23.4,2.0,0.8,5.0,10.5,7.1,15.1,2.3,0.8,0.52,1.25,1.86,1.15,3.0,raw/FSNAU-Technical-Series-Report-Post-Deyr-2012-13-Nutrition-Analysis.pdf,37,raw/FSNAU-Technical-Series-Report-Post-Deyr-2012-13-Nutrition-Analysis.pdf p37,True,1.0,transcribed/FSNAU-Technical-Series-Report-Post-Deyr-2012-13-Nutrition-Analysis.csv,Bay Agropastoral,18.7,2.0,,,,,"Annex p73 'BayAgrop': SAM CI (0.7-5.4), same point estimate; MUAC<11.5 CI (0.8-4.8) not recorded."
Deyr 2012/13,2012,Deyr,December 2012,report,Coastal Deeh,Northeast,rural,SMART,729.0,,10.2,7.7,13.3,1.5,0.8,2.8,4.3,2.7,6.8,0.5,0.19,0.08,0.43,0.56,0.21,1.46,raw/FSNAU-Technical-Series-Report-Post-Deyr-2012-13-Nutrition-Analysis.pdf,53,raw/FSNAU-Technical-Series-Report-Post-Deyr-2012-13-Nutrition-Analysis.pdf p53,True,1.0,transcribed/FSNAU-Technical-Series-Report-Post-Deyr-2012-13-Nutrition-Analysis.csv,Coastal Deeh,,,,,,,Annex p73 'Coastal deeh (NE)' CDR CI 0.19 (0.08-0.40). This is the Northeast SMART survey; the Central Coastal Deeh MUAC rapid assessment is a separate row.
Deyr 2012/13,2012,Deyr,December 2012,report,Coastal Deeh,Central,rural,MUAC rapid,358.0,,,,,,,,10.1,6.5,15.1,2.2,0.27,0.08,0.99,0.55,0.1,2.84,raw/FSNAU-Technical-Series-Report-Post-Deyr-2012-13-Nutrition-Analysis.pdf,49,raw/FSNAU-Technical-Series-Report-Post-Deyr-2012-13-Nutrition-Analysis.pdf p49,True,1.0,transcribed/FSNAU-Technical-Series-Report-Post-Deyr-2012-13-Nutrition-Analysis.csv,Coastal Deeh NE,10.2,1.5,,,,,Rapid MUAC assessment in Central Coastal Deeh (South Mudug and Galgadud); distinct from the Northeast Coastal Deeh SMART survey (Table 19). Girls MUAC<12.5 CI printed truncated '(6.7-'. MUAC<11.5 value 2.2 (0.7-6.8). Not in annex.
Deyr 2012/13,2012,Deyr,December 2012,report,Cowpea belt,Central,rural,MUAC rapid,424.0,,,,,,,,8.0,5.4,11.7,0.9,0.34,0.16,0.72,1.21,0.54,2.68,raw/FSNAU-Technical-Series-Report-Post-Deyr-2012-13-Nutrition-Analysis.pdf,49,raw/FSNAU-Technical-Series-Report-Post-Deyr-2012-13-Nutrition-Analysis.pdf p49,True,1.0,transcribed/FSNAU-Technical-Series-Report-Post-Deyr-2012-13-Nutrition-Analysis.csv,,,,,,,,"Rapid MUAC assessment (central agro-pastoral cowpea belt, South Mudug and Galgadud); no SMART survey due to insecurity-induced lack of access (exec summary p11). MUAC<11.5 value 0.9 (0.3-3.3). N=424 printed in table header. Not in annex."
Deyr 2012/13,2012,Deyr,December 2012,report,EGolis (NW),NW,rural,SMART,642.0,,11.3,9.1,13.9,1.7,0.9,3.2,1.7,0.9,3.4,0.6,0.25,0.11,0.56,0.65,0.24,1.62,raw/FSNAU-Technical-Series-Report-Post-Deyr-2012-13-Nutrition-Analysis.pdf,73,raw/FSNAU-Technical-Series-Report-Post-Deyr-2012-13-Nutrition-Analysis.pdf p73,True,1.0,transcribed/FSNAU-Technical-Series-Report-Post-Deyr-2012-13-Nutrition-Analysis.csv,E Golis (NW),,,,,,,"Values from annex Table 29 (p73). Region Table 24 (p65, captioned 'July 2012') has different sample size (N=504) and mixes July 2012 figures, so not used for n/CIs; Annex prints SAM CI as '(0.9-3.20' (missing bracket). MUAC from Table 24 (p65) East Golis/Gebbi Valley column: MUAC<12.5 1.7 (0.9-3.4), MUAC<11.5 0.6; Table 24 N differs from annex. Text p64 prints SAM as '2.7 (0.9-3.2)' (apparent typo for 1.7). Table 2 name: 'East Golis/Gebbi Pastoral LZ (Northwest)'."
Deyr 2012/13,2012,Deyr,December 2012,report,East Golis/Karkaar,Northeast,rural,SMART,705.0,,13.5,10.2,17.5,3.4,2.2,5.3,3.5,2.2,5.5,0.7,0.07,0.02,0.29,0.27,0.07,1.14,raw/FSNAU-Technical-Series-Report-Post-Deyr-2012-13-Nutrition-Analysis.pdf,53,raw/FSNAU-Technical-Series-Report-Post-Deyr-2012-13-Nutrition-Analysis.pdf p53,True,1.0,transcribed/FSNAU-Technical-Series-Report-Post-Deyr-2012-13-Nutrition-Analysis.csv,E Golis (NE),13.5,3.4,,,,,"Annex p73 'EGolis (NE)' N=649, CDR 0.13 (0.05-0.34), U5DR 0.46 (0.15-1.47) (same as Addun row); GAM/SAM agree. Table 19 caption has no fieldwork date; Table 2 lists East Golis/Kakaar Pastoral LZ (Northeast) as December."
Deyr 2012/13,2012,Deyr,December 2012,report,Gedo Agropastoral,Gedo,rural,SMART,567.0,,13.6,11.0,16.6,2.1,1.2,3.7,17.9,14.9,21.2,1.6,1.45,0.82,2.56,3.66,1.94,6.7,raw/FSNAU-Technical-Series-Report-Post-Deyr-2012-13-Nutrition-Analysis.pdf,26,raw/FSNAU-Technical-Series-Report-Post-Deyr-2012-13-Nutrition-Analysis.pdf p26,True,1.0,transcribed/FSNAU-Technical-Series-Report-Post-Deyr-2012-13-Nutrition-Analysis.csv,North Gedo Agro pastoral,13.6,2.1,,,,,Northern Gedo. See Gedo Riverine note on annex swap (annex 'North Gedo Agro-pastoral' shows 15.5 (11.1-21.1) / 3.8 (2.3-6.1) / CDR 0.67 / U5DR 0.71).
Deyr 2012/13,2012,Deyr,December 2012,report,Gedo Pastoral,Gedo,rural,SMART,507.0,,15.6,12.7,19.0,1.8,0.9,3.3,12.4,9.8,15.5,2.9,0.63,0.37,1.04,2.0,1.06,3.74,raw/FSNAU-Technical-Series-Report-Post-Deyr-2012-13-Nutrition-Analysis.pdf,26,raw/FSNAU-Technical-Series-Report-Post-Deyr-2012-13-Nutrition-Analysis.pdf p26,True,1.0,transcribed/FSNAU-Technical-Series-Report-Post-Deyr-2012-13-Nutrition-Analysis.csv,North Gedo Pastoral,15.6,1.8,,,,,"Northern Gedo. Annex p73 'Daawo pastoral': GAM CI (12.4-19.4), SAM CI (0.1-3.3)."
Deyr 2012/13,2012,Deyr,December 2012,report,Gedo Riverine,Gedo,rural,SMART,581.0,,15.5,12.8,18.7,3.8,2.5,5.7,8.3,63.0,10.8,0.8,0.67,0.34,1.32,0.71,0.27,1.82,raw/FSNAU-Technical-Series-Report-Post-Deyr-2012-13-Nutrition-Analysis.pdf,26,raw/FSNAU-Technical-Series-Report-Post-Deyr-2012-13-Nutrition-Analysis.pdf p26,True,1.0,transcribed/FSNAU-Technical-Series-Report-Post-Deyr-2012-13-Nutrition-Analysis.csv,North Gedo Riverine,15.5,3.8,,,,,"Northern Gedo. MUAC<12.5 CI printed '(63-10.8)' (apparent typo, kept as 63). Annex p73 lists 'North Gedo Riverine' with GAM 13.6 (10.7-17.1), SAM 2.1 (1.1-4.1), CDR 1.45, U5DR 3.66 and 'North Gedo Agro-pastoral' with 15.5/3.8/0.67/0.71, i.e. the annex swaps riverine and agro-pastoral results relative to Table 6a, text p25 and exec summary p11 (which agree with Table 6a); Table 6a used. Text p25 U5DR sentence is itself inconsistent."
Deyr 2012/13,2012,Deyr,December 2012,report,Hawd,Central,rural,SMART,686.0,,14.4,11.2,18.3,1.9,1.1,3.3,7.4,5.2,10.6,1.6,0.37,0.15,0.9,1.03,0.33,3.18,raw/FSNAU-Technical-Series-Report-Post-Deyr-2012-13-Nutrition-Analysis.pdf,47,raw/FSNAU-Technical-Series-Report-Post-Deyr-2012-13-Nutrition-Analysis.pdf p47,True,1.0,transcribed/FSNAU-Technical-Series-Report-Post-Deyr-2012-13-Nutrition-Analysis.csv,Hawd Central,14.4,1.9,,,,,Mortality on p48 (continuation of Table 17); MUAC<11.5 CI printed (0.0-4.3) / '(0.4-4.3)' not recorded. Annex p73 'Hawd0612' prints SAM CI (1.1-3.4); exec summary p11 also (1.1-3.4). Also reproduced in Table 20 (p54). Table 2 lists 'Hawd Pastoral LZ (Central and Northeast)'.
Deyr 2012/13,2012,Deyr,December 2012,report,Hawd (NW),NW,rural,SMART,622.0,,14.6,10.6,19.8,3.0,1.7,5.2,1.8,0.9,3.3,0.3,0.17,0.04,0.67,0.46,0.1,2.06,raw/FSNAU-Technical-Series-Report-Post-Deyr-2012-13-Nutrition-Analysis.pdf,73,raw/FSNAU-Technical-Series-Report-Post-Deyr-2012-13-Nutrition-Analysis.pdf p73,True,1.0,transcribed/FSNAU-Technical-Series-Report-Post-Deyr-2012-13-Nutrition-Analysis.csv,NW Hawd,14.6,3.0,,,,,"Values from annex Table 29 (p73). Region Table 24 (p65, captioned 'July 2012') has different sample size (N=410) and mixes July 2012 figures, so not used for n/CIs; GAM/SAM agree with Table 24 (p65). MUAC from Table 24 Hawd column: MUAC<12.5 1.8 (0.9-3.3), MUAC<11.5 0.3 (0.1-1.3); Table 24 N differs from annex."
Deyr 2012/13,2012,Deyr,December 2012,report,NW Agropastoral,,rural,SMART,617.0,,11.8,8.8,15.6,1.3,0.6,3.0,,,,,0.18,0.06,0.49,0.69,0.2,2.32,raw/FSNAU-Technical-Series-Report-Post-Deyr-2012-13-Nutrition-Analysis.pdf,73,raw/FSNAU-Technical-Series-Report-Post-Deyr-2012-13-Nutrition-Analysis.pdf p73,True,1.0,transcribed/FSNAU-Technical-Series-Report-Post-Deyr-2012-13-Nutrition-Analysis.csv,NW Agropastoral,,,,,,,"Values from annex Table 29 (p73). Region Table 24 (p65, captioned 'July 2012') has different sample size (N=451) and mixes July 2012 figures, so not used for n/CIs; Table 24 agro-pastoral column prints GAM 11.8 (10.3-17.3) and SAM 1.1 (0.5-2.6); text p64 prints GAM 11.8 (8.8-18.6) SAM 1.3 (0.6-3.0). MUAC not recorded (Table 24 column appears to carry July 2012 values). Table 2 (p9) lists 'Agropastoral LZ (Togdheer & Northwest)'."
Deyr 2012/13,2012,Deyr,December 2012,report,Nugal Valley,,rural,SMART,591.0,,12.5,9.2,16.8,2.4,1.4,4.1,2.0,0.9,4.5,0.3,0.13,0.04,0.4,0.35,0.09,1.42,raw/FSNAU-Technical-Series-Report-Post-Deyr-2012-13-Nutrition-Analysis.pdf,63,raw/FSNAU-Technical-Series-Report-Post-Deyr-2012-13-Nutrition-Analysis.pdf p63,True,1.0,transcribed/FSNAU-Technical-Series-Report-Post-Deyr-2012-13-Nutrition-Analysis.csv,Nugal Valley,,2.4,,,,,"Annex p73 lists this as 'Nugal0712' with N=593 and CDR 0.13 (0.04-0.41); Table 20 (p54-55, Northeast) shows Nugal Valley with N=619. Table 23 caption says 'December 2011' (stale). Table 2 lists Nugal Valley Pastoral LZ as December 2012."
Deyr 2012/13,2012,Deyr,December 2012,report,Pastoral,Middle and Lower Juba,rural,MUAC rapid,1125.0,,,,,,,,9.6,,,1.6,,,,,,,raw/FSNAU-Technical-Series-Report-Post-Deyr-2012-13-Nutrition-Analysis.pdf,29,raw/FSNAU-Technical-Series-Report-Post-Deyr-2012-13-Nutrition-Analysis.pdf p29,True,1.0,transcribed/FSNAU-Technical-Series-Report-Post-Deyr-2012-13-Nutrition-Analysis.csv,Addun Pastoral,,,,,,,"Rapid MUAC assessment in Middle and Lower Juba (no SMART survey, inaccessible due to civil insecurity, text p29); no CI printed. N from Table 8 column header. MUAC<11.5 value 1.6."
Deyr 2012/13,2012,Deyr,December 2012,report,Riverine,Middle and Lower Juba,rural,MUAC rapid,1312.0,,,,,,,,18.7,,,2.4,,,,,,,raw/FSNAU-Technical-Series-Report-Post-Deyr-2012-13-Nutrition-Analysis.pdf,29,raw/FSNAU-Technical-Series-Report-Post-Deyr-2012-13-Nutrition-Analysis.pdf p29,True,1.0,transcribed/FSNAU-Technical-Series-Report-Post-Deyr-2012-13-Nutrition-Analysis.csv,,,,,,,,"Rapid MUAC assessment in Middle and Lower Juba (no SMART survey, inaccessible due to civil insecurity, text p29); no CI printed. N from Table 8 column header. MUAC<11.5 value 2.4."
Deyr 2012/13,2012,Deyr,December 2012,report,Sool plateau,,rural,SMART,662.0,,8.4,5.9,11.9,0.9,0.4,1.9,1.8,0.8,3.9,0.6,0.12,0.05,0.31,0.29,0.07,1.23,raw/FSNAU-Technical-Series-Report-Post-Deyr-2012-13-Nutrition-Analysis.pdf,63,raw/FSNAU-Technical-Series-Report-Post-Deyr-2012-13-Nutrition-Analysis.pdf p63,True,1.0,transcribed/FSNAU-Technical-Series-Report-Post-Deyr-2012-13-Nutrition-Analysis.csv,Sool Plateau,8.4,0.9,,,,,Table 23 caption says 'December 2011' (apparent stale caption; table lists Dec 2012 survey per Table 2 p9 and narrative). Table 19 (p53) also shows Sool plateau with N=748 and same GAM; annex p73 N=662 agrees with Table 23. MUAC<11.5 CI printed (0.2-1.6) not recorded.
Deyr 2012/13,2012,Deyr,December 2012,report,West Golis/Guban,,rural,SMART,673.0,,17.3,3.5,21.9,2.1,2.1,3.6,5.5,3.9,7.7,1.0,0.11,0.03,0.34,0.32,0.08,1.31,raw/FSNAU-Technical-Series-Report-Post-Deyr-2012-13-Nutrition-Analysis.pdf,63,raw/FSNAU-Technical-Series-Report-Post-Deyr-2012-13-Nutrition-Analysis.pdf p63,True,1.0,transcribed/FSNAU-Technical-Series-Report-Post-Deyr-2012-13-Nutrition-Analysis.csv,West Golis /Guban Pastoral LZ,17.3,2.1,,,,,"GAM CI printed '(3.5-21.9)' and SAM CI '(2.1-3.6)' in region table (apparent typos); annex p73 prints GAM 17.3 (13.5-21.9), SAM 2.1 (1.2-3.6). Table 23 caption says 'December 2011' (stale caption)."
Deyr 2012/13,2012,Deyr,December 2012,report,Afgoye Town,,urban,SMART,966.0,,8.7,6.9,10.9,2.1,1.2,3.6,6.4,4.7,8.1,1.2,0.74,0.49,1.12,1.43,0.71,2.88,raw/FSNAU-Technical-Series-Report-Post-Deyr-2012-13-Nutrition-Analysis.pdf,73,raw/FSNAU-Technical-Series-Report-Post-Deyr-2012-13-Nutrition-Analysis.pdf p73,True,1.0,transcribed/FSNAU-Technical-Series-Report-Post-Deyr-2012-13-Nutrition-Analysis.csv,Afgoye,8.7,2.1,,,,,"Values from annex p73 and text p70; MUAC from Table 27 (p70). Region Table 14 (p41) prints different values for Afgoye (N=946, GAM 7.9 (5.9-10.9), SAM 1.2 (0.6-2.3)) and no MUAC<12.5 figures, apparently garbled, so not used. CDR/U5DR agree in both."
Deyr 2012/13,2012,Deyr,December 2012,report,Awdal Region Uban LZ,Awdal,urban,SMART,460.0,,9.9,7.4,13.1,1.3,0.6,2.8,1.5,0.4,5.2,0.2,,,,,,,raw/FSNAU-Technical-Series-Report-Post-Deyr-2012-13-Nutrition-Analysis.pdf,73,raw/FSNAU-Technical-Series-Report-Post-Deyr-2012-13-Nutrition-Analysis.pdf p73,True,1.0,transcribed/FSNAU-Technical-Series-Report-Post-Deyr-2012-13-Nutrition-Analysis.csv,Awdal Urban,9.9,1.3,,,,,"Urban SMART survey; values from annex p73 (N, GAM, SAM) and Table 27 p70 (MUAC). No mortality reported. Name as printed in annex ('Uban')."
Deyr 2012/13,2012,Deyr,December 2012,report,Bari Region Urban LZ,Bari,urban,SMART,672.0,,18.4,14.4,23.2,4.7,3.1,7.2,5.8,4.3,7.8,1.9,,,,,,,raw/FSNAU-Technical-Series-Report-Post-Deyr-2012-13-Nutrition-Analysis.pdf,73,raw/FSNAU-Technical-Series-Report-Post-Deyr-2012-13-Nutrition-Analysis.pdf p73,True,1.0,transcribed/FSNAU-Technical-Series-Report-Post-Deyr-2012-13-Nutrition-Analysis.csv,Bari Urban,18.4,4.7,,,,,"Urban SMART survey; values from annex p73 (N, GAM, SAM) and Table 27 p70 (MUAC). No mortality reported. "
Deyr 2012/13,2012,Deyr,December 2012,report,Galbeed Region Urban LZ,Galbeed,urban,SMART,501.0,,10.6,7.9,14.1,1.4,0.6,3.1,1.6,0.6,3.9,0.4,,,,,,,raw/FSNAU-Technical-Series-Report-Post-Deyr-2012-13-Nutrition-Analysis.pdf,73,raw/FSNAU-Technical-Series-Report-Post-Deyr-2012-13-Nutrition-Analysis.pdf p73,True,1.0,transcribed/FSNAU-Technical-Series-Report-Post-Deyr-2012-13-Nutrition-Analysis.csv,Woq Galbeed Region Urban,10.6,1.4,,,,,"Urban SMART survey; values from annex p73 (N, GAM, SAM) and Table 27 p70 (MUAC). No mortality reported. "
Deyr 2012/13,2012,Deyr,December 2012,report,Galgadud Region Urban LZ,Galgadud,urban,SMART,870.0,,10.7,6.8,16.4,2.3,1.2,4.5,12.4,10.3,14.82,1.8,,,,,,,raw/FSNAU-Technical-Series-Report-Post-Deyr-2012-13-Nutrition-Analysis.pdf,73,raw/FSNAU-Technical-Series-Report-Post-Deyr-2012-13-Nutrition-Analysis.pdf p73,True,1.0,transcribed/FSNAU-Technical-Series-Report-Post-Deyr-2012-13-Nutrition-Analysis.csv,Galgadud,10.7,2.3,,,,,"Urban SMART survey; values from annex p73 (N, GAM, SAM) and Table 27 p70 (MUAC). No mortality reported. Annex prints stray '95' after the GAM and SAM CIs ('(6.8-16.4 95)', '(1.2-4.5 95)'); Table 27 prints MUAC<12.5 CI upper as 14.82."
Deyr 2012/13,2012,Deyr,December 2012,report,Mogadishu Town,,urban,SMART,635.0,,9.7,7.1,13.2,1.6,0.8,3.4,11.3,8.3,14.4,3.5,0.92,0.55,1.54,0.65,0.25,1.71,raw/FSNAU-Technical-Series-Report-Post-Deyr-2012-13-Nutrition-Analysis.pdf,41,raw/FSNAU-Technical-Series-Report-Post-Deyr-2012-13-Nutrition-Analysis.pdf p41,True,1.0,transcribed/FSNAU-Technical-Series-Report-Post-Deyr-2012-13-Nutrition-Analysis.csv,Mogadishu Town,9.7,1.6,,,,,Table 14 prints SAM CI as '(0.8-3.4' (missing bracket). Also listed in Table 2 as 'Mogadishu Urban LZ'.
Deyr 2012/13,2012,Deyr,December 2012,report,Mudug Region Urban LZ,Mudug,urban,SMART,704.0,,12.8,9.8,16.5,2.2,1.1,4.3,7.7,5.9,9.9,1.3,,,,,,,raw/FSNAU-Technical-Series-Report-Post-Deyr-2012-13-Nutrition-Analysis.pdf,73,raw/FSNAU-Technical-Series-Report-Post-Deyr-2012-13-Nutrition-Analysis.pdf p73,True,1.0,transcribed/FSNAU-Technical-Series-Report-Post-Deyr-2012-13-Nutrition-Analysis.csv,Mudug,12.8,2.2,,,,,"Urban SMART survey; values from annex p73 (N, GAM, SAM) and Table 27 p70 (MUAC). No mortality reported. "
Deyr 2012/13,2012,Deyr,December 2012,report,Nugal Region Urban LZ,Nugal,urban,SMART,640.0,,13.3,10.7,16.5,2.6,1.5,4.6,4.5,93.1,6.5,0.5,,,,,,,raw/FSNAU-Technical-Series-Report-Post-Deyr-2012-13-Nutrition-Analysis.pdf,73,raw/FSNAU-Technical-Series-Report-Post-Deyr-2012-13-Nutrition-Analysis.pdf p73,True,1.0,transcribed/FSNAU-Technical-Series-Report-Post-Deyr-2012-13-Nutrition-Analysis.csv,Nugaal Urban,13.3,2.6,,,,,"Urban SMART survey; values from annex p73 (N, GAM, SAM) and Table 27 p70 (MUAC). No mortality reported. Table 27 prints MUAC<12.5 CI as '(93.1-6.5)' (apparent typo, kept)."
Deyr 2012/13,2012,Deyr,December 2012,report,Sanaag Region Urban LZ,Sanaag,urban,SMART,468.0,,13.9,11.9,16.1,1.7,1.2,2.5,4.4,3.8,5.1,0.4,,,,,,,raw/FSNAU-Technical-Series-Report-Post-Deyr-2012-13-Nutrition-Analysis.pdf,73,raw/FSNAU-Technical-Series-Report-Post-Deyr-2012-13-Nutrition-Analysis.pdf p73,True,1.0,transcribed/FSNAU-Technical-Series-Report-Post-Deyr-2012-13-Nutrition-Analysis.csv,Sanaag Region Urban,13.9,1.7,,,,,"Urban SMART survey; values from annex p73 (N, GAM, SAM) and Table 27 p70 (MUAC). No mortality reported. "
Deyr 2012/13,2012,Deyr,December 2012,report,Sool Region Urban LZ,Sool,urban,SMART,449.0,,7.1,4.8,10.5,1.1,0.5,2.6,3.8,2.2,6.5,0.9,,,,,,,raw/FSNAU-Technical-Series-Report-Post-Deyr-2012-13-Nutrition-Analysis.pdf,73,raw/FSNAU-Technical-Series-Report-Post-Deyr-2012-13-Nutrition-Analysis.pdf p73,True,1.0,transcribed/FSNAU-Technical-Series-Report-Post-Deyr-2012-13-Nutrition-Analysis.csv,Sool Region Urban,7.1,1.1,,,,,"Urban SMART survey; values from annex p73 (N, GAM, SAM) and Table 27 p70 (MUAC). No mortality reported. "
Deyr 2012/13,2012,Deyr,December 2012,report,Togdheer Region Urban LZ,Togdheer,urban,SMART,459.0,,12.1,8.2,17.5,1.6,0.7,3.5,6.1,2.9,12.6,0.0,,,,,,,raw/FSNAU-Technical-Series-Report-Post-Deyr-2012-13-Nutrition-Analysis.pdf,73,raw/FSNAU-Technical-Series-Report-Post-Deyr-2012-13-Nutrition-Analysis.pdf p73,True,1.0,transcribed/FSNAU-Technical-Series-Report-Post-Deyr-2012-13-Nutrition-Analysis.csv,Togdheer Region Urban,12.1,1.6,,,,,"Urban SMART survey; values from annex p73 (N, GAM, SAM) and Table 27 p70 (MUAC). No mortality reported. Table 27 MUAC<11.5 printed 0.0 (0.0-0.0)."
Gu 2013,2013,Gu,September 2013,report,Baidoa IDPs,Bay,IDP,SMART,714.0,,15.8,12.3,,3.4,2.0,5.6,10.0,7.3,13.6,1.2,0.11,0.03,0.39,0.81,0.23,2.8,raw/FSNAU-Technical-Series-Report-Post-Gu-2013-Nutrition-Analysis.pdf,66,raw/FSNAU-Technical-Series-Report-Post-Gu-2013-Nutrition-Analysis.pdf p66,True,1.0,transcribed/FSNAU-Technical-Series-Report-Post-Gu-2013-Nutrition-Analysis.csv,Baidoa IDPs,15.8,3.4,,,,,"GAM CI printed '15.8 (12.3 - 0.0)': upper bound printed 0.0 (apparent typo), left blank."
Gu 2013,2013,Gu,July 2013,report,Berbera IDPs Returnees,,IDP,SMART,513.0,28.0,10.8,8.7,13.5,2.0,1.2,3.3,2.5,1.3,4.8,0.6,0.28,0.14,0.55,0.77,0.3,2.0,raw/FSNAU-Technical-Series-Report-Post-Gu-2013-Nutrition-Analysis.pdf,34,raw/FSNAU-Technical-Series-Report-Post-Gu-2013-Nutrition-Analysis.pdf p34,True,1.0,transcribed/FSNAU-Technical-Series-Report-Post-Gu-2013-Nutrition-Analysis.csv,Berbera IDPs,10.8,2.0,,,,,"GAM CI printed '8.7-13.5))'. MUAC, CDR and U5DR on p35."
Gu 2013,2013,Gu,August 2013,report,Bossaso IDP's,Northeast,IDP,SMART,863.0,,17.3,14.5,20.5,3.8,2.6,5.6,10.6,8.4,12.9,2.0,0.18,0.09,0.39,0.35,0.11,1.1,raw/FSNAU-Technical-Series-Report-Post-Gu-2013-Nutrition-Analysis.pdf,40,raw/FSNAU-Technical-Series-Report-Post-Gu-2013-Nutrition-Analysis.pdf p40,True,1.0,transcribed/FSNAU-Technical-Series-Report-Post-Gu-2013-Nutrition-Analysis.csv,Bossaso IDPs,17.3,3.8,,,,,CDR/U5DR on p41 (continuation).
Gu 2013,2013,Gu,July 2013,report,Burao IDPs Returnees,,IDP,SMART,706.0,32.0,14.2,11.5,17.5,2.6,1.7,3.9,3.1,2.0,4.8,0.1,0.17,0.06,0.5,0.61,0.23,1.6,raw/FSNAU-Technical-Series-Report-Post-Gu-2013-Nutrition-Analysis.pdf,34,raw/FSNAU-Technical-Series-Report-Post-Gu-2013-Nutrition-Analysis.pdf p34,True,1.0,transcribed/FSNAU-Technical-Series-Report-Post-Gu-2013-Nutrition-Analysis.csv,Burao IDPs,14.2,2.6,,,,,"MUAC, CDR and U5DR on p35."
Gu 2013,2013,Gu,May 2013 (planned),report,Dhobley IDP's,Lower Juba,IDP,SMART,694.0,,20.3,,,6.4,,,13.5,,,3.8,1.53,,,1.96,,,raw/FSNAU-Technical-Series-Report-Post-Gu-2013-Nutrition-Analysis.pdf,55,raw/FSNAU-Technical-Series-Report-Post-Gu-2013-Nutrition-Analysis.pdf p55,True,1.0,transcribed/FSNAU-Technical-Series-Report-Post-Gu-2013-Nutrition-Analysis.csv,Dobley IDPs,20.3,6.4,,,,,No confidence intervals for Dhobley IDPs in Table 21. CDR/U5DR on p56. Planned time frame p68 May 2013.
Gu 2013,2013,Gu,September 2013,report,Dhusamreeb IDP,Central,IDP,SMART,383.0,,21.4,,,3.1,,,9.7,,,3.6,0.35,,,0.8,,,raw/FSNAU-Technical-Series-Report-Post-Gu-2013-Nutrition-Analysis.pdf,45,raw/FSNAU-Technical-Series-Report-Post-Gu-2013-Nutrition-Analysis.pdf p45,True,1.0,transcribed/FSNAU-Technical-Series-Report-Post-Gu-2013-Nutrition-Analysis.csv,Dhusamareeb IDPs,21.4,3.1,,,,,"No confidence intervals printed for GAM, SAM, MUAC, CDR, U5DR (CDR/U5DR on p46 printed '0.35/10,000/day', '0.80 /10,000/day'). Header 'N=383: Boys=174; Girls=209'."
Gu 2013,2013,Gu,June 2013 (planned),report,Dolow IDP's,Gedo,IDP,SMART,697.0,,16.4,,,3.3,,,11.4,,,1.4,0.75,,,0.87,,,raw/FSNAU-Technical-Series-Report-Post-Gu-2013-Nutrition-Analysis.pdf,51,raw/FSNAU-Technical-Series-Report-Post-Gu-2013-Nutrition-Analysis.pdf p51,True,1.0,transcribed/FSNAU-Technical-Series-Report-Post-Gu-2013-Nutrition-Analysis.csv,Dolow IDPs,16.4,3.3,,,,,No confidence intervals in Table 20 (pages 51-52). Header 'N=697: Boys=345; Girls=352'. Planned June 2013 (p68). MUAC and mortality on p52.
Gu 2013,2013,Gu,December 2013,report,Galkayo IDP's,Northeast,IDP,SMART,907.0,,19.4,17.0,21.1,2.5,1.8,3.6,6.9,4.3,10.8,0.6,0.22,0.08,0.58,0.23,0.06,0.95,raw/FSNAU-Technical-Series-Report-Post-Gu-2013-Nutrition-Analysis.pdf,42,raw/FSNAU-Technical-Series-Report-Post-Gu-2013-Nutrition-Analysis.pdf p42,True,1.0,transcribed/FSNAU-Technical-Series-Report-Post-Gu-2013-Nutrition-Analysis.csv,Galkayo IDPs,19.4,2.5,,,,,"Table 15 caption prints 'December 2013' (impossible for a report issued 31 Oct 2013; kept as printed; planned time frame p68 says May 2013). Header N printed 907 (boys 475, girls 432; these sum to 907)."
Gu 2013,2013,Gu,August 2013,report,Garowe IDP's,Northeast,IDP,SMART,756.0,,19.2,16.1,22.6,5.8,4.6,7.4,11.6,9.4,14.2,2.9,0.16,0.05,0.53,0.26,0.06,1.09,raw/FSNAU-Technical-Series-Report-Post-Gu-2013-Nutrition-Analysis.pdf,40,raw/FSNAU-Technical-Series-Report-Post-Gu-2013-Nutrition-Analysis.pdf p40,True,1.0,transcribed/FSNAU-Technical-Series-Report-Post-Gu-2013-Nutrition-Analysis.csv,Garowe IDPs,19.2,5.8,,,,,CDR/U5DR on p41.
Gu 2013,2013,Gu,July 2013,report,Hargeisa IDPs,,IDP,SMART,495.0,30.0,18.2,14.3,23.0,2.5,1.3,4.7,7.3,5.4,9.8,2.6,0.23,0.07,0.78,0.57,0.13,2.0,raw/FSNAU-Technical-Series-Report-Post-Gu-2013-Nutrition-Analysis.pdf,34,raw/FSNAU-Technical-Series-Report-Post-Gu-2013-Nutrition-Analysis.pdf p34,True,1.0,transcribed/FSNAU-Technical-Series-Report-Post-Gu-2013-Nutrition-Analysis.csv,Hargeisa IDPs,18.2,2.5,,,,,"MUAC, CDR and U5DR on p35 (continuation of Table 11). Table 11 caption has stray backslash ('\Burao')."
Gu 2013,2013,Gu,May 2013 (planned),report,Kismayo IDP's,Lower Juba,IDP,SMART,845.0,,17.6,14.8,20.9,3.4,2.4,4.9,9.1,7.4,11.2,1.2,0.59,0.36,0.97,1.52,0.84,2.73,raw/FSNAU-Technical-Series-Report-Post-Gu-2013-Nutrition-Analysis.pdf,55,raw/FSNAU-Technical-Series-Report-Post-Gu-2013-Nutrition-Analysis.pdf p55,True,1.0,transcribed/FSNAU-Technical-Series-Report-Post-Gu-2013-Nutrition-Analysis.csv,Kismayo IDPs,17.6,3.4,,,,,CDR/U5DR on p56. No fieldwork month in table; planned time frame p68 May 2013.
Gu 2013,2013,Gu,August 2013,report,Mogadishu IDP,,IDP,SMART,662.0,,12.6,9.9,16.0,2.9,1.9,4.5,8.0,6.0,10.5,1.9,1.07,0.7,1.7,0.85,0.4,1.8,raw/FSNAU-Technical-Series-Report-Post-Gu-2013-Nutrition-Analysis.pdf,58,raw/FSNAU-Technical-Series-Report-Post-Gu-2013-Nutrition-Analysis.pdf p58,True,1.0,transcribed/FSNAU-Technical-Series-Report-Post-Gu-2013-Nutrition-Analysis.csv,Mogadishu IDPs,12.6,2.9,,,,,CDR/U5DR on p59.
Gu 2013,2013,Gu,August 2013,report,Qardho IDP's,Northeast,IDP,SMART,374.0,,14.9,,,2.8,,,4.1,,,1.5,0.26,,,0.28,,,raw/FSNAU-Technical-Series-Report-Post-Gu-2013-Nutrition-Analysis.pdf,40,raw/FSNAU-Technical-Series-Report-Post-Gu-2013-Nutrition-Analysis.pdf p40,True,1.0,transcribed/FSNAU-Technical-Series-Report-Post-Gu-2013-Nutrition-Analysis.csv,Qardho IDPs,14.9,2.8,,,,,"No confidence intervals printed in Table 14 for any Qardho indicator (CDR/U5DR printed '0.26/10,000/day', '0.28 /10,000/day' on p41). Header prints 'N=374: Boys=; Girls=349' (boys count missing; N=374 as printed, internally inconsistent with Girls=349, so doubtful)."
Gu 2013,2013,Gu,August 2013,report,Beletweyn,Hiran,mixed,SMART,825.0,,20.2,17.3,23.5,4.4,3.1,6.1,6.0,4.6,7.9,6.0,0.23,0.09,0.57,0.37,0.08,1.65,raw/FSNAU-Technical-Series-Report-Post-Gu-2013-Nutrition-Analysis.pdf,62,raw/FSNAU-Technical-Series-Report-Post-Gu-2013-Nutrition-Analysis.pdf p62,True,1.0,transcribed/FSNAU-Technical-Series-Report-Post-Gu-2013-Nutrition-Analysis.csv,Beletweyne,20.2,4.4,,,,,"District survey. MUAC<11.5 printed as 6.0 (4.6-7.9), identical to MUAC<12.5 (apparent copy error; boys/girls also identical). Time frame p68 lists 'Hiran-Beletwayne town'. CDR/U5DR in same table."
Gu 2013,2013,Gu,August 2013,report,Mataban,Hiran,mixed,SMART,671.0,,10.0,7.0,14.0,1.8,1.0,3.1,5.8,3.8,8.7,1.2,0.37,0.18,0.76,0.69,0.5,0.95,raw/FSNAU-Technical-Series-Report-Post-Gu-2013-Nutrition-Analysis.pdf,62,raw/FSNAU-Technical-Series-Report-Post-Gu-2013-Nutrition-Analysis.pdf p62,True,1.0,transcribed/FSNAU-Technical-Series-Report-Post-Gu-2013-Nutrition-Analysis.csv,Mataban District,10.0,1.8,,,,,"District survey (time frame p68 lists 'Hiran-Mataban urban'; Table 23 text refers to pastoral, agro-pastoral and riverine livelihoods)."
Gu 2013,2013,Gu,September 2013,report,Addun Central,Central,rural,SMART,615.0,,8.0,5.3,11.9,1.0,0.4,2.3,3.8,2.4,6.2,0.3,0.36,0.2,0.65,0.95,0.38,1.52,raw/FSNAU-Technical-Series-Report-Post-Gu-2013-Nutrition-Analysis.pdf,45,raw/FSNAU-Technical-Series-Report-Post-Gu-2013-Nutrition-Analysis.pdf p45,True,1.0,transcribed/FSNAU-Technical-Series-Report-Post-Gu-2013-Nutrition-Analysis.csv,Addun Central,8.0,1.0,,,,,GAM printed '8.0(5.3-11.9)'. CDR/U5DR on p46. Table 16 lists 'Addun'.
Gu 2013,2013,Gu,July 2013,report,Agro-pastoral,,rural,SMART,568.0,,9.4,6.7,13.0,0.7,0.3,1.8,1.8,0.9,3.4,0.0,0.18,0.07,0.51,0.37,0.09,1.52,raw/FSNAU-Technical-Series-Report-Post-Gu-2013-Nutrition-Analysis.pdf,32,raw/FSNAU-Technical-Series-Report-Post-Gu-2013-Nutrition-Analysis.pdf p32,True,1.0,transcribed/FSNAU-Technical-Series-Report-Post-Gu-2013-Nutrition-Analysis.csv,Agropastoral LZ (Togdheer ) NW,9.4,0.7,,,,,"Table 10 column 'Agro-pastoral' (Northwest agro-pastoral LZ; Table 1 'Agro pastoral LZ (Togdheer & Northwest)'). MUAC<11.5 printed 0. CDR/U5DR on p33. Table 8 (p29) lists it as 'NW Agropastoral' with GAM 9.4, SAM 0.7, no CDR/U5DR."
Gu 2013,2013,Gu,September 2013,report,Bakool Pastoral,Bakool,rural,SMART,690.0,,27.4,22.8,32.5,5.4,3.6,8.0,8.6,5.9,12.3,1.5,0.27,0.12,0.61,0.14,0.02,1.05,raw/FSNAU-Technical-Series-Report-Post-Gu-2013-Nutrition-Analysis.pdf,66,raw/FSNAU-Technical-Series-Report-Post-Gu-2013-Nutrition-Analysis.pdf p66,True,1.0,transcribed/FSNAU-Technical-Series-Report-Post-Gu-2013-Nutrition-Analysis.csv,Bakool Pastoral,27.4,5.4,,,,,No assessment in Bakool agro-pastoral livelihood (text p65).
Gu 2013,2013,Gu,September 2013,report,Bay agro-pastoral,Bay,rural,SMART,960.0,,22.6,18.5,27.3,6.0,4.5,8.0,13.3,10.0,17.4,2.2,0.29,0.16,0.52,0.44,0.18,1.09,raw/FSNAU-Technical-Series-Report-Post-Gu-2013-Nutrition-Analysis.pdf,66,raw/FSNAU-Technical-Series-Report-Post-Gu-2013-Nutrition-Analysis.pdf p66,True,1.0,transcribed/FSNAU-Technical-Series-Report-Post-Gu-2013-Nutrition-Analysis.csv,Bay Agropastoral,22.6,6.0,,,,,Table 18 (p48) also lists 'Bay Agropastral' 22.6/6.0.
Gu 2013,2013,Gu,July 2013 (planned),report,Coastal Deeh,Central,rural,MUAC rapid,,,,,,,,,9.7,,,2.0,0.23,,,0.25,,,raw/FSNAU-Technical-Series-Report-Post-Gu-2013-Nutrition-Analysis.pdf,44,raw/FSNAU-Technical-Series-Report-Post-Gu-2013-Nutrition-Analysis.pdf p44,True,1.0,transcribed/FSNAU-Technical-Series-Report-Post-Gu-2013-Nutrition-Analysis.csv,Coastal Deeh,9.7,2.0,,,,,"Rapid MUAC assessment (no SMART; access constraints, text p48); only point estimates given, no N, CIs or mortality. Values from Table 16 MUAC block (MUAC<12.5 9.7, <11.5 2.0)."
Gu 2013,2013,Gu,September 2013,report,Coastal deeh (NE),Northeast,rural,SMART,771.0,,10.8,8.7,13.3,1.7,1.1,2.7,1.4,0.7,2.8,0.4,0.11,0.04,0.35,0.36,0.12,1.12,raw/FSNAU-Technical-Series-Report-Post-Gu-2013-Nutrition-Analysis.pdf,38,raw/FSNAU-Technical-Series-Report-Post-Gu-2013-Nutrition-Analysis.pdf p38,True,1.0,transcribed/FSNAU-Technical-Series-Report-Post-Gu-2013-Nutrition-Analysis.csv,Coastal Deeh NE,10.8,1.7,,,,,CDR/U5DR on p39. GAM CI printed '10.8(8.7-13.3)'. MUAC<11.5 printed 0.4 (0.1-1.7).
Gu 2013,2013,Gu,July 2013 (planned),report,Cow pea belt,Central,rural,MUAC rapid,,,,,,,,,8.6,,,1.2,0.41,,,0.25,,,raw/FSNAU-Technical-Series-Report-Post-Gu-2013-Nutrition-Analysis.pdf,44,raw/FSNAU-Technical-Series-Report-Post-Gu-2013-Nutrition-Analysis.pdf p44,True,1.0,transcribed/FSNAU-Technical-Series-Report-Post-Gu-2013-Nutrition-Analysis.csv,,,,,,,,"Rapid MUAC assessment (no SMART; access constraints, text p48); only point estimates given, no N, CIs or mortality. MUAC<12.5/<11.5 from Table 16 header 'MUAC< 12.5 / MUAC< 11.5' (columns labelled GAM/SAM in the rows above). CDR/U5DR printed 0.41/0.25 (reported in Table 16 although rapid MUAC). Table 18 (p48) Central section lists 'Cowpea Belt' as 9.7/2.0 with the same CDR/U5DR, and South section lists 'Cowpea Belt' 8.6/1.2 (value 9.7/2.0 is Coastal Deeh in Table 16)."
Gu 2013,2013,Gu,July 2013,report,East Golis,,rural,SMART,575.0,,14.4,11.5,17.9,1.7,1.1,2.7,4.1,2.6,6.5,0.3,0.16,0.05,0.53,0.41,0.06,3.15,raw/FSNAU-Technical-Series-Report-Post-Gu-2013-Nutrition-Analysis.pdf,32,raw/FSNAU-Technical-Series-Report-Post-Gu-2013-Nutrition-Analysis.pdf p32,True,1.0,transcribed/FSNAU-Technical-Series-Report-Post-Gu-2013-Nutrition-Analysis.csv,East Golis/Gebi valley,14.4,1.7,,,,,"Table 10 column 'East Golis' (Northwest; Table 1 'East Golis/Kakaar Pastoral'). Table 8 (p29) lists 'EGolis (NW)' with CDR 0.11 and U5DR 0.81, which differ from Table 10 (p33) values recorded here. Table 10 prints SAM CI as '(1.1- 2.7)'."
Gu 2013,2013,Gu,September 2013,report,East Golis NE,Northeast,rural,SMART,581.0,,16.7,14.0,19.8,3.6,2.4,5.3,3.9,2.3,6.5,1.3,0.28,0.12,0.68,0.53,0.17,1.61,raw/FSNAU-Technical-Series-Report-Post-Gu-2013-Nutrition-Analysis.pdf,38,raw/FSNAU-Technical-Series-Report-Post-Gu-2013-Nutrition-Analysis.pdf p38,True,1.0,transcribed/FSNAU-Technical-Series-Report-Post-Gu-2013-Nutrition-Analysis.csv,E Golis (NE),16.7,3.6,,,,,Table 13 header 'E.golisNE(N=581; Boys=282; Girls=299)'. CDR/U5DR on p39. Table 12 (p37) lists 'EGolis (NE)'. Table 1 lists 'E Golis/Kakaar Pastoral'. Planned time frame (p68) July 2013.
Gu 2013,2013,Gu,June 2013 (planned),report,Gedo North Agro-Pastoral,Gedo,rural,SMART,483.0,,18.6,14.7,23.2,5.0,2.8,8.6,2.9,1.1,7.2,0.4,0.89,0.55,1.43,1.18,0.62,2.24,raw/FSNAU-Technical-Series-Report-Post-Gu-2013-Nutrition-Analysis.pdf,50,raw/FSNAU-Technical-Series-Report-Post-Gu-2013-Nutrition-Analysis.pdf p50,True,1.0,transcribed/FSNAU-Technical-Series-Report-Post-Gu-2013-Nutrition-Analysis.csv,North Gedo Agro pastoral,18.6,5.0,,,,,CDR/U5DR on p51.
Gu 2013,2013,Gu,June 2013 (planned),report,Gedo North Pastoral,Gedo,rural,SMART,686.0,,18.8,16.0,21.9,5.0,3.3,7.4,3.6,2.3,5.6,0.3,0.4,0.18,0.91,0.16,0.02,1.26,raw/FSNAU-Technical-Series-Report-Post-Gu-2013-Nutrition-Analysis.pdf,50,raw/FSNAU-Technical-Series-Report-Post-Gu-2013-Nutrition-Analysis.pdf p50,True,1.0,transcribed/FSNAU-Technical-Series-Report-Post-Gu-2013-Nutrition-Analysis.csv,North Gedo Pastoral,18.8,5.0,,,,,Table 19 prints GAM CI '(16-21.9)'. CDR/U5DR on p51. No fieldwork month in table; planned June 2013 (p68).
Gu 2013,2013,Gu,June 2013 (planned),report,Gedo North Riverine,Gedo,rural,SMART,670.0,,15.2,12.8,18.0,2.7,1.6,4.4,4.2,2.9,6.0,0.3,0.6,0.36,0.98,0.3,0.07,1.24,raw/FSNAU-Technical-Series-Report-Post-Gu-2013-Nutrition-Analysis.pdf,50,raw/FSNAU-Technical-Series-Report-Post-Gu-2013-Nutrition-Analysis.pdf p50,True,1.0,transcribed/FSNAU-Technical-Series-Report-Post-Gu-2013-Nutrition-Analysis.csv,North Gedo Riverine,15.2,2.7,,,,,Table 19 prints GAM CI '(12.8-18)'. CDR/U5DR on p51.
Gu 2013,2013,Gu,July 2013,report,Hawd,,rural,SMART,591.0,,14.4,11.5,17.9,1.7,0.9,3.1,1.7,0.7,3.6,0.0,0.26,0.11,0.6,0.43,0.11,2.7,raw/FSNAU-Technical-Series-Report-Post-Gu-2013-Nutrition-Analysis.pdf,32,raw/FSNAU-Technical-Series-Report-Post-Gu-2013-Nutrition-Analysis.pdf p32,True,1.0,transcribed/FSNAU-Technical-Series-Report-Post-Gu-2013-Nutrition-Analysis.csv,NW Hawd,14.4,1.7,,,,,Table 10 column 'Hawd' (Northwest). GAM 14.4 (11.5-17.9) is identical to East Golis in the same table (possible copy error); boys 16.0 (11.4-21.8) / girls 12.9 (9.1-18.2) differ from East Golis. CDR/U5DR on p33 printed '0.26 (0.11-0.6))' and '0.43 (0.11-2.7)'.
Gu 2013,2013,Gu,September 2013,report,Hawd Central,Central,rural,SMART,635.0,,10.6,8.1,13.8,2.1,1.2,3.7,4.9,3.1,7.7,1.6,0.39,0.2,0.77,0.76,0.31,1.84,raw/FSNAU-Technical-Series-Report-Post-Gu-2013-Nutrition-Analysis.pdf,45,raw/FSNAU-Technical-Series-Report-Post-Gu-2013-Nutrition-Analysis.pdf p45,True,1.0,transcribed/FSNAU-Technical-Series-Report-Post-Gu-2013-Nutrition-Analysis.csv,Hawd Central,10.6,2.1,,,,,Header '((N=635: Boys=341; Girls=294)'. CDR/U5DR on p46. Table 16 (p44) lists 'Hawd Central'.
Gu 2013,2013,Gu,June 2013 (planned),report,Juba Agropastoral,Middle and Lower Juba,rural,MUAC rapid,,,,,,,,,10.4,,,1.9,,,,,,,raw/FSNAU-Technical-Series-Report-Post-Gu-2013-Nutrition-Analysis.pdf,48,raw/FSNAU-Technical-Series-Report-Post-Gu-2013-Nutrition-Analysis.pdf p48,True,1.0,transcribed/FSNAU-Technical-Series-Report-Post-Gu-2013-Nutrition-Analysis.csv,,,,,,,,"Rapid MUAC assessment (no SMART survey; limited access in the South, text p48); only point estimates in Table 18, no N or CIs. Name as printed in Table 18 (also Table 3 p16). Region from name."
Gu 2013,2013,Gu,June 2013 (planned),report,Juba Pastoral,Middle and Lower Juba,rural,MUAC rapid,,,,,,,,,7.1,,,0.5,,,,,,,raw/FSNAU-Technical-Series-Report-Post-Gu-2013-Nutrition-Analysis.pdf,48,raw/FSNAU-Technical-Series-Report-Post-Gu-2013-Nutrition-Analysis.pdf p48,True,1.0,transcribed/FSNAU-Technical-Series-Report-Post-Gu-2013-Nutrition-Analysis.csv,,,,,,,,"Rapid MUAC assessment (no SMART survey; limited access in the South, text p48); only point estimates in Table 18, no N or CIs. Name as printed in Table 18 (also Table 3 p16). Region from name."
Gu 2013,2013,Gu,June 2013 (planned),report,Juba reverine,Middle and Lower Juba,rural,MUAC rapid,,,,,,,,,10.9,,,1.5,,,,,,,raw/FSNAU-Technical-Series-Report-Post-Gu-2013-Nutrition-Analysis.pdf,48,raw/FSNAU-Technical-Series-Report-Post-Gu-2013-Nutrition-Analysis.pdf p48,True,1.0,transcribed/FSNAU-Technical-Series-Report-Post-Gu-2013-Nutrition-Analysis.csv,,,,,,,,"Rapid MUAC assessment (no SMART survey; limited access in the South, text p48); only point estimates in Table 18, no N or CIs. Name as printed in Table 18 (also Table 3 p16). Region from name."
Gu 2013,2013,Gu,July 2013,report,Nugal Valley,,rural,SMART,710.0,,11.3,8.9,14.2,1.3,0.6,2.9,2.4,1.4,4.1,0.4,0.13,0.04,0.41,0.0,,,raw/FSNAU-Technical-Series-Report-Post-Gu-2013-Nutrition-Analysis.pdf,30,raw/FSNAU-Technical-Series-Report-Post-Gu-2013-Nutrition-Analysis.pdf p30,True,1.0,transcribed/FSNAU-Technical-Series-Report-Post-Gu-2013-Nutrition-Analysis.csv,Nugal Valley,11.3,1.3,,,,,"Also surveyed as part of Northeast (Table 12 lists 'Nugal0712' GAM 11.3, SAM 1.3, CDR 0.03, U5DR 0; Table 15 p42 repeats GAM/SAM/MUAC with N=710). U5DR printed as 0 (no CI). CDR/U5DR on p31."
Gu 2013,2013,Gu,June 2013 (planned),report,S. Gedo Agropastoral,Gedo,rural,MUAC rapid,,,,,,,,,14.4,,,1.6,,,,,,,raw/FSNAU-Technical-Series-Report-Post-Gu-2013-Nutrition-Analysis.pdf,48,raw/FSNAU-Technical-Series-Report-Post-Gu-2013-Nutrition-Analysis.pdf p48,True,1.0,transcribed/FSNAU-Technical-Series-Report-Post-Gu-2013-Nutrition-Analysis.csv,South Gedo Agropastoral,14.4,1.6,,,,,"Rapid MUAC assessment (no SMART survey; limited access in the South, text p48); only point estimates in Table 18, no N or CIs. Name as printed in Table 18 (also Table 3 p16). Region from name."
Gu 2013,2013,Gu,June 2013 (planned),report,S. Gedo Pastoral,Gedo,rural,MUAC rapid,,,,,,,,,15.9,,,0.1,,,,,,,raw/FSNAU-Technical-Series-Report-Post-Gu-2013-Nutrition-Analysis.pdf,48,raw/FSNAU-Technical-Series-Report-Post-Gu-2013-Nutrition-Analysis.pdf p48,True,1.0,transcribed/FSNAU-Technical-Series-Report-Post-Gu-2013-Nutrition-Analysis.csv,South Gedo Pastoral,15.9,0.1,,,,,"Rapid MUAC assessment (no SMART survey; limited access in the South, text p48); only point estimates in Table 18, no N or CIs. Name as printed in Table 18 (also Table 3 p16). Region from name."
Gu 2013,2013,Gu,June 2013 (planned),report,S. Gedo Riverine,Gedo,rural,MUAC rapid,,,,,,,,,17.0,,,1.9,,,,,,,raw/FSNAU-Technical-Series-Report-Post-Gu-2013-Nutrition-Analysis.pdf,48,raw/FSNAU-Technical-Series-Report-Post-Gu-2013-Nutrition-Analysis.pdf p48,True,1.0,transcribed/FSNAU-Technical-Series-Report-Post-Gu-2013-Nutrition-Analysis.csv,South Gedo Riverine,17.0,1.9,,,,,"Rapid MUAC assessment (no SMART survey; limited access in the South, text p48); only point estimates in Table 18, no N or CIs. Name as printed in Table 18 (also Table 3 p16). Region from name."
Gu 2013,2013,Gu,July 2013,report,Sool plateau,,rural,SMART,658.0,,10.8,8.5,13.6,1.5,0.8,3.0,2.6,1.7,3.8,0.8,0.04,0.01,0.34,0.0,,,raw/FSNAU-Technical-Series-Report-Post-Gu-2013-Nutrition-Analysis.pdf,30,raw/FSNAU-Technical-Series-Report-Post-Gu-2013-Nutrition-Analysis.pdf p30,True,1.0,transcribed/FSNAU-Technical-Series-Report-Post-Gu-2013-Nutrition-Analysis.csv,Sool Plateau,10.8,1.5,,,,,"Shared Northwest/Northeast survey: Table 13 (p38, captioned September 2013) gives identical results (CDR/U5DR on p39). Fieldwork month given as July 2013 in Table 9 caption but September 2013 in Table 13 caption. MUAC<11.5 printed 0.8 (0.3-1.8). U5DR printed 0 (no CI)."
Gu 2013,2013,Gu,July 2013,report,West Golis/Guban,,rural,SMART,710.0,,14.9,11.7,18.7,2.0,1.1,3.8,6.2,4.0,9.4,0.6,0.07,0.02,0.28,0.15,0.02,1.14,raw/FSNAU-Technical-Series-Report-Post-Gu-2013-Nutrition-Analysis.pdf,30,raw/FSNAU-Technical-Series-Report-Post-Gu-2013-Nutrition-Analysis.pdf p30,True,1.0,transcribed/FSNAU-Technical-Series-Report-Post-Gu-2013-Nutrition-Analysis.csv,West Golis /Guban Pastoral LZ,14.9,2.0,,,,,"Header N printed 710 (boys 365, girls 345), identical to the Nugal Valley header in the same table, so possibly copied. U5DR printed '0.15 (0.02-1.14)' on p31 (CI recorded below). MUAC<11.5 value 0.6 (0.2-1.4). CDR/U5DR on p31 (continuation of Table 9)."
Gu 2013,2013,Gu,July 2013 (planned),report,Adwal,Northwest,urban,SMART,,,9.8,,,0.9,,,,,,,,,,,,,raw/FSNAU-Technical-Series-Report-Post-Gu-2013-Nutrition-Analysis.pdf,29,raw/FSNAU-Technical-Series-Report-Post-Gu-2013-Nutrition-Analysis.pdf p29,True,1.0,transcribed/FSNAU-Technical-Series-Report-Post-Gu-2013-Nutrition-Analysis.csv,,,,,,,,"Summary-table values only (no sample size, CIs, MUAC or mortality given for this survey in the report). Planned time frame (p68) July 2013. Table 1 lists 'Awdal Region Urban'."
Gu 2013,2013,Gu,August 2013,report,Afgoye Town,,urban,SMART,591.0,,9.8,6.5,14.6,1.3,0.6,2.7,5.2,3.6,7.5,1.1,0.5,0.28,0.9,0.73,0.28,1.9,raw/FSNAU-Technical-Series-Report-Post-Gu-2013-Nutrition-Analysis.pdf,58,raw/FSNAU-Technical-Series-Report-Post-Gu-2013-Nutrition-Analysis.pdf p58,True,1.0,transcribed/FSNAU-Technical-Series-Report-Post-Gu-2013-Nutrition-Analysis.csv,Afgoye Town,,,,,,,CDR/U5DR on p59.
Gu 2013,2013,Gu,July 2013 (planned),report,Bari Urban,Northeast,urban,SMART,,,21.2,,,5.7,,,,,,,,,,,,,raw/FSNAU-Technical-Series-Report-Post-Gu-2013-Nutrition-Analysis.pdf,37,raw/FSNAU-Technical-Series-Report-Post-Gu-2013-Nutrition-Analysis.pdf p37,True,1.0,transcribed/FSNAU-Technical-Series-Report-Post-Gu-2013-Nutrition-Analysis.csv,Bari Urban,21.2,5.7,,,,,"Summary-table values only (no sample size, CIs, MUAC or mortality given for this survey in the report). Planned time frame (p68) July 2013. Same values in Table 3 (p16)."
Gu 2013,2013,Gu,May 2013 (planned),report,Kismayo Town,Lower Juba,urban,SMART,829.0,,19.2,16.6,22.0,5.2,3.9,6.9,10.2,8.3,12.4,1.9,0.03,0.03,0.05,0.62,0.39,0.96,raw/FSNAU-Technical-Series-Report-Post-Gu-2013-Nutrition-Analysis.pdf,55,raw/FSNAU-Technical-Series-Report-Post-Gu-2013-Nutrition-Analysis.pdf p55,True,1.0,transcribed/FSNAU-Technical-Series-Report-Post-Gu-2013-Nutrition-Analysis.csv,Kismayo town,19.2,5.2,,,,,CDR/U5DR on p56. Table 21 prints CDR as 0.03 (0.03-0.05). No fieldwork month in table; planned time frame p68 May 2013. Region from text p54 ('capital of lower Juba').
Gu 2013,2013,Gu,August 2013,report,Mogadishu Town,,urban,SMART,673.0,,8.6,6.0,12.4,1.3,0.6,2.5,7.9,5.4,11.6,1.9,,,,,,,raw/FSNAU-Technical-Series-Report-Post-Gu-2013-Nutrition-Analysis.pdf,58,raw/FSNAU-Technical-Series-Report-Post-Gu-2013-Nutrition-Analysis.pdf p58,True,1.0,transcribed/FSNAU-Technical-Series-Report-Post-Gu-2013-Nutrition-Analysis.csv,Mogadishu Town,8.6,1.3,,,,,"Header N=673 (boys 340, girls 333). No CDR/U5DR reported for Mogadishu Town (blank in Table 22 p59; '-' in Table 3)."
Gu 2013,2013,Gu,July 2013 (planned),report,Mudug,Central,urban,SMART,,,12.5,,,1.9,,,,,,,,,,,,,raw/FSNAU-Technical-Series-Report-Post-Gu-2013-Nutrition-Analysis.pdf,44,raw/FSNAU-Technical-Series-Report-Post-Gu-2013-Nutrition-Analysis.pdf p44,True,1.0,transcribed/FSNAU-Technical-Series-Report-Post-Gu-2013-Nutrition-Analysis.csv,,,,,,,,"Summary-table values only (no sample size, CIs, MUAC or mortality given for this survey in the report). Planned time frame (p68) July 2013. Time frame p68 lists 'North Mudug Urban LZ'; Table 1 lists 'Galgadud./S Mudug' urban as one survey. Also in Table 3 (p16)."
Gu 2013,2013,Gu,July 2013 (planned),report,Nugal Urban,Northeast,urban,SMART,,,10.3,,,1.4,,,,,,,,,,,,,raw/FSNAU-Technical-Series-Report-Post-Gu-2013-Nutrition-Analysis.pdf,37,raw/FSNAU-Technical-Series-Report-Post-Gu-2013-Nutrition-Analysis.pdf p37,True,1.0,transcribed/FSNAU-Technical-Series-Report-Post-Gu-2013-Nutrition-Analysis.csv,Nugaal Urban,10.3,1.4,,,,,"Summary-table values only (no sample size, CIs, MUAC or mortality given for this survey in the report). Planned time frame (p68) July 2013."
Gu 2013,2013,Gu,July 2013 (planned),report,Sanaag,Northwest,urban,SMART,,,12.7,,,3.1,,,,,,,,,,,,,raw/FSNAU-Technical-Series-Report-Post-Gu-2013-Nutrition-Analysis.pdf,29,raw/FSNAU-Technical-Series-Report-Post-Gu-2013-Nutrition-Analysis.pdf p29,True,1.0,transcribed/FSNAU-Technical-Series-Report-Post-Gu-2013-Nutrition-Analysis.csv,Sanaag Region Urban,12.7,3.1,,,,,"Summary-table values only (no sample size, CIs, MUAC or mortality given for this survey in the report). Planned time frame (p68) July 2013. Table 1 lists 'Sanaag Region Urban'."
Gu 2013,2013,Gu,July 2013 (planned),report,Sool urban,Northwest,urban,SMART,,,3.6,,,0.0,,,,,,,,,,,,,raw/FSNAU-Technical-Series-Report-Post-Gu-2013-Nutrition-Analysis.pdf,29,raw/FSNAU-Technical-Series-Report-Post-Gu-2013-Nutrition-Analysis.pdf p29,True,1.0,transcribed/FSNAU-Technical-Series-Report-Post-Gu-2013-Nutrition-Analysis.csv,Sool Region Urban,3.6,0.0,,,,,"Summary-table values only (no sample size, CIs, MUAC or mortality given for this survey in the report). Planned time frame (p68) July 2013. SAM printed '0'."
Gu 2013,2013,Gu,July 2013 (planned),report,Toghdeer,Northwest,urban,SMART,,,11.5,,,0.7,,,,,,,,,,,,,raw/FSNAU-Technical-Series-Report-Post-Gu-2013-Nutrition-Analysis.pdf,29,raw/FSNAU-Technical-Series-Report-Post-Gu-2013-Nutrition-Analysis.pdf p29,True,1.0,transcribed/FSNAU-Technical-Series-Report-Post-Gu-2013-Nutrition-Analysis.csv,Togdheer Region Urban,11.5,0.7,,,,,"Summary-table values only (no sample size, CIs, MUAC or mortality given for this survey in the report). Planned time frame (p68) July 2013."
Gu 2013,2013,Gu,July 2013 (planned),report,Woq Galbeed,Northwest,urban,SMART,,,7.7,,,0.9,,,,,,,,,,,,,raw/FSNAU-Technical-Series-Report-Post-Gu-2013-Nutrition-Analysis.pdf,29,raw/FSNAU-Technical-Series-Report-Post-Gu-2013-Nutrition-Analysis.pdf p29,True,1.0,transcribed/FSNAU-Technical-Series-Report-Post-Gu-2013-Nutrition-Analysis.csv,Woq Galbeed Region Urban,7.7,0.9,,,,,"Summary-table values only (no sample size, CIs, MUAC or mortality given for this survey in the report). Planned time frame (p68) July 2013."
Deyr 2013/14,2013,Deyr,23 Nov-7 Dec 2013,report,Baidoa IDPs,Bay Bakool,IDP,SMART,559.0,30.0,14.3,10.8,18.8,2.5,1.4,4.5,12.7,9.0,17.6,4.0,0.43,0.23,0.81,0.97,0.42,2.18,raw/FSNAU-Technical-Series-Report-Post-Deyr-2013-14-Nutrition-Analysis.pdf,86,raw/FSNAU-Technical-Series-Report-Post-Deyr-2013-14-Nutrition-Analysis.pdf p86,True,1.0,transcribed/FSNAU-Technical-Series-Report-Post-Deyr-2013-14-Nutrition-Analysis.csv,Baidoa IDPs,14.3,2.5,,,,,Fieldwork from time plan p92. muac_sam CI printed (1.9-8.4).
Deyr 2013/14,2013,Deyr,23 Nov-7 Dec 2013,report,Berbera IDPs,Northwest,IDP,SMART,528.0,28.0,16.1,12.7,20.2,3.6,2.1,6.1,7.2,5.1,10.0,2.3,0.22,0.09,0.54,0.41,0.1,1.64,raw/FSNAU-Technical-Series-Report-Post-Deyr-2013-14-Nutrition-Analysis.pdf,37,raw/FSNAU-Technical-Series-Report-Post-Deyr-2013-14-Nutrition-Analysis.pdf p37,True,1.0,transcribed/FSNAU-Technical-Series-Report-Post-Deyr-2013-14-Nutrition-Analysis.csv,Berbera IDPs,16.1,3.6,,,,,Fieldwork from time plan p92. muac_sam CI printed (1.2-4.2).
Deyr 2013/14,2013,Deyr,23 Nov-7 Dec 2013,report,Bossaso IDPs,Northeast,IDP,SMART,667.0,30.0,13.5,11.2,16.2,2.8,1.8,4.5,8.1,5.0,11.1,2.0,0.13,0.05,0.35,0.29,0.07,1.16,raw/FSNAU-Technical-Series-Report-Post-Deyr-2013-14-Nutrition-Analysis.pdf,45,raw/FSNAU-Technical-Series-Report-Post-Deyr-2013-14-Nutrition-Analysis.pdf p45,True,0.9375,transcribed/FSNAU-Technical-Series-Report-Post-Deyr-2013-14-Nutrition-Analysis.csv,Bossaso IDPs,13.5,2.8,,,,,"Region 'Northeast' from table caption. Header N=667 (boys 324, girls 343); row 'total children assessed' = 884 (population surveyed, not the WHZ sample). Fieldwork from time plan p92. muac_sam CI printed (1.0-4.0). CDR CI printed '(0.05 - .35)'."
Deyr 2013/14,2013,Deyr,23 Nov-7 Dec 2013,report,Burao IDP's,Northwest,IDP,SMART,619.0,32.0,10.0,7.3,13.7,1.0,0.5,2.0,3.1,1.8,5.1,0.6,0.19,0.08,0.45,0.35,0.09,1.44,raw/FSNAU-Technical-Series-Report-Post-Deyr-2013-14-Nutrition-Analysis.pdf,37,raw/FSNAU-Technical-Series-Report-Post-Deyr-2013-14-Nutrition-Analysis.pdf p37,True,1.0,transcribed/FSNAU-Technical-Series-Report-Post-Deyr-2013-14-Nutrition-Analysis.csv,Burao IDPs,10.0,1.0,,,,,Fieldwork from time plan p92. muac_sam CI printed (0.2-1.7). Printed N=619 with Boys=315; Girls=304.
Deyr 2013/14,2013,Deyr,23 Nov-7 Dec 2013,report,Dhobley IDPs,Juba,IDP,SMART,809.0,,15.8,13.5,18.5,4.1,2.9,5.7,11.2,9.2,13.5,9.8,0.41,,,0.44,,,raw/FSNAU-Technical-Series-Report-Post-Deyr-2013-14-Nutrition-Analysis.pdf,68,raw/FSNAU-Technical-Series-Report-Post-Deyr-2013-14-Nutrition-Analysis.pdf p68,True,1.0,transcribed/FSNAU-Technical-Series-Report-Post-Deyr-2013-14-Nutrition-Analysis.csv,Dobley IDPs,15.8,4.1,,,,,"Table printed 'Dhobley'; annex calls it Dobley. muac_sam 9.8 (7.9-11.9) as printed on p69 - Annex 6.8 gives 1.5 for MUAC<11.5, so possible printing error in Table 34. Mortality on p69 without CI. Cluster number not given. Header N=809 (Boys=419; Girls=390). Fieldwork from time plan p92 (Dobley IDPs)."
Deyr 2013/14,2013,Deyr,23 Nov-7 Dec 2013,report,Dhusamareb/Guricel,Central,IDP,SMART,331.0,,16.0,,,4.2,,,13.3,,,2.7,0.08,,,0.0,,,raw/FSNAU-Technical-Series-Report-Post-Deyr-2013-14-Nutrition-Analysis.pdf,54,raw/FSNAU-Technical-Series-Report-Post-Deyr-2013-14-Nutrition-Analysis.pdf p54,True,1.0,transcribed/FSNAU-Technical-Series-Report-Post-Deyr-2013-14-Nutrition-Analysis.csv,Dhusamareeb IDPs,16.0,4.2,,,,,"Clusters 'Exhaustive'. No CIs printed (values as percentages without CI); header N=331 (168 boys, 163 girls). Death rates on p56 (CDR 0.08 n=1; U5DR 0.0 n=0), no CI. Annex 6.7 calls it 'Dhusamareb IDP's'. Fieldwork from time plan p92 (Dusamareb IDPs)."
Deyr 2013/14,2013,Deyr,19 Dec 2013-6 Jan 2014,report,Dolow IDP,Gedo,IDP,SMART,517.0,,19.7,16.5,23.4,4.8,3.2,7.0,10.4,8.1,13.3,3.4,0.77,,,1.29,,,raw/FSNAU-Technical-Series-Report-Post-Deyr-2013-14-Nutrition-Analysis.pdf,63,raw/FSNAU-Technical-Series-Report-Post-Deyr-2013-14-Nutrition-Analysis.pdf p63,True,1.0,transcribed/FSNAU-Technical-Series-Report-Post-Deyr-2013-14-Nutrition-Analysis.csv,Dolow IDPs,19.7,4.8,,,,,"Death rates on p64, printed without CI. Cluster number not given. muac_sam CI printed (2.2-5.3). Fieldwork from time plan p92 (Dolo IDPs)."
Deyr 2013/14,2013,Deyr,23 Nov-7 Dec 2013,report,Galkayo IDPs,Northeast,IDP,SMART,822.0,28.0,15.0,12.5,17.8,2.9,1.8,4.7,7.5,4.7,11.8,2.9,0.29,0.14,0.61,0.41,0.15,1.1,raw/FSNAU-Technical-Series-Report-Post-Deyr-2013-14-Nutrition-Analysis.pdf,45,raw/FSNAU-Technical-Series-Report-Post-Deyr-2013-14-Nutrition-Analysis.pdf p45,True,1.0,transcribed/FSNAU-Technical-Series-Report-Post-Deyr-2013-14-Nutrition-Analysis.csv,Galkayo IDPs,15.0,2.9,,,,,"Header N=822 (410 boys, 412 girls). muac_sam CI printed (1.7-4.8). Fieldwork from time plan p92."
Deyr 2013/14,2013,Deyr,23 Nov-7 Dec 2013,report,Garowe IDPs,Northeast,IDP,SMART,671.0,27.0,15.8,13.1,18.9,4.1,2.5,6.6,11.5,8.9,14.7,2.9,0.23,0.09,0.56,0.28,0.07,1.18,raw/FSNAU-Technical-Series-Report-Post-Deyr-2013-14-Nutrition-Analysis.pdf,45,raw/FSNAU-Technical-Series-Report-Post-Deyr-2013-14-Nutrition-Analysis.pdf p45,True,1.0,transcribed/FSNAU-Technical-Series-Report-Post-Deyr-2013-14-Nutrition-Analysis.csv,Garowe IDPs,15.8,4.1,,,,,Header N=671 (353 boys; 318 girls); 'total children assessed' = 682. muac_sam CI printed (2.1-4.1). Fieldwork from time plan p92.
Deyr 2013/14,2013,Deyr,23 Nov-7 Dec 2013,report,Hargeisa IDPs,Northwest,IDP,SMART,574.0,30.0,10.6,7.6,14.6,1.9,0.8,4.6,4.6,2.8,7.5,0.9,0.21,0.1,0.45,0.55,0.18,1.68,raw/FSNAU-Technical-Series-Report-Post-Deyr-2013-14-Nutrition-Analysis.pdf,37,raw/FSNAU-Technical-Series-Report-Post-Deyr-2013-14-Nutrition-Analysis.pdf p37,True,1.0,transcribed/FSNAU-Technical-Series-Report-Post-Deyr-2013-14-Nutrition-Analysis.csv,Hargeisa IDPs,10.6,1.9,,,,,"Fieldwork dates from time plan (Appendix 6.1, PDF p92). Table 14 caption says 'from Gu 2013' as printed but values are the Deyr 2013/14 values (match Annex 6.7 p99). muac_sam CI printed (0.3-2.5)."
Deyr 2013/14,2013,Deyr,23 Nov-7 Dec 2013,report,Kismayo IDPs,Juba,IDP,SMART,650.0,,16.2,13.5,19.2,3.4,2.2,5.1,12.8,10.5,15.6,2.4,1.36,,,1.4,,,raw/FSNAU-Technical-Series-Report-Post-Deyr-2013-14-Nutrition-Analysis.pdf,68,raw/FSNAU-Technical-Series-Report-Post-Deyr-2013-14-Nutrition-Analysis.pdf p68,True,1.0,transcribed/FSNAU-Technical-Series-Report-Post-Deyr-2013-14-Nutrition-Analysis.csv,Kismayo IDPs,16.2,3.4,,,,,Header N=650 with Boys=381 Girls=332 (sums to 713; as printed). MUAC<12.5 here 12.8 vs 12.0 in Annex 6.8. Mortality on p69 without CI. muac_sam CI printed (1.5-3.9). Fieldwork from time plan p92.
Deyr 2013/14,2013,Deyr,23 Nov-7 Dec 2013,report,Mogadishu IDPs,Shabelle,IDP,SMART,500.0,40.0,8.2,5.9,11.3,1.6,0.8,3.2,9.2,6.5,12.9,2.9,0.6,0.3,1.3,0.5,0.2,1.5,raw/FSNAU-Technical-Series-Report-Post-Deyr-2013-14-Nutrition-Analysis.pdf,74,raw/FSNAU-Technical-Series-Report-Post-Deyr-2013-14-Nutrition-Analysis.pdf p74,True,1.0,transcribed/FSNAU-Technical-Series-Report-Post-Deyr-2013-14-Nutrition-Analysis.csv,Mogadishu IDPs,8.2,1.6,,,,,Region per caption ('of Shabelle'; Banadir per annex). Fieldwork from time plan p92. muac_sam CI printed (1.6-5.5).
Deyr 2013/14,2013,Deyr,23 Nov-7 Dec 2013,report,Qardho IDPs,Northeast,IDP,SMART,453.0,,18.5,,,4.9,,,12.9,,,3.9,0.36,,,0.87,,,raw/FSNAU-Technical-Series-Report-Post-Deyr-2013-14-Nutrition-Analysis.pdf,45,raw/FSNAU-Technical-Series-Report-Post-Deyr-2013-14-Nutrition-Analysis.pdf p45,True,1.0,transcribed/FSNAU-Technical-Series-Report-Post-Deyr-2013-14-Nutrition-Analysis.csv,Qardho IDPs,18.5,4.9,,,,,"No CIs printed for any indicator in the Qardho column; cluster number blank in header. Header N=453 (boys 234, girls 219); 'total children assessed' = 740. Death rates printed as '0.36/10,000/day' and '0.87 /10,000/day' without CI. Fieldwork from time plan p92."
Deyr 2013/14,2013,Deyr,Dec 2013-Jan 2014,report,Addun Pastoral,Central,rural,SMART,640.0,28.0,8.9,6.4,12.4,1.6,0.9,2.8,6.7,4.4,9.8,0.9,0.25,0.12,0.52,0.94,0.37,2.36,raw/FSNAU-Technical-Series-Report-Post-Deyr-2013-14-Nutrition-Analysis.pdf,54,raw/FSNAU-Technical-Series-Report-Post-Deyr-2013-14-Nutrition-Analysis.pdf p54,True,1.0,transcribed/FSNAU-Technical-Series-Report-Post-Deyr-2013-14-Nutrition-Analysis.csv,Addun Pastoral,,,,,,,Same survey also in Table 20 (p47; identical) - recorded once from Table 24. Mortality on p56. Cluster count '28' printed above table (Hawd/Addun). muac_sam CI printed (0.4-2.2).
Deyr 2013/14,2013,Deyr,17-25 Dec 2013,report,Agro-pastoral,Northwest,rural,MUAC rapid,546.0,25.0,,,,,,,2.4,0.6,4.1,0.2,,,,,,,raw/FSNAU-Technical-Series-Report-Post-Deyr-2013-14-Nutrition-Analysis.pdf,39,raw/FSNAU-Technical-Series-Report-Post-Deyr-2013-14-Nutrition-Analysis.pdf p39,True,1.0,transcribed/FSNAU-Technical-Series-Report-Post-Deyr-2013-14-Nutrition-Analysis.csv,Shabelle Agro pastoral,8.0,1.9,,,,,"MUAC-only representative survey; no WHZ, no mortality in table. Fieldwork from time plan p92 (marked MUAC assessments). muac_sam CI printed (0.0-0.6)."
Deyr 2013/14,2013,Deyr,,,Agro-pastoral,Middle Shabelle,rural,MUAC rapid,786.0,25.0,,,,,,,8.0,5.9,10.8,1.9,0.5,0.33,0.77,1.59,0.85,2.97,raw/FSNAU-Technical-Series-Report-Post-Deyr-2013-14-Nutrition-Analysis.pdf,76,raw/FSNAU-Technical-Series-Report-Post-Deyr-2013-14-Nutrition-Analysis.pdf p76,True,1.0,transcribed/FSNAU-Technical-Series-Report-Post-Deyr-2013-14-Nutrition-Analysis.csv,,,,,,,,MUAC-only representative survey (text p73: livelihoods assessed through representative MUAC surveys). Annex 6.8 'middle Shabelle agroPastoral'. muac_sam CI printed (1.1-3.4). Fieldwork date not given.
Deyr 2013/14,2013,Deyr,19 Dec 2013-6 Jan 2014,report,Bakool pastoral,Bay Bakool,rural,SMART,622.0,35.0,18.5,15.3,22.1,2.6,1.7,4.0,10.1,7.6,13.2,1.9,0.17,0.08,0.037,0.65,0.24,1.74,raw/FSNAU-Technical-Series-Report-Post-Deyr-2013-14-Nutrition-Analysis.pdf,86,raw/FSNAU-Technical-Series-Report-Post-Deyr-2013-14-Nutrition-Analysis.pdf p86,True,1.0,transcribed/FSNAU-Technical-Series-Report-Post-Deyr-2013-14-Nutrition-Analysis.csv,Bakool Pastoral,18.5,2.6,,,,,CDR CI printed '(0.08-.037)' (upper bound below lower; as printed). Fieldwork from time plan p92. muac_sam CI printed (1.1-3.4).
Deyr 2013/14,2013,Deyr,23 Nov-7 Dec 2013,report,Bay Agro Pastoral,Bay Bakool,rural,SMART,905.0,32.0,19.6,14.6,25.7,5.1,3.6,7.2,12.5,9.9,15.7,2.2,0.2,0.09,0.41,0.57,0.23,1.42,raw/FSNAU-Technical-Series-Report-Post-Deyr-2013-14-Nutrition-Analysis.pdf,86,raw/FSNAU-Technical-Series-Report-Post-Deyr-2013-14-Nutrition-Analysis.pdf p86,True,1.0,transcribed/FSNAU-Technical-Series-Report-Post-Deyr-2013-14-Nutrition-Analysis.csv,Bay Agropastoral,19.6,5.1,,,,,U5DR CI printed '(0.23-1.42' missing closing bracket. Fieldwork from time plan p92 ('Bay Agropastorals'). muac_sam CI printed (1.3-3.6). Annex 6.7 lists Bay Agropastorals GAM 19.6.
Deyr 2013/14,2013,Deyr,19 Dec 2013-6 Jan 2014,report,Beletweyn,Hiran,rural,SMART,825.0,,16.4,12.4,21.3,3.6,2.4,5.4,12.0,9.0,15.8,2.6,1.7,1.2,2.2,2.7,1.1,6.5,raw/FSNAU-Technical-Series-Report-Post-Deyr-2013-14-Nutrition-Analysis.pdf,78,raw/FSNAU-Technical-Series-Report-Post-Deyr-2013-14-Nutrition-Analysis.pdf p78,True,1.0,transcribed/FSNAU-Technical-Series-Report-Post-Deyr-2013-14-Nutrition-Analysis.csv,Beletweyne,16.4,3.6,,,,,Header N=825 (Boys=366; Girls=459 as printed). MUAC and mortality on p79. Cluster number not given. muac_sam CI printed (1.4-5.0). Fieldwork from time plan p92 (Beletwayne).
Deyr 2013/14,2013,Deyr,Dec 2013-Jan 2014,report,Coastal Deeh,,rural,SMART,733.0,,11.8,9.0,25.4,1.2,0.7,2.2,3.8,2.4,6.0,0.9,0.04,0.01,0.32,0.29,0.04,2.26,raw/FSNAU-Technical-Series-Report-Post-Deyr-2013-14-Nutrition-Analysis.pdf,47,raw/FSNAU-Technical-Series-Report-Post-Deyr-2013-14-Nutrition-Analysis.pdf p47,True,1.0,transcribed/FSNAU-Technical-Series-Report-Post-Deyr-2013-14-Nutrition-Analysis.csv,Coastal Deeh,7.8,1.5,,,,,Table 20 has no region in caption; annex 6.7/6.8 label it 'Coastal Deeh NE'. GAM CI upper bound printed 25.4 (likely typo; point estimate 11.8; kept as printed). Mortality on p48. Cluster number not given. Fieldwork window from time plan p92. muac_sam CI printed (0.4-2.5).
Deyr 2013/14,2013,Deyr,Dec 2013-Jan 2014,report,Coastal Deeh,Central,rural,MUAC rapid,732.0,25.0,,,,,,,7.8,5.9,10.2,1.5,,,,,,,raw/FSNAU-Technical-Series-Report-Post-Deyr-2013-14-Nutrition-Analysis.pdf,57,raw/FSNAU-Technical-Series-Report-Post-Deyr-2013-14-Nutrition-Analysis.pdf p57,True,1.0,transcribed/FSNAU-Technical-Series-Report-Post-Deyr-2013-14-Nutrition-Analysis.csv,Coastal Deeh NE,11.8,1.2,,,,,"MUAC-only representative survey (assessed this way because of access constraints, p58 text). No WHZ or mortality in table. muac_sam CI printed (0.9-2.6). Distinct from Northeast Coastal Deeh SMART (Table 20). Fieldwork window from time plan p92."
Deyr 2013/14,2013,Deyr,Dec 2013-Jan 2014,report,Cowpea,Central,rural,MUAC rapid,860.0,25.0,,,,,,,6.5,4.4,8.0,1.2,,,,,,,raw/FSNAU-Technical-Series-Report-Post-Deyr-2013-14-Nutrition-Analysis.pdf,57,raw/FSNAU-Technical-Series-Report-Post-Deyr-2013-14-Nutrition-Analysis.pdf p57,True,1.0,transcribed/FSNAU-Technical-Series-Report-Post-Deyr-2013-14-Nutrition-Analysis.csv,Cowpea Belt,6.5,1.2,,,,,MUAC-only representative survey. Header printed N=860 Boys=433; Girls=525 (sums to 958; as printed). No WHZ or mortality. muac_sam CI printed (0.6-1.9). Fieldwork window from time plan p92.
Deyr 2013/14,2013,Deyr,17-25 Dec 2013,report,East Golis,Northwest,rural,MUAC rapid,550.0,25.0,,,,,,,2.2,0.5,3.9,0.5,,,,,,,raw/FSNAU-Technical-Series-Report-Post-Deyr-2013-14-Nutrition-Analysis.pdf,39,raw/FSNAU-Technical-Series-Report-Post-Deyr-2013-14-Nutrition-Analysis.pdf p39,True,1.0,transcribed/FSNAU-Technical-Series-Report-Post-Deyr-2013-14-Nutrition-Analysis.csv,East Golis/Gebi valley,14.5,2.3,,,,,"MUAC-only representative survey; no WHZ, no mortality in table. Fieldwork from time plan p92 (marked MUAC assessments). muac_sam CI printed (0.0-1.2). 'East Golis' here is Northwest, distinct from Northeast East Golis (Table 21)."
Deyr 2013/14,2013,Deyr,Dec 2013-Jan 2014,report,East Golis,Northeast,rural,SMART,716.0,28.0,10.5,8.2,13.4,2.1,1.3,3.3,2.6,1.7,3.9,0.7,0.33,0.15,0.74,0.85,0.35,2.09,raw/FSNAU-Technical-Series-Report-Post-Deyr-2013-14-Nutrition-Analysis.pdf,49,raw/FSNAU-Technical-Series-Report-Post-Deyr-2013-14-Nutrition-Analysis.pdf p49,True,1.0,transcribed/FSNAU-Technical-Series-Report-Post-Deyr-2013-14-Nutrition-Analysis.csv,E Golis (NE),10.5,2.1,,,,,Northeast East Golis (annex 6.7 'E Golis (NE)'). Mortality on p50 of the PDF. Fieldwork window from time plan p92. muac_sam CI printed (0.3-1.6).
Deyr 2013/14,2013,Deyr,19 Dec 2013-6 Jan 2014,report,GEDO AGROPASTORAL,Gedo,rural,SMART,535.0,,12.1,8.7,16.7,1.9,1.0,3.4,1.5,0.7,3.1,0.4,0.9,0.21,4.25,1.89,0.1,2.35,raw/FSNAU-Technical-Series-Report-Post-Deyr-2013-14-Nutrition-Analysis.pdf,62,raw/FSNAU-Technical-Series-Report-Post-Deyr-2013-14-Nutrition-Analysis.pdf p62,True,1.0,transcribed/FSNAU-Technical-Series-Report-Post-Deyr-2013-14-Nutrition-Analysis.csv,North Gedo Agro pastoral,12.1,1.9,,,,,Annex 6.7 labels this 'North Gedo Agro-pastoral'. Mortality on p63; U5DR printed 1.89 (0.1-2.35) with point estimate above upper bound (as printed). muac_sam CI printed (0.1-1.6). Fieldwork from time plan p92 (North Gedo).
Deyr 2013/14,2013,Deyr,19 Dec 2013-6 Jan 2014,report,GEDO PASTORAL,Gedo,rural,SMART,660.0,,14.1,11.6,17.0,1.4,0.7,2.5,5.6,3.7,8.3,1.1,0.76,0.4,1.51,1.29,0.73,2.79,raw/FSNAU-Technical-Series-Report-Post-Deyr-2013-14-Nutrition-Analysis.pdf,62,raw/FSNAU-Technical-Series-Report-Post-Deyr-2013-14-Nutrition-Analysis.pdf p62,True,1.0,transcribed/FSNAU-Technical-Series-Report-Post-Deyr-2013-14-Nutrition-Analysis.csv,North Gedo Pastoral,14.1,1.4,,,,,Annex 6.7 labels this 'North Gedo Pastoral'. Mortality on p63. muac_sam CI printed (0.5-2.2). Fieldwork from time plan p92.
Deyr 2013/14,2013,Deyr,19 Dec 2013-6 Jan 2014,report,GEDO RIVERINE,Gedo,rural,SMART,750.0,,13.6,10.7,17.1,2.5,1.6,3.9,3.3,2.1,5.3,0.9,0.79,0.45,1.39,1.18,0.22,2.53,raw/FSNAU-Technical-Series-Report-Post-Deyr-2013-14-Nutrition-Analysis.pdf,62,raw/FSNAU-Technical-Series-Report-Post-Deyr-2013-14-Nutrition-Analysis.pdf p62,True,1.0,transcribed/FSNAU-Technical-Series-Report-Post-Deyr-2013-14-Nutrition-Analysis.csv,North Gedo Riverine,13.6,2.5,,,,,Annex 6.7 labels this 'North Gedo Riverine'. Mortality on p63. muac_sam CI printed (0.3-2.5). Fieldwork from time plan p92.
Deyr 2013/14,2013,Deyr,17-25 Dec 2013,report,Hawd,Northwest,rural,MUAC rapid,541.0,25.0,,,,,,,3.7,1.8,5.6,0.9,,,,,,,raw/FSNAU-Technical-Series-Report-Post-Deyr-2013-14-Nutrition-Analysis.pdf,39,raw/FSNAU-Technical-Series-Report-Post-Deyr-2013-14-Nutrition-Analysis.pdf p39,True,1.0,transcribed/FSNAU-Technical-Series-Report-Post-Deyr-2013-14-Nutrition-Analysis.csv,Hawd Central,13.2,2.4,,,,,"MUAC-only representative survey; no WHZ, no mortality in table. Fieldwork from time plan p92 (marked MUAC assessments). muac_sam CI printed (0.1-1.7). 'Hawd' here is Northwest Hawd, distinct from Central Hawd Pastoral."
Deyr 2013/14,2013,Deyr,Dec 2013-Jan 2014,report,Hawd Pastoral,Central,rural,SMART,639.0,28.0,13.2,10.0,17.2,2.4,1.4,4.1,7.1,4.7,10.4,0.9,0.26,0.13,0.5,0.33,0.8,1.31,raw/FSNAU-Technical-Series-Report-Post-Deyr-2013-14-Nutrition-Analysis.pdf,54,raw/FSNAU-Technical-Series-Report-Post-Deyr-2013-14-Nutrition-Analysis.pdf p54,True,1.0,transcribed/FSNAU-Technical-Series-Report-Post-Deyr-2013-14-Nutrition-Analysis.csv,Hawd Pastoral,,,,,,,Same survey also in Table 20 (p47; identical) - recorded once from Table 24 (Central region table). Mortality on p56. U5DR CI printed '(0.8 - 1.31)' (likely 0.08; lower bound kept as printed). Cluster count '28' printed above table. muac_sam CI printed (0.4-2.0).
Deyr 2013/14,2013,Deyr,,,Juba Agropastoral,Juba,rural,MUAC rapid,,,,,,,,,10.7,,,2.1,,,,,,,raw/FSNAU-Technical-Series-Report-Post-Deyr-2013-14-Nutrition-Analysis.pdf,66,raw/FSNAU-Technical-Series-Report-Post-Deyr-2013-14-Nutrition-Analysis.pdf p66,True,1.0,transcribed/FSNAU-Technical-Series-Report-Post-Deyr-2013-14-Nutrition-Analysis.csv,,,,,,,,"MUAC rapid survey (access constraints). Point estimates only; no CI, N, cluster count or mortality printed. Table 32 gives MUAC<11.5 (SAM column) as 2.1; Annex 6.8 (p100) gives 1.1 for MUAC<11.5. Fieldwork date not given. Table is labelled 'Juba Agropastoral MUAC' on the page."
Deyr 2013/14,2013,Deyr,,,Juba Riverine,Juba,rural,MUAC rapid,,,,,,,,,15.4,,,4.3,,,,,,,raw/FSNAU-Technical-Series-Report-Post-Deyr-2013-14-Nutrition-Analysis.pdf,66,raw/FSNAU-Technical-Series-Report-Post-Deyr-2013-14-Nutrition-Analysis.pdf p66,True,1.0,transcribed/FSNAU-Technical-Series-Report-Post-Deyr-2013-14-Nutrition-Analysis.csv,,,,,,,,"MUAC rapid survey (access constraints). Point estimates only; no CI, N, cluster count or mortality printed. Table 32 gives MUAC<11.5 (SAM column) as 4.3; Annex 6.8 (p100) gives 1.9 for MUAC<11.5. Fieldwork date not given. Table is labelled 'Juba Riverine MUAC' on the page."
Deyr 2013/14,2013,Deyr,19 Dec 2013-6 Jan 2014,report,Mataban,Hiran,rural,SMART,671.0,,12.6,9.6,16.4,2.9,1.6,5.2,3.8,2.5,5.7,0.5,0.24,0.1,0.6,0.49,0.2,1.5,raw/FSNAU-Technical-Series-Report-Post-Deyr-2013-14-Nutrition-Analysis.pdf,78,raw/FSNAU-Technical-Series-Report-Post-Deyr-2013-14-Nutrition-Analysis.pdf p78,True,1.0,transcribed/FSNAU-Technical-Series-Report-Post-Deyr-2013-14-Nutrition-Analysis.csv,Mataban District,12.6,2.9,,,,,Header N=671 (Boys=344; Girls=327). MUAC and mortality on p79. Cluster number not given. muac_sam CI printed (0.1-1.5). Fieldwork from time plan p92.
Deyr 2013/14,2013,Deyr,Dec 2013-Jan 2014,report,Nugal Valley,Northwest,rural,SMART,622.0,35.0,14.5,11.2,18.5,2.3,1.2,4.3,1.9,1.0,3.8,0.5,0.13,0.05,0.35,0.29,0.07,1.21,raw/FSNAU-Technical-Series-Report-Post-Deyr-2013-14-Nutrition-Analysis.pdf,37,raw/FSNAU-Technical-Series-Report-Post-Deyr-2013-14-Nutrition-Analysis.pdf p37,True,1.0,transcribed/FSNAU-Technical-Series-Report-Post-Deyr-2013-14-Nutrition-Analysis.csv,Nugal Valley,14.5,2.3,,,,,"Same survey also in Table 21 (p49, Northeast Rural; identical estimates) - recorded once here. Header N differs: Table 14 N=622 (Boys=330; Girls=222 as printed), Table 21 N=574 (Boys=292; Girls=282). Fieldwork window from time plan p92. muac_sam CI printed (0.2-1.5)."
Deyr 2013/14,2013,Deyr,,,Riverine,Middle Shabelle,rural,MUAC rapid,686.0,25.0,,,,,,,9.5,7.3,12.2,3.1,1.01,0.68,1.49,1.87,1.05,3.29,raw/FSNAU-Technical-Series-Report-Post-Deyr-2013-14-Nutrition-Analysis.pdf,76,raw/FSNAU-Technical-Series-Report-Post-Deyr-2013-14-Nutrition-Analysis.pdf p76,True,1.0,transcribed/FSNAU-Technical-Series-Report-Post-Deyr-2013-14-Nutrition-Analysis.csv,Shabelle Riverine,9.5,3.1,,,,,MUAC-only representative survey. Annex 6.8 'Middle Shabelle Riverine'. muac_sam CI printed (1.8-5.3). Fieldwork date not given.
Deyr 2013/14,2013,Deyr,Dec 2013-Jan 2014,report,Sool Plateau,Northwest,rural,SMART,613.0,32.0,8.6,6.1,12.1,0.5,0.2,1.5,1.8,1.0,3.2,0.2,0.19,0.07,0.51,0.3,0.07,1.22,raw/FSNAU-Technical-Series-Report-Post-Deyr-2013-14-Nutrition-Analysis.pdf,37,raw/FSNAU-Technical-Series-Report-Post-Deyr-2013-14-Nutrition-Analysis.pdf p37,True,1.0,transcribed/FSNAU-Technical-Series-Report-Post-Deyr-2013-14-Nutrition-Analysis.csv,Sool Plateau,8.6,0.5,,,,,"Same survey also printed in Table 21 (p49, Northeast Rural; identical values, N=613) - recorded once here. Fieldwork window from time plan p92 (cross-cutting livelihood). muac_sam CI printed (0.0-1.2)."
Deyr 2013/14,2013,Deyr,,,South Gedo Agro-pastoral,Gedo,rural,MUAC rapid,,,,,,,,,17.1,,,3.8,,,,,,,raw/FSNAU-Technical-Series-Report-Post-Deyr-2013-14-Nutrition-Analysis.pdf,59,raw/FSNAU-Technical-Series-Report-Post-Deyr-2013-14-Nutrition-Analysis.pdf p59,True,1.0,transcribed/FSNAU-Technical-Series-Report-Post-Deyr-2013-14-Nutrition-Analysis.csv,South Gedo Agropastoral,17.1,3.8,,,,,"MUAC rapid survey (access constraints; p58). Point estimates only (MUAC<12.5 and <11.5, matching Annex 6.8 p100); no CI, N, cluster count or mortality printed. Fieldwork date not given for this survey."
Deyr 2013/14,2013,Deyr,,,South Gedo Pastoral,Gedo,rural,MUAC rapid,,,,,,,,,16.6,,,2.0,,,,,,,raw/FSNAU-Technical-Series-Report-Post-Deyr-2013-14-Nutrition-Analysis.pdf,59,raw/FSNAU-Technical-Series-Report-Post-Deyr-2013-14-Nutrition-Analysis.pdf p59,True,1.0,transcribed/FSNAU-Technical-Series-Report-Post-Deyr-2013-14-Nutrition-Analysis.csv,South Gedo Pastoral,16.6,2.0,,,,,"MUAC rapid survey (access constraints; p58). Point estimates only (MUAC<12.5 and <11.5, matching Annex 6.8 p100); no CI, N, cluster count or mortality printed. Fieldwork date not given for this survey."
Deyr 2013/14,2013,Deyr,,,South Gedo Riverine,Gedo,rural,MUAC rapid,,,,,,,,,17.8,,,3.4,,,,,,,raw/FSNAU-Technical-Series-Report-Post-Deyr-2013-14-Nutrition-Analysis.pdf,59,raw/FSNAU-Technical-Series-Report-Post-Deyr-2013-14-Nutrition-Analysis.pdf p59,True,1.0,transcribed/FSNAU-Technical-Series-Report-Post-Deyr-2013-14-Nutrition-Analysis.csv,South Gedo Riverine,17.8,3.4,,,,,"MUAC rapid survey (access constraints; p58). Point estimates only (MUAC<12.5 and <11.5, matching Annex 6.8 p100); no CI, N, cluster count or mortality printed. Fieldwork date not given for this survey. Table 27 prints Riverine SAM as '3.`4' (typo); Annex 6.8 gives 3.4."
Deyr 2013/14,2013,Deyr,17-25 Dec 2013,report,West Golis,Northwest,rural,MUAC rapid,550.0,25.0,,,,,,,5.3,2.5,8.0,1.3,,,,,,,raw/FSNAU-Technical-Series-Report-Post-Deyr-2013-14-Nutrition-Analysis.pdf,39,raw/FSNAU-Technical-Series-Report-Post-Deyr-2013-14-Nutrition-Analysis.pdf p39,True,1.0,transcribed/FSNAU-Technical-Series-Report-Post-Deyr-2013-14-Nutrition-Analysis.csv,,,,,,,,"MUAC-only representative survey; no WHZ, no mortality in table. Fieldwork from time plan p92 (marked MUAC assessments). muac_sam CI printed (0.3-2.3)."
Gu 2014,2014,Gu,May-Jul 2014,report,Baidoa IDPs,Bay Bakool,IDP,SMART,674.0,30.0,12.9,10.1,16.4,2.4,1.5,3.8,16.9,13.3,21.2,3.5,0.69,0.44,1.1,0.76,0.35,1.64,raw/FSNAU-Technical-Series-Report-Post-Gu-2014-Nutrition-Analysis.pdf,101,raw/FSNAU-Technical-Series-Report-Post-Gu-2014-Nutrition-Analysis.pdf p101,True,1.0,transcribed/FSNAU-Technical-Series-Report-Post-Gu-2014-Nutrition-Analysis.csv,Baidoa IDPs,12.9,2.4,,,,,"muac_sam CI printed (2.3-5.3). Mortality on p101. Fieldwork: only season-wide window (May-Jul 2014) is given in the report (p12, p13); no per-survey dates."
Gu 2014,2014,Gu,May-Jul 2014,report,Berbera IDPs,Northwest,IDP,SMART,641.0,28.0,10.0,6.8,14.6,1.7,0.9,3.7,1.4,0.6,3.6,0.3,0.32,0.08,1.33,0.18,,,raw/FSNAU-Technical-Series-Report-Post-Gu-2014-Nutrition-Analysis.pdf,41,raw/FSNAU-Technical-Series-Report-Post-Gu-2014-Nutrition-Analysis.pdf p41,True,1.0,transcribed/FSNAU-Technical-Series-Report-Post-Gu-2014-Nutrition-Analysis.csv,Berbera IDPs,10.0,1.7,,,,,"Death rates on p42; U5DR no CI. Header boys/girls printed 'Boys311=;Girls=330'. muac_sam CI printed (0.1-1.3). Fieldwork: only season-wide window (May-Jul 2014) is given in the report (p12, p13); no per-survey dates."
Gu 2014,2014,Gu,May-Jul 2014,report,Bosaso IDPs,Northeast,IDP,SMART,764.0,28.0,13.2,10.3,16.8,2.9,1.7,4.8,6.6,4.5,9.5,1.0,0.32,0.17,0.62,0.4,0.13,1.22,raw/FSNAU-Technical-Series-Report-Post-Gu-2014-Nutrition-Analysis.pdf,53,raw/FSNAU-Technical-Series-Report-Post-Gu-2014-Nutrition-Analysis.pdf p53,True,1.0,transcribed/FSNAU-Technical-Series-Report-Post-Gu-2014-Nutrition-Analysis.csv,Bossaso IDPs,13.2,2.9,,,,,"Death rates on p54. muac_sam CI printed (0.4-2.4). Fieldwork: only season-wide window (May-Jul 2014) is given in the report (p12, p13); no per-survey dates."
Gu 2014,2014,Gu,May-Jul 2014,report,Burao IDPs,Northwest,IDP,SMART,667.0,32.0,12.4,9.6,15.9,1.8,1.0,3.2,1.6,0.9,2.9,0.3,0.18,0.02,1.38,0.32,,,raw/FSNAU-Technical-Series-Report-Post-Gu-2014-Nutrition-Analysis.pdf,41,raw/FSNAU-Technical-Series-Report-Post-Gu-2014-Nutrition-Analysis.pdf p41,True,1.0,transcribed/FSNAU-Technical-Series-Report-Post-Gu-2014-Nutrition-Analysis.csv,Burao IDPs,12.4,1.8,,,,,"Death rates on p42; U5DR no CI. muac_sam CI printed (0.1-1.2). Fieldwork: only season-wide window (May-Jul 2014) is given in the report (p12, p13); no per-survey dates."
Gu 2014,2014,Gu,May-Jul 2014,report,Dhobley IDPS,Juba,IDP,SMART,776.0,,16.5,,,4.0,,,11.3,,,3.3,0.46,,,0.95,,,raw/FSNAU-Technical-Series-Report-Post-Gu-2014-Nutrition-Analysis.pdf,82,raw/FSNAU-Technical-Series-Report-Post-Gu-2014-Nutrition-Analysis.pdf p82,True,1.0,transcribed/FSNAU-Technical-Series-Report-Post-Gu-2014-Nutrition-Analysis.csv,Dobley IDPs,16.5,4.0,,,,,"No CIs printed for Dhobley (percent only) in this table; cluster number not given. Header N=776 (Boys=388; Girls=388). Fieldwork: only season-wide window (May-Jul 2014) is given in the report (p12, p13); no per-survey dates."
Gu 2014,2014,Gu,May-Jul 2014,report,Dhusamareeb IDPs,Central,IDP,SMART,329.0,,18.2,14.4,22.8,4.6,2.8,7.4,6.3,4.1,9.4,2.7,0.15,0.04,0.55,0.32,0.06,1.79,raw/FSNAU-Technical-Series-Report-Post-Gu-2014-Nutrition-Analysis.pdf,67,raw/FSNAU-Technical-Series-Report-Post-Gu-2014-Nutrition-Analysis.pdf p67,True,1.0,transcribed/FSNAU-Technical-Series-Report-Post-Gu-2014-Nutrition-Analysis.csv,Dhusamareeb IDPs,18.2,4.6,,,,,"Clusters 'Exhaustive'. Header N=329 (Boys=170; Girls=159). muac_sam CI printed (1.4-5.0). Heading printed 'Dhusamareeb IDPs' (annex: Dhusamareb IDP's). Fieldwork: only season-wide window (May-Jul 2014) is given in the report (p12, p13); no per-survey dates."
Gu 2014,2014,Gu,May-Jul 2014,report,Dolow IDPs,Gedo,IDP,SMART,664.0,,18.8,,,4.1,,,10.9,,,2.1,0.7,,,1.24,,,raw/FSNAU-Technical-Series-Report-Post-Gu-2014-Nutrition-Analysis.pdf,76,raw/FSNAU-Technical-Series-Report-Post-Gu-2014-Nutrition-Analysis.pdf p76,True,1.0,transcribed/FSNAU-Technical-Series-Report-Post-Gu-2014-Nutrition-Analysis.csv,Dolow IDPs,18.8,4.1,,,,,"No CIs printed (only n and %). Cluster number not given in table. CDR n=24, U5DR n=9. Fieldwork: only season-wide window (May-Jul 2014) is given in the report (p12, p13); no per-survey dates."
Gu 2014,2014,Gu,May-Jul 2014,report,Galkacyo IDPs,Northeast,IDP,SMART,849.0,28.0,16.5,13.4,20.1,2.5,1.5,4.1,2.1,1.1,3.7,0.2,0.09,0.03,1.12,0.36,0.12,1.12,raw/FSNAU-Technical-Series-Report-Post-Gu-2014-Nutrition-Analysis.pdf,53,raw/FSNAU-Technical-Series-Report-Post-Gu-2014-Nutrition-Analysis.pdf p53,True,1.0,transcribed/FSNAU-Technical-Series-Report-Post-Gu-2014-Nutrition-Analysis.csv,Galkayo IDPs,16.5,2.5,,,,,"Death rates on p54. muac_sam CI printed (0.1-1.0). Fieldwork: only season-wide window (May-Jul 2014) is given in the report (p12, p13); no per-survey dates."
Gu 2014,2014,Gu,May-Jul 2014,report,Garowe IDPs,Northeast,IDP,SMART,859.0,27.0,21.0,17.4,25.0,4.4,3.0,6.6,8.3,6.3,10.5,1.5,0.1,0.03,0.32,0.12,0.02,0.88,raw/FSNAU-Technical-Series-Report-Post-Gu-2014-Nutrition-Analysis.pdf,53,raw/FSNAU-Technical-Series-Report-Post-Gu-2014-Nutrition-Analysis.pdf p53,True,1.0,transcribed/FSNAU-Technical-Series-Report-Post-Gu-2014-Nutrition-Analysis.csv,Garowe IDPs,21.0,4.4,,,,,"Death rates on p54. muac_sam CI printed (0.8-2.5). Fieldwork: only season-wide window (May-Jul 2014) is given in the report (p12, p13); no per-survey dates."
Gu 2014,2014,Gu,May-Jul 2014,report,Hargeisa IDPs,Northwest,IDP,SMART,666.0,30.0,8.1,5.6,11.6,0.3,0.1,1.2,4.8,3.0,7.5,1.0,0.68,0.21,2.18,0.68,,,raw/FSNAU-Technical-Series-Report-Post-Gu-2014-Nutrition-Analysis.pdf,41,raw/FSNAU-Technical-Series-Report-Post-Gu-2014-Nutrition-Analysis.pdf p41,True,1.0,transcribed/FSNAU-Technical-Series-Report-Post-Gu-2014-Nutrition-Analysis.csv,Hargeisa IDPs,8.1,0.3,,,,,"Death rates on p42; U5DR no CI. muac_sam CI printed (0.5-2.1). Fieldwork: only season-wide window (May-Jul 2014) is given in the report (p12, p13); no per-survey dates."
Gu 2014,2014,Gu,May-Jul 2014,report,Kismayo IDPs,Juba,IDP,SMART,907.0,,16.6,13.0,21.0,3.6,2.4,5.4,20.1,16.7,24.0,5.1,1.28,,,1.42,,,raw/FSNAU-Technical-Series-Report-Post-Gu-2014-Nutrition-Analysis.pdf,82,raw/FSNAU-Technical-Series-Report-Post-Gu-2014-Nutrition-Analysis.pdf p82,True,1.0,transcribed/FSNAU-Technical-Series-Report-Post-Gu-2014-Nutrition-Analysis.csv,Kismayo IDPs,16.6,3.6,,,,,"Mortality printed without CI (CDR n=45, U5DR n=12). muac_sam CI printed (3.7-7.1). Header N=907 (Boys=441; Girls=466). Fieldwork: only season-wide window (May-Jul 2014) is given in the report (p12, p13); no per-survey dates."
Gu 2014,2014,Gu,May-Jul 2014,report,Mogadishu IDPS,Banadir,IDP,SMART,614.0,40.0,18.9,14.7,23.9,5.5,3.5,8.6,14.0,10.8,17.9,3.3,1.35,,,3.36,,,raw/FSNAU-Technical-Series-Report-Post-Gu-2014-Nutrition-Analysis.pdf,88,raw/FSNAU-Technical-Series-Report-Post-Gu-2014-Nutrition-Analysis.pdf p88,True,1.0,transcribed/FSNAU-Technical-Series-Report-Post-Gu-2014-Nutrition-Analysis.csv,Mogadishu IDPs,18.9,5.5,,,,,"Percent signs in table omitted here. CDR/U5DR printed '1.35/10,000/day' and '3.36/10,000/day' without CI. SAM CI printed (3.5-8.6). muac_sam CI printed (2.1-5.1). Fieldwork: only season-wide window (May-Jul 2014) is given in the report (p12, p13); no per-survey dates."
Gu 2014,2014,Gu,May-Jul 2014,report,QARDHO IDPs,Northeast,IDP,SMART,417.0,,12.2,,,1.7,,,5.7,,,0.7,0.28,0.12,0.66,0.69,0.24,2.02,raw/FSNAU-Technical-Series-Report-Post-Gu-2014-Nutrition-Analysis.pdf,61,raw/FSNAU-Technical-Series-Report-Post-Gu-2014-Nutrition-Analysis.pdf p61,True,1.0,transcribed/FSNAU-Technical-Series-Report-Post-Gu-2014-Nutrition-Analysis.csv,Qardho IDPs,12.2,1.7,,,,,"Clusters 'Exhaustive'. No CIs printed for GAM, SAM or MUAC in this table (only death rates). Header N=417 (Boys=199; Girls=218). Oedema 0.1. Fieldwork: only season-wide window (May-Jul 2014) is given in the report (p12, p13); no per-survey dates."
Gu 2014,2014,Gu,May-Jul 2014,report,Addun Pastoral,Central,rural,SMART,578.0,27.0,9.7,6.1,15.1,2.4,1.3,4.6,4.1,2.3,7.1,0.5,0.22,0.08,0.62,0.32,0.08,1.38,raw/FSNAU-Technical-Series-Report-Post-Gu-2014-Nutrition-Analysis.pdf,67,raw/FSNAU-Technical-Series-Report-Post-Gu-2014-Nutrition-Analysis.pdf p67,True,1.0,transcribed/FSNAU-Technical-Series-Report-Post-Gu-2014-Nutrition-Analysis.csv,Addun Pastoral,,,,,,,"Also in Table 18 (NE caption p57) and Table 19 with identical values; recorded once from Central table. muac_sam CI printed (0.2-1.6). Fieldwork: only season-wide window (May-Jul 2014) is given in the report (p12, p13); no per-survey dates."
Gu 2014,2014,Gu,May-Jul 2014,report,Agro-Pastoral LZ (Togdheer),Northwest,rural,SMART,491.0,28.0,10.4,7.2,14.8,2.6,1.5,4.6,2.0,1.1,3.7,0.2,0.14,0.05,0.38,0.42,0.1,1.74,raw/FSNAU-Technical-Series-Report-Post-Gu-2014-Nutrition-Analysis.pdf,43,raw/FSNAU-Technical-Series-Report-Post-Gu-2014-Nutrition-Analysis.pdf p43,True,1.0,transcribed/FSNAU-Technical-Series-Report-Post-Gu-2014-Nutrition-Analysis.csv,Agropastoral LZ (Togdheer ) NW,10.4,2.6,,,,,"Annex 6.4 labels it 'Agropastoral LZ (Togdheer) NW'. muac_sam CI printed (0.0-1.5). Fieldwork: only season-wide window (May-Jul 2014) is given in the report (p12, p13); no per-survey dates."
Gu 2014,2014,Gu,May-Jul 2014,report,Bakool Pastoral,Bay Bakool,rural,SMART,540.0,33.0,24.8,21.4,28.5,6.3,4.5,8.7,9.9,7.7,12.7,2.3,0.38,0.2,0.71,0.78,0.29,2.07,raw/FSNAU-Technical-Series-Report-Post-Gu-2014-Nutrition-Analysis.pdf,101,raw/FSNAU-Technical-Series-Report-Post-Gu-2014-Nutrition-Analysis.pdf p101,True,1.0,transcribed/FSNAU-Technical-Series-Report-Post-Gu-2014-Nutrition-Analysis.csv,Bakool Pastoral,24.8,6.3,,,,,"muac_sam CI printed (1.4-4.0). Mortality on p101. Fieldwork: only season-wide window (May-Jul 2014) is given in the report (p12, p13); no per-survey dates."
Gu 2014,2014,Gu,May-Jul 2014,report,Bay Agro-pastoral,Bay Bakool,rural,SMART,922.0,33.0,17.1,12.9,22.4,3.7,2.3,5.9,15.4,12.9,18.4,3.0,0.49,0.27,0.89,0.95,0.42,2.13,raw/FSNAU-Technical-Series-Report-Post-Gu-2014-Nutrition-Analysis.pdf,101,raw/FSNAU-Technical-Series-Report-Post-Gu-2014-Nutrition-Analysis.pdf p101,True,1.0,transcribed/FSNAU-Technical-Series-Report-Post-Gu-2014-Nutrition-Analysis.csv,Bay Agropastoral,17.1,3.7,,,,,"muac_sam CI printed (2.1-4.2). Mortality on p101. Fieldwork: only season-wide window (May-Jul 2014) is given in the report (p12, p13); no per-survey dates."
Gu 2014,2014,Gu,May-Jul 2014,report,Beletwyene,Hiran,rural,SMART,746.0,,15.0,11.8,18.9,3.5,2.4,5.1,9.4,7.0,12.5,1.4,0.25,0.11,0.55,0.14,0.02,1.07,raw/FSNAU-Technical-Series-Report-Post-Gu-2014-Nutrition-Analysis.pdf,95,raw/FSNAU-Technical-Series-Report-Post-Gu-2014-Nutrition-Analysis.pdf p95,True,1.0,transcribed/FSNAU-Technical-Series-Report-Post-Gu-2014-Nutrition-Analysis.csv,,,,,,,,"Table heading 'Beletwyene' (title: Beletweyne). Cluster number blank. muac_sam CI printed (0.8-2.6). Header N=746 (Boys=385; Girls=361). Fieldwork: only season-wide window (May-Jul 2014) is given in the report (p12, p13); no per-survey dates."
Gu 2014,2014,Gu,May-Jul 2014,report,Coastal,Northeast,rural,SMART,709.0,30.0,12.7,9.7,16.4,2.1,1.3,3.5,3.2,2.1,4.9,0.6,0.0,,,0.0,,,raw/FSNAU-Technical-Series-Report-Post-Gu-2014-Nutrition-Analysis.pdf,57,raw/FSNAU-Technical-Series-Report-Post-Gu-2014-Nutrition-Analysis.pdf p57,True,1.0,transcribed/FSNAU-Technical-Series-Report-Post-Gu-2014-Nutrition-Analysis.csv,Coastal Deeh NE,12.7,2.1,,,,,"Annex 6.4 'Coastal Deeh NE'. CDR/U5DR printed 0.0 without CI (mortality on p57-58). muac_sam CI printed (0.2-1.5). Distinct from Central Coastal Deeh (MUAC, Table 25). Fieldwork: only season-wide window (May-Jul 2014) is given in the report (p12, p13); no per-survey dates."
Gu 2014,2014,Gu,May-Jul 2014,report,Coastal Central,Central,rural,MUAC rapid,760.0,26.0,,,,,,,10.0,6.9,14.3,4.9,0.66,,,1.93,,,raw/FSNAU-Technical-Series-Report-Post-Gu-2014-Nutrition-Analysis.pdf,69,raw/FSNAU-Technical-Series-Report-Post-Gu-2014-Nutrition-Analysis.pdf p69,True,1.0,transcribed/FSNAU-Technical-Series-Report-Post-Gu-2014-Nutrition-Analysis.csv,,,,,,,,"MUAC-only representative survey. Annex 6.3 'Coastal deeh Central (MUAC)'. CDR and U5DR printed without CI. muac_sam CI printed (2.8-8.4). Fieldwork: only season-wide window (May-Jul 2014) is given in the report (p12, p13); no per-survey dates."
Gu 2014,2014,Gu,May-Jul 2014,report,Cowpea Belt,Central,rural,MUAC rapid,814.0,26.0,,,,,,,9.7,7.9,11.9,2.5,0.59,0.31,1.11,1.05,0.44,2.5,raw/FSNAU-Technical-Series-Report-Post-Gu-2014-Nutrition-Analysis.pdf,69,raw/FSNAU-Technical-Series-Report-Post-Gu-2014-Nutrition-Analysis.pdf p69,True,1.0,transcribed/FSNAU-Technical-Series-Report-Post-Gu-2014-Nutrition-Analysis.csv,Cowpea Belt,9.7,2.5,,,,,"MUAC-only representative survey (text p65: Cowpea and Coastal assessed by representative MUAC). No WHZ. muac_sam CI printed (1.6-3.8). Header N=814 (Boys=404; Girls=410). Fieldwork: only season-wide window (May-Jul 2014) is given in the report (p12, p13); no per-survey dates."
Gu 2014,2014,Gu,May-Jul 2014,report,East Golis/Gebi Valley Pastoral,Northwest,rural,SMART,501.0,28.0,9.0,6.2,12.8,0.4,0.1,1.7,3.7,2.3,5.8,0.6,0.07,0.02,0.28,0.61,0.2,1.89,raw/FSNAU-Technical-Series-Report-Post-Gu-2014-Nutrition-Analysis.pdf,45,raw/FSNAU-Technical-Series-Report-Post-Gu-2014-Nutrition-Analysis.pdf p45,True,1.0,transcribed/FSNAU-Technical-Series-Report-Post-Gu-2014-Nutrition-Analysis.csv,East Golis/Gebi valley,9.0,0.4,,,,,"Table header on p44; results p45; mortality p45-46. Distinct from Northeast 'East Golis/Karkaar' (N=741, Table 17). Annex 6.2 labels the two East Golis surveys the other way round (Gebbi Valley N=741, Kakaar N=501); table labels used. muac_sam CI printed (0.2-1.8). Fieldwork: only season-wide window (May-Jul 2014) is given in the report (p12, p13); no per-survey dates."
Gu 2014,2014,Gu,May-Jul 2014,report,East Golis/Karkaar Pastoral,Northeast,rural,SMART,741.0,30.0,15.8,12.9,19.2,2.8,1.7,4.7,5.4,3.8,7.5,0.8,0.24,0.09,0.58,0.14,0.02,1.06,raw/FSNAU-Technical-Series-Report-Post-Gu-2014-Nutrition-Analysis.pdf,55,raw/FSNAU-Technical-Series-Report-Post-Gu-2014-Nutrition-Analysis.pdf p55,True,1.0,transcribed/FSNAU-Technical-Series-Report-Post-Gu-2014-Nutrition-Analysis.csv,E Golis (NE),15.8,2.8,,,,,"Also reprinted in Table 19 (p59). Distinct from Northwest East Golis/Gebi Valley (N=501). muac_sam CI printed (0.3-2.0). Mortality on p55. Fieldwork: only season-wide window (May-Jul 2014) is given in the report (p12, p13); no per-survey dates."
Gu 2014,2014,Gu,May-Jul 2014,report,Hawd Pastoral,Central,rural,SMART,670.0,27.0,17.3,13.2,22.4,4.6,3.0,7.1,12.8,8.1,19.8,2.5,0.45,0.22,0.95,0.61,0.23,1.61,raw/FSNAU-Technical-Series-Report-Post-Gu-2014-Nutrition-Analysis.pdf,67,raw/FSNAU-Technical-Series-Report-Post-Gu-2014-Nutrition-Analysis.pdf p67,True,1.0,transcribed/FSNAU-Technical-Series-Report-Post-Gu-2014-Nutrition-Analysis.csv,Hawd Pastoral,,,,,,,"Also in Table 18 (NE caption p57); recorded once from Central table. Annex 6.4 'Hawd Central'. muac_sam CI printed (1.3-4.8). Fieldwork: only season-wide window (May-Jul 2014) is given in the report (p12, p13); no per-survey dates."
Gu 2014,2014,Gu,May-Jul 2014,report,L.Shabelle,Lower Shabelle,rural,SMART,669.0,30.0,17.2,13.7,21.3,5.5,3.5,8.7,4.2,2.6,6.8,0.6,0.59,0.35,0.99,0.72,0.25,2.01,raw/FSNAU-Technical-Series-Report-Post-Gu-2014-Nutrition-Analysis.pdf,91,raw/FSNAU-Technical-Series-Report-Post-Gu-2014-Nutrition-Analysis.pdf p91,True,1.0,transcribed/FSNAU-Technical-Series-Report-Post-Gu-2014-Nutrition-Analysis.csv,,,,,,,,"Regional re-analysis of the Shabelle livelihood surveys (Table 32); not a separate survey. Qoryoley and Merka excluded from sampling due to inaccessibility (p84 footnote). Oedema 1.0%. muac_sam CI printed (0.2-1.9). Fieldwork: only season-wide window (May-Jul 2014) is given in the report (p12, p13); no per-survey dates."
Gu 2014,2014,Gu,May-Jul 2014,report,M. Shabelle,Middle Shabelle,rural,SMART,594.0,30.0,13.5,10.1,17.7,2.5,1.4,4.5,9.3,6.3,13.6,2.1,0.64,0.4,1.0,1.12,0.53,2.27,raw/FSNAU-Technical-Series-Report-Post-Gu-2014-Nutrition-Analysis.pdf,91,raw/FSNAU-Technical-Series-Report-Post-Gu-2014-Nutrition-Analysis.pdf p91,True,1.0,transcribed/FSNAU-Technical-Series-Report-Post-Gu-2014-Nutrition-Analysis.csv,Middle shabelle,13.5,2.5,,,,,"Regional re-analysis of the Shabelle livelihood surveys (Table 32); sampling units are regions not separate surveys - do not add to Table 32 rows. Population type 'rural' assumed from context (agro-pastoral + riverine). muac_sam CI printed (1.1-4.1). Fieldwork: only season-wide window (May-Jul 2014) is given in the report (p12, p13); no per-survey dates."
Gu 2014,2014,Gu,May-Jul 2014,report,Mataban,Hiran,rural,SMART,613.0,,22.2,17.9,27.1,5.1,3.4,7.5,7.7,5.4,11.0,1.8,0.7,0.44,1.1,0.16,0.02,1.23,raw/FSNAU-Technical-Series-Report-Post-Gu-2014-Nutrition-Analysis.pdf,95,raw/FSNAU-Technical-Series-Report-Post-Gu-2014-Nutrition-Analysis.pdf p95,True,1.0,transcribed/FSNAU-Technical-Series-Report-Post-Gu-2014-Nutrition-Analysis.csv,Mataban District,22.2,5.1,,,,,"Cluster number blank. muac_sam CI printed (0.9-3.6). Header N=613 (Boys=299; Girls=314). Fieldwork: only season-wide window (May-Jul 2014) is given in the report (p12, p13); no per-survey dates."
Gu 2014,2014,Gu,May-Jul 2014,report,N GEDO AGROPASTORAL,Gedo,rural,SMART,518.0,,14.9,12.1,18.2,0.2,0.0,1.1,20.3,17.1,23.9,2.3,0.78,0.46,1.32,1.15,0.42,3.16,raw/FSNAU-Technical-Series-Report-Post-Gu-2014-Nutrition-Analysis.pdf,75,raw/FSNAU-Technical-Series-Report-Post-Gu-2014-Nutrition-Analysis.pdf p75,True,1.0,transcribed/FSNAU-Technical-Series-Report-Post-Gu-2014-Nutrition-Analysis.csv,North Gedo Agro pastoral,14.9,0.2,,,,,"Table 27 prints GAM as '14.9%12.1-18.2)' and MUAC CI as '(17.1-23.9' (missing bracket). Mortality on p76. muac_sam CI printed (1.3-3.9). Header 'All=518' (Boys=258; Girls=260). SAM '0.2 (0-1.1)' on page; boys row prints 0.4 (0.1-2.2). Fieldwork: only season-wide window (May-Jul 2014) is given in the report (p12, p13); no per-survey dates."
Gu 2014,2014,Gu,May-Jul 2014,report,N GEDO PASTORAL,Gedo,rural,SMART,502.0,,20.7,17.4,24.5,1.0,0.4,2.3,21.1,17.8,24.9,3.6,0.54,0.3,0.97,0.94,0.33,2.65,raw/FSNAU-Technical-Series-Report-Post-Gu-2014-Nutrition-Analysis.pdf,75,raw/FSNAU-Technical-Series-Report-Post-Gu-2014-Nutrition-Analysis.pdf p75,True,1.0,transcribed/FSNAU-Technical-Series-Report-Post-Gu-2014-Nutrition-Analysis.csv,North Gedo Pastoral,20.7,1.0,,,,,"Mortality on p76; CDR CI printed '(0.30- o.97)'. muac_sam CI printed (2.3-5.6). Header 'All=502' (Boys=272; Girls=230). Fieldwork: only season-wide window (May-Jul 2014) is given in the report (p12, p13); no per-survey dates."
Gu 2014,2014,Gu,May-Jul 2014,report,N GEDO RIVERINE,Gedo,rural,SMART,776.0,,19.3,16.7,22.3,3.1,2.1,4.6,9.7,7.9,12.0,2.3,0.66,0.39,1.1,0.86,0.3,2.45,raw/FSNAU-Technical-Series-Report-Post-Gu-2014-Nutrition-Analysis.pdf,75,raw/FSNAU-Technical-Series-Report-Post-Gu-2014-Nutrition-Analysis.pdf p75,True,1.0,transcribed/FSNAU-Technical-Series-Report-Post-Gu-2014-Nutrition-Analysis.csv,North Gedo Riverine,19.3,3.1,,,,,"Mortality on p76. muac_sam CI printed (1.4-3.6). Header 'All=776' (Boys=401; Girls=375). Fieldwork: only season-wide window (May-Jul 2014) is given in the report (p12, p13); no per-survey dates."
Gu 2014,2014,Gu,May-Jul 2014,report,NW Hawd,Northwest,rural,SMART,553.0,30.0,7.6,5.3,10.8,0.0,0.0,0.0,0.7,0.3,1.9,0.2,0.06,0.01,0.52,0.0,,,raw/FSNAU-Technical-Series-Report-Post-Gu-2014-Nutrition-Analysis.pdf,45,raw/FSNAU-Technical-Series-Report-Post-Gu-2014-Nutrition-Analysis.pdf p45,True,1.0,transcribed/FSNAU-Technical-Series-Report-Post-Gu-2014-Nutrition-Analysis.csv,NW Hawd,7.6,0.0,,,,,"muac_sam CI printed (0.0-1.4). SAM printed 0.0 (0.0-0.0). Fieldwork: only season-wide window (May-Jul 2014) is given in the report (p12, p13); no per-survey dates."
Gu 2014,2014,Gu,May-Jul 2014,report,Nugal Valley,Northeast,rural,SMART,643.0,35.0,7.9,5.5,11.3,0.3,0.1,1.3,2.0,1.1,3.7,1.5,0.15,0.06,0.04,0.0,0.0,0.0,raw/FSNAU-Technical-Series-Report-Post-Gu-2014-Nutrition-Analysis.pdf,55,raw/FSNAU-Technical-Series-Report-Post-Gu-2014-Nutrition-Analysis.pdf p55,True,1.0,transcribed/FSNAU-Technical-Series-Report-Post-Gu-2014-Nutrition-Analysis.csv,Nugal Valley,7.9,0.3,,,,,"Also reprinted in Table 19. Table 11 (NW, p45) mislabels Sool Plateau data under 'Nugal Valley Pastoral', so Table 17 is used. muac_sam printed '1.5 (0.1-1.4)' (point estimate outside its own CI; boys 0.6 girls 0.3 suggest typo for 0.5). CDR CI printed '(0.06 - 0.04)' (as printed). Oedema 0.0. Fieldwork: only season-wide window (May-Jul 2014) is given in the report (p12, p13); no per-survey dates."
Gu 2014,2014,Gu,May-Jul 2014,report,Shabelle Agro Pastoral,Shabelle,rural,SMART,707.0,34.0,18.8,15.0,23.4,5.4,3.3,8.5,7.7,5.3,10.8,1.6,0.72,0.45,1.15,0.84,0.4,1.73,raw/FSNAU-Technical-Series-Report-Post-Gu-2014-Nutrition-Analysis.pdf,90,raw/FSNAU-Technical-Series-Report-Post-Gu-2014-Nutrition-Analysis.pdf p90,True,1.0,transcribed/FSNAU-Technical-Series-Report-Post-Gu-2014-Nutrition-Analysis.csv,Shabelle Agro pastoral,18.8,1.6,,,,,"MUAC rows are labelled 'MUAC <125mm' / '<115mm'. Table text for Agro-pastoral MUAC prints '7.7(5.3-10.8) 7 (3.8-12.5)'; the second figure sits in the Riverine column. muac_sam CI printed (0.8-3.4). Fieldwork: only season-wide window (May-Jul 2014) is given in the report (p12, p13); no per-survey dates."
Gu 2014,2014,Gu,May-Jul 2014,report,Shabelle Riverine,Shabelle,rural,SMART,743.0,26.0,11.2,8.0,15.3,2.6,1.3,5.1,7.0,3.8,12.5,1.3,0.53,0.3,0.92,1.07,0.5,2.26,raw/FSNAU-Technical-Series-Report-Post-Gu-2014-Nutrition-Analysis.pdf,90,raw/FSNAU-Technical-Series-Report-Post-Gu-2014-Nutrition-Analysis.pdf p90,True,1.0,transcribed/FSNAU-Technical-Series-Report-Post-Gu-2014-Nutrition-Analysis.csv,Shabelle Riverine,11.2,2.5,,,,,"Header N=743 (Boys=386; Girls=357) but Annex 6.2 (p107) lists N=555 for Shabelle Riverine. muac_sam CI printed (0.5-3.3). Fieldwork: only season-wide window (May-Jul 2014) is given in the report (p12, p13); no per-survey dates."
Gu 2014,2014,Gu,May-Jul 2014,report,Sool Plateau,Northwest,rural,SMART,681.0,32.0,12.0,9.6,15.1,2.2,1.3,3.7,1.5,0.8,2.7,0.3,0.06,0.01,0.52,0.0,,,raw/FSNAU-Technical-Series-Report-Post-Gu-2014-Nutrition-Analysis.pdf,43,raw/FSNAU-Technical-Series-Report-Post-Gu-2014-Nutrition-Analysis.pdf p43,True,1.0,transcribed/FSNAU-Technical-Series-Report-Post-Gu-2014-Nutrition-Analysis.csv,Sool Plateau,12.0,2.2,,,,,"Same survey reappears in Table 11 (middle column, mislabelled 'Nugal Valley Pastoral', p45), Table 17 and Table 19 ('Sool Pastoral', printed N=670) - recorded once here. muac_sam CI printed (0.1-1.2). Oedema 0.3. Fieldwork: only season-wide window (May-Jul 2014) is given in the report (p12, p13); no per-survey dates."
Gu 2014,2014,Gu,May-Jul 2014,report,South Gedo Agropastoral (MUAC),Gedo,rural,MUAC rapid,1100.0,,,,,,,,15.6,,,2.2,,,,,,,raw/FSNAU-Technical-Series-Report-Post-Gu-2014-Nutrition-Analysis.pdf,108,raw/FSNAU-Technical-Series-Report-Post-Gu-2014-Nutrition-Analysis.pdf p108,True,1.0,transcribed/FSNAU-Technical-Series-Report-Post-Gu-2014-Nutrition-Analysis.csv,South Gedo Agropastoral,15.6,2.2,,,,,"MUAC rapid survey; values only in Annex 6.3 (PDF p108, columns MUAC<12.5 and <11.5); no region table, CI or mortality printed. n_children=1100 from Annex 6.2 (p107; clusters 'Exhaustive'). Text p73: South Gedo MUAC assessment shows very critical GAM among pastorals and riverine, 15.6% agro-pastoral. Fieldwork: only season-wide window (May-Jul 2014) is given in the report (p12, p13); no per-survey dates."
Gu 2014,2014,Gu,May-Jul 2014,report,South Gedo Pastoral (MUAC),Gedo,rural,MUAC rapid,1100.0,,,,,,,,16.9,,,1.9,,,,,,,raw/FSNAU-Technical-Series-Report-Post-Gu-2014-Nutrition-Analysis.pdf,108,raw/FSNAU-Technical-Series-Report-Post-Gu-2014-Nutrition-Analysis.pdf p108,True,1.0,transcribed/FSNAU-Technical-Series-Report-Post-Gu-2014-Nutrition-Analysis.csv,South Gedo Pastoral,16.9,1.9,,,,,"MUAC rapid survey; values only in Annex 6.3 (PDF p108, columns MUAC<12.5 and <11.5); no region table, CI or mortality printed. n_children=1100 from Annex 6.2 (p107; clusters 'Exhaustive'). Text p73: South Gedo MUAC assessment shows very critical GAM among pastorals and riverine, 15.6% agro-pastoral. Fieldwork: only season-wide window (May-Jul 2014) is given in the report (p12, p13); no per-survey dates."
Gu 2014,2014,Gu,May-Jul 2014,report,South Gedo Riverine (MUAC),Gedo,rural,MUAC rapid,1100.0,,,,,,,,17.7,,,3.4,,,,,,,raw/FSNAU-Technical-Series-Report-Post-Gu-2014-Nutrition-Analysis.pdf,108,raw/FSNAU-Technical-Series-Report-Post-Gu-2014-Nutrition-Analysis.pdf p108,True,1.0,transcribed/FSNAU-Technical-Series-Report-Post-Gu-2014-Nutrition-Analysis.csv,South Gedo Riverine,17.7,3.4,,,,,"MUAC rapid survey; values only in Annex 6.3 (PDF p108, columns MUAC<12.5 and <11.5); no region table, CI or mortality printed. n_children=1100 from Annex 6.2 (p107; clusters 'Exhaustive'). Text p73: South Gedo MUAC assessment shows very critical GAM among pastorals and riverine, 15.6% agro-pastoral. Fieldwork: only season-wide window (May-Jul 2014) is given in the report (p12, p13); no per-survey dates."
Gu 2014,2014,Gu,May-Jul 2014,report,West Golis /Guban Pastoral LZ,Northwest,rural,SMART,545.0,35.0,15.8,12.4,19.9,3.0,1.9,4.7,3.5,1.8,6.7,0.7,0.14,0.05,0.35,0.0,0.0,0.0,raw/FSNAU-Technical-Series-Report-Post-Gu-2014-Nutrition-Analysis.pdf,43,raw/FSNAU-Technical-Series-Report-Post-Gu-2014-Nutrition-Analysis.pdf p43,True,1.0,transcribed/FSNAU-Technical-Series-Report-Post-Gu-2014-Nutrition-Analysis.csv,West Golis /Guban Pastoral LZ,15.8,3.0,,,,,"U5DR printed 0.0 (0.00-0.00). muac_sam CI printed (0.3-1.9). Fieldwork: only season-wide window (May-Jul 2014) is given in the report (p12, p13); no per-survey dates."
Gu 2014,2014,Gu,May-Jul 2014,report,Awdal Region Urban,Awdal,urban,SMART,531.0,25.0,6.6,4.3,10.1,0.8,0.3,2.0,3.5,2.0,6.2,1.1,,,,,,,raw/FSNAU-Technical-Series-Report-Post-Gu-2014-Nutrition-Analysis.pdf,47,raw/FSNAU-Technical-Series-Report-Post-Gu-2014-Nutrition-Analysis.pdf p47,True,1.0,transcribed/FSNAU-Technical-Series-Report-Post-Gu-2014-Nutrition-Analysis.csv,Awdal Urban,6.6,0.8,,,,,"No mortality in table. muac_sam CI printed (0.4-3.0). Fieldwork: only season-wide window (May-Jul 2014) is given in the report (p12, p13); no per-survey dates."
Gu 2014,2014,Gu,May-Jul 2014,report,Bari urban,Northeast,urban,SMART,576.0,30.0,17.5,13.8,22.1,4.0,2.5,6.3,4.9,3.5,6.9,1.2,,,,,,,raw/FSNAU-Technical-Series-Report-Post-Gu-2014-Nutrition-Analysis.pdf,62,raw/FSNAU-Technical-Series-Report-Post-Gu-2014-Nutrition-Analysis.pdf p62,True,1.0,transcribed/FSNAU-Technical-Series-Report-Post-Gu-2014-Nutrition-Analysis.csv,Bari Urban,17.5,4.0,,,,,"Table starts p62, MUAC rows on p63. No mortality in table. muac_sam CI printed (0.6-2.3). Fieldwork: only season-wide window (May-Jul 2014) is given in the report (p12, p13); no per-survey dates."
Gu 2014,2014,Gu,May-Jul 2014,report,Galgaduud urban,Central,urban,SMART,699.0,25.0,9.9,7.1,13.5,1.3,0.6,2.7,4.1,2.4,6.7,0.8,,,,,,,raw/FSNAU-Technical-Series-Report-Post-Gu-2014-Nutrition-Analysis.pdf,70,raw/FSNAU-Technical-Series-Report-Post-Gu-2014-Nutrition-Analysis.pdf p70,True,1.0,transcribed/FSNAU-Technical-Series-Report-Post-Gu-2014-Nutrition-Analysis.csv,Galgaduud Urban,,,,,,,"Annex 6.3/6.4 print GAM 9.8 for Galgadud Urban (9.9 in Table 26). No mortality. muac_sam CI printed (0.4-1.8). Fieldwork: only season-wide window (May-Jul 2014) is given in the report (p12, p13); no per-survey dates."
Gu 2014,2014,Gu,May-Jul 2014,report,Kismayo Urban,,urban,SMART,1013.0,,12.4,9.9,15.5,3.2,2.2,4.6,8.9,6.5,12.1,1.5,0.55,,,0.82,,,raw/FSNAU-Technical-Series-Report-Post-Gu-2014-Nutrition-Analysis.pdf,83,raw/FSNAU-Technical-Series-Report-Post-Gu-2014-Nutrition-Analysis.pdf p83,True,1.0,transcribed/FSNAU-Technical-Series-Report-Post-Gu-2014-Nutrition-Analysis.csv,Kismayo Town,12.4,3.2,,,,,"Mortality printed without CI (CDR n=20, U5DR n=8). Table caption names no region. muac_sam CI printed (0.9-2.7). Fieldwork: only season-wide window (May-Jul 2014) is given in the report (p12, p13); no per-survey dates."
Gu 2014,2014,Gu,May-Jul 2014,report,Mogadishu Urban,Banadir,urban,SMART,808.0,40.0,10.1,7.9,12.8,1.4,0.8,2.3,9.5,6.6,13.5,2.1,,,,,,,raw/FSNAU-Technical-Series-Report-Post-Gu-2014-Nutrition-Analysis.pdf,88,raw/FSNAU-Technical-Series-Report-Post-Gu-2014-Nutrition-Analysis.pdf p88,True,1.0,transcribed/FSNAU-Technical-Series-Report-Post-Gu-2014-Nutrition-Analysis.csv,Mogadishu Town,10.1,1.4,,,,,"Mortality printed N/A. muac_sam CI printed (1.3-3.5). Fieldwork: only season-wide window (May-Jul 2014) is given in the report (p12, p13); no per-survey dates."
Gu 2014,2014,Gu,May-Jul 2014,report,Mudug urban,Central,urban,SMART,604.0,25.0,9.9,7.5,13.1,2.2,1.1,4.1,6.1,3.9,9.5,2.6,,,,,,,raw/FSNAU-Technical-Series-Report-Post-Gu-2014-Nutrition-Analysis.pdf,70,raw/FSNAU-Technical-Series-Report-Post-Gu-2014-Nutrition-Analysis.pdf p70,True,1.0,transcribed/FSNAU-Technical-Series-Report-Post-Gu-2014-Nutrition-Analysis.csv,,,,,,,,"Also in Table 21 (p63) where MUAC GAM is misprinted '61. (3.9-9.5)'; recorded once from Central table. No mortality. muac_sam CI printed (1.2-5.3). Fieldwork: only season-wide window (May-Jul 2014) is given in the report (p12, p13); no per-survey dates."
Gu 2014,2014,Gu,May-Jul 2014,report,Nugal urban,Northeast,urban,SMART,621.0,,12.9,9.6,17.1,3.2,1.9,5.5,4.2,2.8,6.1,2.6,,,,,,,raw/FSNAU-Technical-Series-Report-Post-Gu-2014-Nutrition-Analysis.pdf,62,raw/FSNAU-Technical-Series-Report-Post-Gu-2014-Nutrition-Analysis.pdf p62,True,1.0,transcribed/FSNAU-Technical-Series-Report-Post-Gu-2014-Nutrition-Analysis.csv,Nugaal Urban,12.9,3.2,,,,,"Table starts p62, MUAC rows on p63. Cluster number blank in header. No mortality. muac_sam CI printed (1.5-4.5). Fieldwork: only season-wide window (May-Jul 2014) is given in the report (p12, p13); no per-survey dates."
Gu 2014,2014,Gu,May-Jul 2014,report,Sanaag Region Urban,Sanaag,urban,SMART,506.0,25.0,5.5,3.6,8.4,0.4,0.1,1.6,4.3,2.6,7.0,0.8,,,,,,,raw/FSNAU-Technical-Series-Report-Post-Gu-2014-Nutrition-Analysis.pdf,48,raw/FSNAU-Technical-Series-Report-Post-Gu-2014-Nutrition-Analysis.pdf p48,True,1.0,transcribed/FSNAU-Technical-Series-Report-Post-Gu-2014-Nutrition-Analysis.csv,Sanaag Region Urban,5.5,0.4,,,,,"No mortality in table. muac_sam CI printed (0.3-1.9). Fieldwork: only season-wide window (May-Jul 2014) is given in the report (p12, p13); no per-survey dates."
Gu 2014,2014,Gu,May-Jul 2014,report,Sool Region Urban,Sool,urban,SMART,564.0,25.0,11.3,8.0,15.8,1.1,0.5,2.1,2.9,1.6,5.2,0.2,,,,,,,raw/FSNAU-Technical-Series-Report-Post-Gu-2014-Nutrition-Analysis.pdf,48,raw/FSNAU-Technical-Series-Report-Post-Gu-2014-Nutrition-Analysis.pdf p48,True,1.0,transcribed/FSNAU-Technical-Series-Report-Post-Gu-2014-Nutrition-Analysis.csv,Sool Region Urban,11.3,1.1,,,,,"No mortality in table. muac_sam CI printed (0.0-1.3). Fieldwork: only season-wide window (May-Jul 2014) is given in the report (p12, p13); no per-survey dates."
Gu 2014,2014,Gu,May-Jul 2014,report,Togdheer Region Urban,Togdheer,urban,SMART,495.0,25.0,8.1,5.9,10.9,1.4,0.6,3.1,3.4,2.1,5.6,1.4,,,,,,,raw/FSNAU-Technical-Series-Report-Post-Gu-2014-Nutrition-Analysis.pdf,47,raw/FSNAU-Technical-Series-Report-Post-Gu-2014-Nutrition-Analysis.pdf p47,True,1.0,transcribed/FSNAU-Technical-Series-Report-Post-Gu-2014-Nutrition-Analysis.csv,Togdheer Region Urban,8.1,1.4,,,,,"No mortality in table. muac_sam CI printed (0.7-2.8). Fieldwork: only season-wide window (May-Jul 2014) is given in the report (p12, p13); no per-survey dates."
Gu 2014,2014,Gu,May-Jul 2014,report,Woqooyi Galbeed Region Urban,Woqooyi Galbeed,urban,SMART,347.0,25.0,8.6,5.7,12.9,2.0,0.8,5.0,1.1,0.3,3.9,0.3,,,,,,,raw/FSNAU-Technical-Series-Report-Post-Gu-2014-Nutrition-Analysis.pdf,47,raw/FSNAU-Technical-Series-Report-Post-Gu-2014-Nutrition-Analysis.pdf p47,True,1.0,transcribed/FSNAU-Technical-Series-Report-Post-Gu-2014-Nutrition-Analysis.csv,Woq Galbeed Region Urban,8.6,2.0,,,,,"No mortality in table. muac_sam CI printed (0.0-2.2). Fieldwork: only season-wide window (May-Jul 2014) is given in the report (p12, p13); no per-survey dates."
Deyr 2014/15,2014,Deyr,30 Oct-16 Nov 2014,report,Baidoa IDPs,Bay,IDP,SMART,522.0,30.0,15.3,11.8,19.7,3.3,1.9,5.6,9.8,6.6,14.1,2.3,0.74,0.45,1.21,1.21,0.62,2.35,raw/FSNAU-Nutrition-Analysis-Technical-Series-Report-Post-Deyr-2014-15.pdf,92,raw/FSNAU-Nutrition-Analysis-Technical-Series-Report-Post-Deyr-2014-15.pdf p92,True,1.0,transcribed/FSNAU-Nutrition-Analysis-Technical-Series-Report-Post-Deyr-2014-15.csv,Baidoa IDPs,15.3,3.3,,,,,"fieldwork dates from the overall survey time frame (p97: IDP/urban 30 Oct-16 Nov 2014, rural 4-25 Dec 2014), not survey-specific. death rates on p93 (continuation of Table 30)"
Deyr 2014/15,2014,Deyr,30 Oct-16 Nov 2014,report,Berbera IDPs,Northwest,IDP,SMART,533.0,28.0,9.9,6.8,14.4,1.9,1.0,3.6,2.3,1.1,4.4,1.5,0.14,0.04,0.47,0.0,,,raw/FSNAU-Nutrition-Analysis-Technical-Series-Report-Post-Deyr-2014-15.pdf,38,raw/FSNAU-Nutrition-Analysis-Technical-Series-Report-Post-Deyr-2014-15.pdf p38,True,1.0,transcribed/FSNAU-Nutrition-Analysis-Technical-Series-Report-Post-Deyr-2014-15.csv,Berbera IDPs,9.9,1.9,,,,,"fieldwork dates from the overall survey time frame (p97: IDP/urban 30 Oct-16 Nov 2014, rural 4-25 Dec 2014), not survey-specific. U5DR 0.0 printed without CI"
Deyr 2014/15,2014,Deyr,30 Oct-16 Nov 2014,report,Bosaso IDPs,Northeast,IDP,SMART,843.0,28.0,17.2,15.1,19.6,3.1,2.0,4.8,11.2,9.0,13.7,2.4,0.36,0.15,0.86,0.61,0.26,1.38,raw/FSNAU-Nutrition-Analysis-Technical-Series-Report-Post-Deyr-2014-15.pdf,48,raw/FSNAU-Nutrition-Analysis-Technical-Series-Report-Post-Deyr-2014-15.pdf p48,True,1.0,transcribed/FSNAU-Nutrition-Analysis-Technical-Series-Report-Post-Deyr-2014-15.csv,Bossaso IDPs,17.2,3.1,,,,,"fieldwork dates from the overall survey time frame (p97: IDP/urban 30 Oct-16 Nov 2014, rural 4-25 Dec 2014), not survey-specific. death rates on p49 (continuation of Table 14)"
Deyr 2014/15,2014,Deyr,30 Oct-16 Nov 2014,report,Burao IDPs,Northwest,IDP,SMART,640.0,32.0,9.7,7.7,12.1,0.6,0.2,1.6,3.8,2.2,6.3,1.1,0.04,0.01,0.29,0.34,0.04,2.57,raw/FSNAU-Nutrition-Analysis-Technical-Series-Report-Post-Deyr-2014-15.pdf,38,raw/FSNAU-Nutrition-Analysis-Technical-Series-Report-Post-Deyr-2014-15.pdf p38,True,1.0,transcribed/FSNAU-Nutrition-Analysis-Technical-Series-Report-Post-Deyr-2014-15.csv,Burao IDPs,9.7,0.6,,,,,"fieldwork dates from the overall survey time frame (p97: IDP/urban 30 Oct-16 Nov 2014, rural 4-25 Dec 2014), not survey-specific. "
Deyr 2014/15,2014,Deyr,30 Oct-16 Nov 2014,report,Dhobley IDPs,Juba,IDP,SMART,986.0,,11.0,9.2,13.1,1.4,0.8,2.4,4.1,3.0,5.5,0.7,1.25,0.9,1.73,1.55,0.96,2.5,raw/FSNAU-Nutrition-Analysis-Technical-Series-Report-Post-Deyr-2014-15.pdf,73,raw/FSNAU-Nutrition-Analysis-Technical-Series-Report-Post-Deyr-2014-15.pdf p73,True,1.0,transcribed/FSNAU-Nutrition-Analysis-Technical-Series-Report-Post-Deyr-2014-15.csv,Dobley IDPs,11.0,1.4,,,,,"fieldwork dates from the overall survey time frame (p97: IDP/urban 30 Oct-16 Nov 2014, rural 4-25 Dec 2014), not survey-specific. cluster number blank in header"
Deyr 2014/15,2014,Deyr,30 Oct-16 Nov 2014,report,Dhusamareeb IDP,Central,IDP,SMART,430.0,,14.4,,,4.2,,,7.2,,,0.7,0.07,,,0.0,,,raw/FSNAU-Nutrition-Analysis-Technical-Series-Report-Post-Deyr-2014-15.pdf,58,raw/FSNAU-Nutrition-Analysis-Technical-Series-Report-Post-Deyr-2014-15.pdf p58,True,1.0,transcribed/FSNAU-Nutrition-Analysis-Technical-Series-Report-Post-Deyr-2014-15.csv,Dhusamareeb IDPs,14.4,4.2,,,,,"fieldwork dates from the overall survey time frame (p97: IDP/urban 30 Oct-16 Nov 2014, rural 4-25 Dec 2014), not survey-specific. header 'Clusters: Exhaustive (n=430)'; no CIs printed; Hawd and Addun columns of Table 18 recorded above"
Deyr 2014/15,2014,Deyr,30 Oct-16 Nov 2014,report,Dolow IDPs,,IDP,SMART,818.0,,21.6,,,4.3,,,7.1,,,1.2,0.46,0.27,0.79,0.89,0.44,1.78,raw/FSNAU-Nutrition-Analysis-Technical-Series-Report-Post-Deyr-2014-15.pdf,67,raw/FSNAU-Nutrition-Analysis-Technical-Series-Report-Post-Deyr-2014-15.pdf p67,True,1.0,transcribed/FSNAU-Nutrition-Analysis-Technical-Series-Report-Post-Deyr-2014-15.csv,Dolow IDPs,21.6,4.3,,,,,"fieldwork dates from the overall survey time frame (p97: IDP/urban 30 Oct-16 Nov 2014, rural 4-25 Dec 2014), not survey-specific. header 'Exhaustive'; no CIs for GAM/SAM/MUAC"
Deyr 2014/15,2014,Deyr,30 Oct-16 Nov 2014,report,Galkacyo IDPs,Northeast,IDP,SMART,973.0,28.0,15.1,12.2,18.3,2.6,1.7,3.9,8.7,6.2,11.2,1.3,0.05,0.01,0.22,0.0,,,raw/FSNAU-Nutrition-Analysis-Technical-Series-Report-Post-Deyr-2014-15.pdf,48,raw/FSNAU-Nutrition-Analysis-Technical-Series-Report-Post-Deyr-2014-15.pdf p48,True,1.0,transcribed/FSNAU-Nutrition-Analysis-Technical-Series-Report-Post-Deyr-2014-15.csv,Galkayo IDPs,15.1,2.6,,,,,"fieldwork dates from the overall survey time frame (p97: IDP/urban 30 Oct-16 Nov 2014, rural 4-25 Dec 2014), not survey-specific. death rates on p49; U5DR 0 printed without CI"
Deyr 2014/15,2014,Deyr,30 Oct-16 Nov 2014,report,Gardo IDPs,Bari,IDP,SMART,496.0,,11.1,,,1.8,,,8.5,,,1.8,0.36,,,1.09,,,raw/FSNAU-Nutrition-Analysis-Technical-Series-Report-Post-Deyr-2014-15.pdf,53,raw/FSNAU-Nutrition-Analysis-Technical-Series-Report-Post-Deyr-2014-15.pdf p53,True,1.0,transcribed/FSNAU-Nutrition-Analysis-Technical-Series-Report-Post-Deyr-2014-15.csv,Qardho IDPs,11.1,1.8,,,,,"fieldwork dates from the overall survey time frame (p97: IDP/urban 30 Oct-16 Nov 2014, rural 4-25 Dec 2014), not survey-specific. header 'Clusters: Exhaustive (N=496)'; no CIs printed for this survey; caption says Qardho IDPs, column says Gardo IDPs; death rates on p54"
Deyr 2014/15,2014,Deyr,30 Oct-16 Nov 2014,report,Garowe IDPs,Northeast,IDP,SMART,867.0,28.0,19.6,16.7,22.9,3.9,2.8,5.4,5.9,4.6,7.7,1.6,0.2,0.09,0.43,0.59,0.25,1.36,raw/FSNAU-Nutrition-Analysis-Technical-Series-Report-Post-Deyr-2014-15.pdf,48,raw/FSNAU-Nutrition-Analysis-Technical-Series-Report-Post-Deyr-2014-15.pdf p48,True,1.0,transcribed/FSNAU-Nutrition-Analysis-Technical-Series-Report-Post-Deyr-2014-15.csv,Garowe IDPs,19.6,3.9,,,,,"fieldwork dates from the overall survey time frame (p97: IDP/urban 30 Oct-16 Nov 2014, rural 4-25 Dec 2014), not survey-specific. death rates on p49"
Deyr 2014/15,2014,Deyr,30 Oct-16 Nov 2014,report,Hargeisa IDPs,Northwest,IDP,SMART,578.0,30.0,11.1,8.5,14.3,1.6,0.9,2.7,2.2,1.4,3.5,0.3,0.11,0.04,0.33,0.18,0.02,1.38,raw/FSNAU-Nutrition-Analysis-Technical-Series-Report-Post-Deyr-2014-15.pdf,38,raw/FSNAU-Nutrition-Analysis-Technical-Series-Report-Post-Deyr-2014-15.pdf p38,True,1.0,transcribed/FSNAU-Nutrition-Analysis-Technical-Series-Report-Post-Deyr-2014-15.csv,Hargeisa IDPs,11.1,1.6,,,,,"fieldwork dates from the overall survey time frame (p97: IDP/urban 30 Oct-16 Nov 2014, rural 4-25 Dec 2014), not survey-specific. "
Deyr 2014/15,2014,Deyr,30 Oct-16 Nov 2014,report,Kismayo IDPs,Juba,IDP,SMART,943.0,30.0,8.5,6.6,10.8,1.6,0.9,2.7,10.6,8.3,13.3,3.1,0.84,0.57,1.21,2.08,1.2,3.45,raw/FSNAU-Nutrition-Analysis-Technical-Series-Report-Post-Deyr-2014-15.pdf,73,raw/FSNAU-Nutrition-Analysis-Technical-Series-Report-Post-Deyr-2014-15.pdf p73,True,1.0,transcribed/FSNAU-Nutrition-Analysis-Technical-Series-Report-Post-Deyr-2014-15.csv,Kismayo IDPs,8.5,1.6,,,,,"fieldwork dates from the overall survey time frame (p97: IDP/urban 30 Oct-16 Nov 2014, rural 4-25 Dec 2014), not survey-specific. U5DR printed '2.081.20-3.45()' (missing separator; read as 2.08 (1.20-3.45))"
Deyr 2014/15,2014,Deyr,30 Oct-16 Nov 2014,report,Mogadishu IDPS,Banadir,IDP,SMART,922.0,40.0,13.4,10.1,17.6,2.5,1.5,4.0,12.8,9.7,16.6,3.1,0.6,0.4,0.9,0.87,0.45,1.67,raw/FSNAU-Nutrition-Analysis-Technical-Series-Report-Post-Deyr-2014-15.pdf,80,raw/FSNAU-Nutrition-Analysis-Technical-Series-Report-Post-Deyr-2014-15.pdf p80,True,1.0,transcribed/FSNAU-Nutrition-Analysis-Technical-Series-Report-Post-Deyr-2014-15.csv,Mogadishu IDPs,13.4,2.5,,,,,"fieldwork dates from the overall survey time frame (p97: IDP/urban 30 Oct-16 Nov 2014, rural 4-25 Dec 2014), not survey-specific. "
Deyr 2014/15,2014,Deyr,4-25 Dec 2014,report,Beletweyne,Hiran,mixed,SMART,730.0,30.0,17.3,13.8,21.3,4.2,2.9,6.1,9.9,7.2,13.5,1.7,0.29,0.12,0.69,0.41,0.09,1.88,raw/FSNAU-Nutrition-Analysis-Technical-Series-Report-Post-Deyr-2014-15.pdf,86,raw/FSNAU-Nutrition-Analysis-Technical-Series-Report-Post-Deyr-2014-15.pdf p86,True,1.0,transcribed/FSNAU-Nutrition-Analysis-Technical-Series-Report-Post-Deyr-2014-15.csv,Beletweyne,17.3,4.2,,,,,"fieldwork dates from the overall survey time frame (p97: IDP/urban 30 Oct-16 Nov 2014, rural 4-25 Dec 2014), not survey-specific. header 'A: 730 B: 371 G: 359'; population type (district survey) not stated, coded mixed"
Deyr 2014/15,2014,Deyr,4-25 Dec 2014,report,Mataban,Hiran,mixed,SMART,875.0,30.0,17.8,14.3,22.0,3.2,2.0,5.2,7.0,4.9,10.1,1.1,0.47,0.24,0.92,0.0,0.0,0.0,raw/FSNAU-Nutrition-Analysis-Technical-Series-Report-Post-Deyr-2014-15.pdf,86,raw/FSNAU-Nutrition-Analysis-Technical-Series-Report-Post-Deyr-2014-15.pdf p86,True,1.0,transcribed/FSNAU-Nutrition-Analysis-Technical-Series-Report-Post-Deyr-2014-15.csv,Mataban District,17.8,3.2,,,,,"fieldwork dates from the overall survey time frame (p97: IDP/urban 30 Oct-16 Nov 2014, rural 4-25 Dec 2014), not survey-specific. header 'A: 875 B: 448 G: 427'; population type (district survey) not stated, coded mixed"
Deyr 2014/15,2014,Deyr,4-25 Dec 2014,report,Addun,Central,rural,SMART,660.0,25.0,9.7,6.5,14.2,1.2,0.6,2.5,4.1,2.4,6.9,0.3,0.13,0.03,0.59,0.15,0.02,1.18,raw/FSNAU-Nutrition-Analysis-Technical-Series-Report-Post-Deyr-2014-15.pdf,58,raw/FSNAU-Nutrition-Analysis-Technical-Series-Report-Post-Deyr-2014-15.pdf p58,True,1.0,transcribed/FSNAU-Nutrition-Analysis-Technical-Series-Report-Post-Deyr-2014-15.csv,Addun Central,9.7,1.2,,,,,"fieldwork dates from the overall survey time frame (p97: IDP/urban 30 Oct-16 Nov 2014, rural 4-25 Dec 2014), not survey-specific. same survey and identical values also in Table 15 (Northeast Rural, p50)"
Deyr 2014/15,2014,Deyr,4-25 Dec 2014,report,Bakool pastoral,Bakool,rural,SMART,620.0,,12.3,9.9,15.1,1.5,0.8,2.7,7.4,5.6,9.8,1.0,0.21,0.11,0.42,0.52,0.17,1.54,raw/FSNAU-Nutrition-Analysis-Technical-Series-Report-Post-Deyr-2014-15.pdf,91,raw/FSNAU-Nutrition-Analysis-Technical-Series-Report-Post-Deyr-2014-15.pdf p91,True,1.0,transcribed/FSNAU-Nutrition-Analysis-Technical-Series-Report-Post-Deyr-2014-15.csv,Bakool Pastoral,12.3,1.5,,,,,"fieldwork dates from the overall survey time frame (p97: IDP/urban 30 Oct-16 Nov 2014, rural 4-25 Dec 2014), not survey-specific. cluster number blank in header; values printed with % signs; death rates on p92; acknowledgements (p3): Bakool Pastoral survey done in collaboration with EPHCO (partner)"
Deyr 2014/15,2014,Deyr,4-25 Dec 2014,report,Bay Agro Pastoral,Bay,rural,SMART,1084.0,35.0,19.0,14.0,25.3,5.5,3.9,7.7,13.4,11.2,15.9,3.2,0.26,0.14,0.49,0.27,0.09,0.84,raw/FSNAU-Nutrition-Analysis-Technical-Series-Report-Post-Deyr-2014-15.pdf,91,raw/FSNAU-Nutrition-Analysis-Technical-Series-Report-Post-Deyr-2014-15.pdf p91,True,1.0,transcribed/FSNAU-Nutrition-Analysis-Technical-Series-Report-Post-Deyr-2014-15.csv,Bay Agropastoral,19.0,5.5,,,,,"fieldwork dates from the overall survey time frame (p97: IDP/urban 30 Oct-16 Nov 2014, rural 4-25 Dec 2014), not survey-specific. death rates on p92"
Deyr 2014/15,2014,Deyr,4-25 Dec 2014,report,Coastal Deeh,Northeast,rural,SMART,794.0,30.0,11.7,9.1,14.9,1.4,0.7,2.7,1.5,0.6,3.4,0.1,0.21,0.08,0.57,0.75,0.27,2.06,raw/FSNAU-Nutrition-Analysis-Technical-Series-Report-Post-Deyr-2014-15.pdf,50,raw/FSNAU-Nutrition-Analysis-Technical-Series-Report-Post-Deyr-2014-15.pdf p50,True,1.0,transcribed/FSNAU-Nutrition-Analysis-Technical-Series-Report-Post-Deyr-2014-15.csv,Coastal Deeh,12.6,4.1,,,,,"fieldwork dates from the overall survey time frame (p97: IDP/urban 30 Oct-16 Nov 2014, rural 4-25 Dec 2014), not survey-specific. "
Deyr 2014/15,2014,Deyr,4-25 Dec 2014,report,Coastal Deeh of central-(MUAC),Central,rural,MUAC rapid,740.0,25.0,,,,,,,12.6,10.0,15.7,4.1,0.57,0.34,0.97,1.3,0.63,2.67,raw/FSNAU-Nutrition-Analysis-Technical-Series-Report-Post-Deyr-2014-15.pdf,59,raw/FSNAU-Nutrition-Analysis-Technical-Series-Report-Post-Deyr-2014-15.pdf p59,True,1.0,transcribed/FSNAU-Nutrition-Analysis-Technical-Series-Report-Post-Deyr-2014-15.csv,,,,,,,,"fieldwork dates from the overall survey time frame (p97: IDP/urban 30 Oct-16 Nov 2014, rural 4-25 Dec 2014), not survey-specific. MUAC-based assessment (access constraints, p55/p61); no WHZ results; MUAC<11.5 CI 2.8-5.8 not in schema"
Deyr 2014/15,2014,Deyr,4-25 Dec 2014,report,Cowpea- (MUAC),Central,rural,MUAC rapid,817.0,25.0,,,,,,,7.2,4.8,10.7,1.8,0.17,0.06,0.49,0.0,,,raw/FSNAU-Nutrition-Analysis-Technical-Series-Report-Post-Deyr-2014-15.pdf,59,raw/FSNAU-Nutrition-Analysis-Technical-Series-Report-Post-Deyr-2014-15.pdf p59,True,1.0,transcribed/FSNAU-Nutrition-Analysis-Technical-Series-Report-Post-Deyr-2014-15.csv,,,,,,,,"fieldwork dates from the overall survey time frame (p97: IDP/urban 30 Oct-16 Nov 2014, rural 4-25 Dec 2014), not survey-specific. MUAC-based assessment (access constraints, p55/p61); no WHZ results; U5DR 0.00 printed without CI"
Deyr 2014/15,2014,Deyr,4-25 Dec 2014,report,East Golis/Gebi Valley Pastoral,Northwest,rural,SMART,493.0,28.0,11.2,8.1,15.3,1.6,0.9,3.0,5.8,4.1,8.0,1.0,0.04,0.0,0.29,0.0,,,raw/FSNAU-Nutrition-Analysis-Technical-Series-Report-Post-Deyr-2014-15.pdf,41,raw/FSNAU-Nutrition-Analysis-Technical-Series-Report-Post-Deyr-2014-15.pdf p41,True,1.0,transcribed/FSNAU-Nutrition-Analysis-Technical-Series-Report-Post-Deyr-2014-15.csv,East Golis/Gebi valley,11.2,1.6,,,,,"fieldwork dates from the overall survey time frame (p97: IDP/urban 30 Oct-16 Nov 2014, rural 4-25 Dec 2014), not survey-specific. death rates are on p42 (continuation of Table 11); U5DR 0.00 printed without CI"
Deyr 2014/15,2014,Deyr,4-25 Dec 2014,report,East Golis/Karkaar,Northeast,rural,SMART,747.0,26.0,10.4,7.8,13.8,1.5,0.8,2.6,5.4,3.2,8.8,0.9,0.9,0.4,2.0,6.4,4.0,9.9,raw/FSNAU-Nutrition-Analysis-Technical-Series-Report-Post-Deyr-2014-15.pdf,51,raw/FSNAU-Nutrition-Analysis-Technical-Series-Report-Post-Deyr-2014-15.pdf p51,True,1.0,transcribed/FSNAU-Nutrition-Analysis-Technical-Series-Report-Post-Deyr-2014-15.csv,E Golis (NE),10.4,1.5,,,,,"fieldwork dates from the overall survey time frame (p97: IDP/urban 30 Oct-16 Nov 2014, rural 4-25 Dec 2014), not survey-specific. MUAC and death rates on p52 (continuation of Table 16); CDR 0.9 and U5DR 6.4 look implausible but are as printed"
Deyr 2014/15,2014,Deyr,4-25 Dec 2014,report,Hawd,Central,rural,SMART,,27.0,16.1,13.3,19.4,2.7,1.7,4.2,10.1,6.5,15.3,2.0,0.33,-0.14,0.75,0.89,0.39,2.04,raw/FSNAU-Nutrition-Analysis-Technical-Series-Report-Post-Deyr-2014-15.pdf,58,raw/FSNAU-Nutrition-Analysis-Technical-Series-Report-Post-Deyr-2014-15.pdf p58,True,1.0,transcribed/FSNAU-Nutrition-Analysis-Technical-Series-Report-Post-Deyr-2014-15.csv,Hawd Central,16.1,2.7,,,,,"fieldwork dates from the overall survey time frame (p97: IDP/urban 30 Oct-16 Nov 2014, rural 4-25 Dec 2014), not survey-specific. n_children left blank: header prints 'n= 90 :Boys = 466; Girls =435' (typo, total not legible); CDR CI lower bound printed -.14; same survey and identical values also in Table 15 (Northeast Rural, p50)"
Deyr 2014/15,2014,Deyr,4-25 Dec 2014,report,North Gedo Agro-pastoral,North Gedo,rural,SMART,744.0,28.0,24.7,20.0,30.2,4.2,2.7,6.4,5.7,3.8,8.4,0.3,0.48,0.28,0.87,0.53,0.2,1.4,raw/FSNAU-Nutrition-Analysis-Technical-Series-Report-Post-Deyr-2014-15.pdf,65,raw/FSNAU-Nutrition-Analysis-Technical-Series-Report-Post-Deyr-2014-15.pdf p65,True,1.0,transcribed/FSNAU-Nutrition-Analysis-Technical-Series-Report-Post-Deyr-2014-15.csv,North Gedo Agro pastoral,24.7,4.2,,,,,"fieldwork dates from the overall survey time frame (p97: IDP/urban 30 Oct-16 Nov 2014, rural 4-25 Dec 2014), not survey-specific. "
Deyr 2014/15,2014,Deyr,4-25 Dec 2014,report,North Gedo Pastoral,North Gedo,rural,SMART,624.0,27.0,25.2,21.3,29.5,3.7,2.4,5.7,6.5,4.2,9.9,0.8,0.51,0.32,0.8,1.01,0.45,2.41,raw/FSNAU-Nutrition-Analysis-Technical-Series-Report-Post-Deyr-2014-15.pdf,65,raw/FSNAU-Nutrition-Analysis-Technical-Series-Report-Post-Deyr-2014-15.pdf p65,True,1.0,transcribed/FSNAU-Nutrition-Analysis-Technical-Series-Report-Post-Deyr-2014-15.csv,North Gedo Pastoral,25.2,3.7,,,,,"fieldwork dates from the overall survey time frame (p97: IDP/urban 30 Oct-16 Nov 2014, rural 4-25 Dec 2014), not survey-specific. "
Deyr 2014/15,2014,Deyr,4-25 Dec 2014,report,North Gedo Riverine,North Gedo,rural,SMART,875.0,29.0,19.9,16.1,24.3,3.2,2.1,4.9,5.9,4.3,7.9,0.8,0.4,0.2,0.8,0.79,0.31,2.0,raw/FSNAU-Nutrition-Analysis-Technical-Series-Report-Post-Deyr-2014-15.pdf,65,raw/FSNAU-Nutrition-Analysis-Technical-Series-Report-Post-Deyr-2014-15.pdf p65,True,1.0,transcribed/FSNAU-Nutrition-Analysis-Technical-Series-Report-Post-Deyr-2014-15.csv,North Gedo Riverine,19.9,3.2,,,,,"fieldwork dates from the overall survey time frame (p97: IDP/urban 30 Oct-16 Nov 2014, rural 4-25 Dec 2014), not survey-specific. "
Deyr 2014/15,2014,Deyr,4-25 Dec 2014,report,Northwest Agro-Pastoral LZ,Northwest,rural,SMART,454.0,28.0,4.8,2.8,8.2,0.2,0.0,1.8,1.3,0.5,3.6,0.2,0.17,0.05,0.53,0.0,,,raw/FSNAU-Nutrition-Analysis-Technical-Series-Report-Post-Deyr-2014-15.pdf,40,raw/FSNAU-Nutrition-Analysis-Technical-Series-Report-Post-Deyr-2014-15.pdf p40,True,1.0,transcribed/FSNAU-Nutrition-Analysis-Technical-Series-Report-Post-Deyr-2014-15.csv,NW Agropastoral,,,,,,,"fieldwork dates from the overall survey time frame (p97: IDP/urban 30 Oct-16 Nov 2014, rural 4-25 Dec 2014), not survey-specific. U5DR 0.00 printed without CI"
Deyr 2014/15,2014,Deyr,4-25 Dec 2014,report,Northwest Hawd,Northwest,rural,SMART,497.0,26.0,8.9,6.5,11.9,1.2,0.5,2.9,1.0,0.4,2.3,0.2,0.1,0.02,0.43,0.0,,,raw/FSNAU-Nutrition-Analysis-Technical-Series-Report-Post-Deyr-2014-15.pdf,41,raw/FSNAU-Nutrition-Analysis-Technical-Series-Report-Post-Deyr-2014-15.pdf p41,True,1.0,transcribed/FSNAU-Nutrition-Analysis-Technical-Series-Report-Post-Deyr-2014-15.csv,NW Hawd,,,,,,,"fieldwork dates from the overall survey time frame (p97: IDP/urban 30 Oct-16 Nov 2014, rural 4-25 Dec 2014), not survey-specific. death rates are on p42; U5DR 0 printed without CI"
Deyr 2014/15,2014,Deyr,4-25 Dec 2014,report,Nugal Valley Pastoral,Northwest,rural,SMART,563.0,30.0,11.0,8.0,14.9,1.1,0.4,2.6,1.6,0.8,3.1,0.3,0.0,,,0.0,,,raw/FSNAU-Nutrition-Analysis-Technical-Series-Report-Post-Deyr-2014-15.pdf,41,raw/FSNAU-Nutrition-Analysis-Technical-Series-Report-Post-Deyr-2014-15.pdf p41,True,1.0,transcribed/FSNAU-Nutrition-Analysis-Technical-Series-Report-Post-Deyr-2014-15.csv,Nugal Valley Pastoral,,,,,,,"fieldwork dates from the overall survey time frame (p97: IDP/urban 30 Oct-16 Nov 2014, rural 4-25 Dec 2014), not survey-specific. death rates are on p42; CDR 0.00 and U5DR 0 printed without CI; same survey repeated in Table 16 (Northeast Rural, p51) with identical values"
Deyr 2014/15,2014,Deyr,4-25 Dec 2014,report,Shabelle Agro-pastoral,Shabelle,rural,SMART,810.0,30.0,12.3,9.2,16.4,3.5,2.2,5.5,11.5,8.5,15.2,3.1,0.35,0.2,0.61,0.52,0.15,1.75,raw/FSNAU-Nutrition-Analysis-Technical-Series-Report-Post-Deyr-2014-15.pdf,79,raw/FSNAU-Nutrition-Analysis-Technical-Series-Report-Post-Deyr-2014-15.pdf p79,True,1.0,transcribed/FSNAU-Nutrition-Analysis-Technical-Series-Report-Post-Deyr-2014-15.csv,Shabelle Agro pastoral,12.3,3.5,,,,,"fieldwork dates from the overall survey time frame (p97: IDP/urban 30 Oct-16 Nov 2014, rural 4-25 Dec 2014), not survey-specific. acknowledgements (p3) mention Middle Shabelle with INTERSOS as collaboration in insecure areas (not tied to a specific column)"
Deyr 2014/15,2014,Deyr,4-25 Dec 2014,report,Shabelle Riverine,Shabelle,rural,SMART,711.0,30.0,9.6,7.2,12.7,1.8,1.0,3.5,9.3,7.5,11.3,3.6,0.52,0.3,0.93,1.0,0.53,1.85,raw/FSNAU-Nutrition-Analysis-Technical-Series-Report-Post-Deyr-2014-15.pdf,79,raw/FSNAU-Nutrition-Analysis-Technical-Series-Report-Post-Deyr-2014-15.pdf p79,True,1.0,transcribed/FSNAU-Nutrition-Analysis-Technical-Series-Report-Post-Deyr-2014-15.csv,Shabelle Riverine,9.6,1.8,,,,,"fieldwork dates from the overall survey time frame (p97: IDP/urban 30 Oct-16 Nov 2014, rural 4-25 Dec 2014), not survey-specific. acknowledgements (p3) mention Middle Shabelle with INTERSOS as collaboration in insecure areas (not tied to a specific column)"
Deyr 2014/15,2014,Deyr,4-25 Dec 2014,report,Sool Plateau,Northwest,rural,SMART,723.0,30.0,9.4,6.9,12.8,1.4,0.6,10.5,1.4,0.5,3.4,0.4,0.1,0.02,0.41,0.0,,,raw/FSNAU-Nutrition-Analysis-Technical-Series-Report-Post-Deyr-2014-15.pdf,40,raw/FSNAU-Nutrition-Analysis-Technical-Series-Report-Post-Deyr-2014-15.pdf p40,True,1.0,transcribed/FSNAU-Nutrition-Analysis-Technical-Series-Report-Post-Deyr-2014-15.csv,Sool Plateau,9.4,1.4,,,,,"fieldwork dates from the overall survey time frame (p97: IDP/urban 30 Oct-16 Nov 2014, rural 4-25 Dec 2014), not survey-specific. SAM CI printed 0.6-10.5 (upper bound looks like a typo, kept as printed); U5DR 0 printed without CI; same survey repeated in Table 16 (Northeast Rural, p51) with identical values"
Deyr 2014/15,2014,Deyr,4-25 Dec 2014,report,South Gedo Agro pastoral,South Gedo,rural,MUAC rapid,991.0,27.0,14.4,11.9,17.5,1.0,0.6,1.7,13.4,11.0,16.3,,,,,,,,raw/FSNAU-Nutrition-Analysis-Technical-Series-Report-Post-Deyr-2014-15.pdf,66,raw/FSNAU-Nutrition-Analysis-Technical-Series-Report-Post-Deyr-2014-15.pdf p66,True,1.0,transcribed/FSNAU-Nutrition-Analysis-Technical-Series-Report-Post-Deyr-2014-15.csv,South Gedo Agropastoral,14.4,1.0,,,,,"fieldwork dates from the overall survey time frame (p97: IDP/urban 30 Oct-16 Nov 2014, rural 4-25 Dec 2014), not survey-specific. South Gedo survey is a MUAC assessment per text (p64: 'representative MUAC assessment conducted in South Gedo'; p61), although table rows are labelled GAM (WHZ<-2 or oedema); GAM/SAM recorded as printed; MUAC<12.5 shown on p66; table has no MUAC<11.5 or death rates (n, GAM, SAM and MUAC<12.5 only). "
Deyr 2014/15,2014,Deyr,4-25 Dec 2014,report,South Gedo Pastoral,South Gedo,rural,MUAC rapid,993.0,26.0,12.9,11.0,15.0,1.5,0.8,3.0,11.4,9.7,13.3,,,,,,,,raw/FSNAU-Nutrition-Analysis-Technical-Series-Report-Post-Deyr-2014-15.pdf,66,raw/FSNAU-Nutrition-Analysis-Technical-Series-Report-Post-Deyr-2014-15.pdf p66,True,1.0,transcribed/FSNAU-Nutrition-Analysis-Technical-Series-Report-Post-Deyr-2014-15.csv,South Gedo Pastoral,12.9,1.5,,,,,"fieldwork dates from the overall survey time frame (p97: IDP/urban 30 Oct-16 Nov 2014, rural 4-25 Dec 2014), not survey-specific. South Gedo survey is a MUAC assessment per text (p64: 'representative MUAC assessment conducted in South Gedo'; p61), although table rows are labelled GAM (WHZ<-2 or oedema); GAM/SAM recorded as printed; MUAC<12.5 shown on p66; table has no MUAC<11.5 or death rates (n, GAM, SAM and MUAC<12.5 only). "
Deyr 2014/15,2014,Deyr,4-25 Dec 2014,report,South Gedo Riverine,South Gedo,rural,MUAC rapid,1202.0,27.0,14.6,12.3,17.3,1.3,0.8,2.2,13.3,11.0,16.0,,,,,,,,raw/FSNAU-Nutrition-Analysis-Technical-Series-Report-Post-Deyr-2014-15.pdf,66,raw/FSNAU-Nutrition-Analysis-Technical-Series-Report-Post-Deyr-2014-15.pdf p66,True,1.0,transcribed/FSNAU-Nutrition-Analysis-Technical-Series-Report-Post-Deyr-2014-15.csv,South Gedo Riverine,14.6,1.3,,,,,"fieldwork dates from the overall survey time frame (p97: IDP/urban 30 Oct-16 Nov 2014, rural 4-25 Dec 2014), not survey-specific. South Gedo survey is a MUAC assessment per text (p64: 'representative MUAC assessment conducted in South Gedo'; p61), although table rows are labelled GAM (WHZ<-2 or oedema); GAM/SAM recorded as printed; MUAC<12.5 shown on p66; table has no MUAC<11.5 or death rates (n, GAM, SAM and MUAC<12.5 only). MUAC CI printed 13.3(11-16.0)"
Deyr 2014/15,2014,Deyr,4-25 Dec 2014,report,West Golis/Guban Pastoral LZ,Northwest,rural,SMART,609.0,30.0,8.0,5.6,11.5,0.7,0.2,2.2,3.4,2.1,5.4,0.7,0.19,0.05,0.51,0.0,0.0,0.0,raw/FSNAU-Nutrition-Analysis-Technical-Series-Report-Post-Deyr-2014-15.pdf,40,raw/FSNAU-Nutrition-Analysis-Technical-Series-Report-Post-Deyr-2014-15.pdf p40,True,1.0,transcribed/FSNAU-Nutrition-Analysis-Technical-Series-Report-Post-Deyr-2014-15.csv,West Golis /Guban Pastoral LZ,7.9,0.7,,,,,"fieldwork dates from the overall survey time frame (p97: IDP/urban 30 Oct-16 Nov 2014, rural 4-25 Dec 2014), not survey-specific. "
Deyr 2014/15,2014,Deyr,30 Oct-16 Nov 2014,report,Bari Urban,Bari,urban,SMART,731.0,27.0,14.0,11.2,17.3,2.7,1.6,4.6,5.4,3.7,7.8,1.7,0.41,0.22,0.79,0.65,0.28,1.53,raw/FSNAU-Nutrition-Analysis-Technical-Series-Report-Post-Deyr-2014-15.pdf,53,raw/FSNAU-Nutrition-Analysis-Technical-Series-Report-Post-Deyr-2014-15.pdf p53,True,1.0,transcribed/FSNAU-Nutrition-Analysis-Technical-Series-Report-Post-Deyr-2014-15.csv,Bari Urban,14.0,2.7,,,,,"fieldwork dates from the overall survey time frame (p97: IDP/urban 30 Oct-16 Nov 2014, rural 4-25 Dec 2014), not survey-specific. death rates on p54"
Deyr 2014/15,2014,Deyr,30 Oct-16 Nov 2014,report,Kismayo Urban,Juba,urban,SMART,771.0,30.0,8.9,6.9,11.6,1.7,1.0,2.9,8.8,6.7,11.6,1.8,0.55,0.33,0.9,0.62,0.21,1.76,raw/FSNAU-Nutrition-Analysis-Technical-Series-Report-Post-Deyr-2014-15.pdf,73,raw/FSNAU-Nutrition-Analysis-Technical-Series-Report-Post-Deyr-2014-15.pdf p73,True,1.0,transcribed/FSNAU-Nutrition-Analysis-Technical-Series-Report-Post-Deyr-2014-15.csv,Kismayo town,8.9,1.7,,,,,"fieldwork dates from the overall survey time frame (p97: IDP/urban 30 Oct-16 Nov 2014, rural 4-25 Dec 2014), not survey-specific. "
Deyr 2014/15,2014,Deyr,30 Oct-16 Nov 2014,report,Mogadishu Urban,Banadir,urban,SMART,660.0,40.0,9.7,7.0,13.2,0.9,0.4,2.0,4.5,2.6,7.8,1.1,0.48,0.26,0.86,0.75,0.27,2.05,raw/FSNAU-Nutrition-Analysis-Technical-Series-Report-Post-Deyr-2014-15.pdf,80,raw/FSNAU-Nutrition-Analysis-Technical-Series-Report-Post-Deyr-2014-15.pdf p80,True,1.0,transcribed/FSNAU-Nutrition-Analysis-Technical-Series-Report-Post-Deyr-2014-15.csv,Mogadishu Town,9.7,0.9,,,,,"fieldwork dates from the overall survey time frame (p97: IDP/urban 30 Oct-16 Nov 2014, rural 4-25 Dec 2014), not survey-specific. "
Deyr 2014/15,2014,Deyr,30 Oct-16 Nov 2014,report,Sool Region Urban,Sool,urban,SMART,564.0,25.0,11.3,7.8,16.2,1.0,0.4,2.4,1.5,0.7,3.5,0.8,,,,,,,raw/FSNAU-Nutrition-Analysis-Technical-Series-Report-Post-Deyr-2014-15.pdf,43,raw/FSNAU-Nutrition-Analysis-Technical-Series-Report-Post-Deyr-2014-15.pdf p43,True,1.0,transcribed/FSNAU-Nutrition-Analysis-Technical-Series-Report-Post-Deyr-2014-15.csv,Sool Region Urban,11.3,1.0,,,,,"fieldwork dates from the overall survey time frame (p97: IDP/urban 30 Oct-16 Nov 2014, rural 4-25 Dec 2014), not survey-specific. no death rates in table"
Gu 2015,2015,Gu,20 May-20 Jul 2015,report,Baidoa IDPs,Bay,IDP,SMART,522.0,30.0,15.3,12.6,18.5,4.1,2.7,6.0,14.6,11.9,17.7,3.4,0.27,0.13,0.54,1.39,0.75,2.57,raw/FSNAU-Technical-Series-Report-Post-Gu-2015-Nutrition-Analysis.pdf,94,raw/FSNAU-Technical-Series-Report-Post-Gu-2015-Nutrition-Analysis.pdf p94,True,1.0,transcribed/FSNAU-Technical-Series-Report-Post-Gu-2015-Nutrition-Analysis.csv,Baidoa IDPs,15.3,4.1,,,,,"fieldwork from the overall survey period (p14: 'conducted from 20 May to 20th July 2015'), not survey-specific. annex 5 (p106) prints 566 children (table N=522, same as Deyr 2014 report); annex 10 (p107) prints U5DR 1.37 (table 1.39)"
Gu 2015,2015,Gu,20 May-20 Jul 2015,report,Berbera IDPs,Northwest,IDP,SMART,464.0,30.0,7.3,4.9,10.9,1.1,0.5,2.5,1.3,0.6,2.8,0.4,0.14,0.04,0.43,0.0,,,raw/FSNAU-Technical-Series-Report-Post-Gu-2015-Nutrition-Analysis.pdf,39,raw/FSNAU-Technical-Series-Report-Post-Gu-2015-Nutrition-Analysis.pdf p39,True,1.0,transcribed/FSNAU-Technical-Series-Report-Post-Gu-2015-Nutrition-Analysis.csv,Berbera IDPs,7.3,1.1,,,,,"fieldwork from the overall survey period (p14: 'conducted from 20 May to 20th July 2015'), not survey-specific. caption says Northwest Rural Livelihoods but the columns are IDP surveys; death rates on p40; U5DR 0.0 printed without CI"
Gu 2015,2015,Gu,20 May-20 Jul 2015,report,Bosaso IDPs,Northeast,IDP,SMART,912.0,28.0,12.5,9.9,15.7,1.5,0.9,2.7,6.5,4.7,7.5,0.5,0.25,0.11,0.53,0.22,0.05,0.9,raw/FSNAU-Technical-Series-Report-Post-Gu-2015-Nutrition-Analysis.pdf,49,raw/FSNAU-Technical-Series-Report-Post-Gu-2015-Nutrition-Analysis.pdf p49,True,1.0,transcribed/FSNAU-Technical-Series-Report-Post-Gu-2015-Nutrition-Analysis.csv,Bossaso IDPs,12.5,1.5,,,,,"fieldwork from the overall survey period (p14: 'conducted from 20 May to 20th July 2015'), not survey-specific. first column of Table 12 has header 'Galkacyo IDPs' (duplicated in the second column); identified as Bosaso from text p46 (Bosaso GAM 12.5, SAM 1.5) and annex 10 (p110); n_children and clusters taken from annex 5 (p106) because the table header repeats the Galkacyo N=1016; MUAC<11.5 printed 0.5 (0.8-2.5), point estimate outside CI (kept as printed); death rates on p50"
Gu 2015,2015,Gu,20 May-20 Jul 2015,report,Burao IDPs,Northwest,IDP,SMART,579.0,30.0,7.1,4.9,10.2,0.5,0.2,1.6,1.9,1.0,3.5,0.7,0.49,0.22,1.07,0.0,,,raw/FSNAU-Technical-Series-Report-Post-Gu-2015-Nutrition-Analysis.pdf,39,raw/FSNAU-Technical-Series-Report-Post-Gu-2015-Nutrition-Analysis.pdf p39,True,1.0,transcribed/FSNAU-Technical-Series-Report-Post-Gu-2015-Nutrition-Analysis.csv,Burao IDPs,7.1,0.5,,,,,"fieldwork from the overall survey period (p14: 'conducted from 20 May to 20th July 2015'), not survey-specific. caption says Northwest Rural Livelihoods but the columns are IDP surveys; death rates on p40; U5DR 0.00 printed without CI"
Gu 2015,2015,Gu,May 2015,report,Dhobley IDPs,Juba,IDP,SMART,682.0,30.0,20.7,,,3.8,,,9.8,,,3.6,1.18,,,1.15,,,raw/FSNAU-Technical-Series-Report-Post-Gu-2015-Nutrition-Analysis.pdf,74,raw/FSNAU-Technical-Series-Report-Post-Gu-2015-Nutrition-Analysis.pdf p74,True,1.0,transcribed/FSNAU-Technical-Series-Report-Post-Gu-2015-Nutrition-Analysis.csv,Dobley IDPs,20.7,3.8,,,,,fieldwork month from text p62 ('nutrition survey conducted among Dhobley IDPs in May 2015'). no CIs printed for this survey; annex 10 (p107) prints CDR 1.47 and U5DR 1.27 for Dhobley IDP (differs from table)
Gu 2015,2015,Gu,20 May-20 Jul 2015,report,Dhusamareeb IDP,Central,IDP,SMART,418.0,,10.5,,,2.6,,,8.3,,,3.2,0.64,,,0.5,,,raw/FSNAU-Technical-Series-Report-Post-Gu-2015-Nutrition-Analysis.pdf,60,raw/FSNAU-Technical-Series-Report-Post-Gu-2015-Nutrition-Analysis.pdf p60,True,1.0,transcribed/FSNAU-Technical-Series-Report-Post-Gu-2015-Nutrition-Analysis.csv,Dhusamareeb IDPs,10.5,2.6,,,,,"fieldwork from the overall survey period (p14: 'conducted from 20 May to 20th July 2015'), not survey-specific. header 'Clusters: Exhaustive (n=418)'; no CIs printed; MUAC<11.5 printed '3,2' (comma typo, boys and girls both 3.2)"
Gu 2015,2015,Gu,20 May-20 Jul 2015,report,Dolow IDPs,,IDP,SMART,852.0,,26.4,,,5.0,,,8.9,,,2.4,0.9,0.54,1.48,1.2,0.56,2.57,raw/FSNAU-Technical-Series-Report-Post-Gu-2015-Nutrition-Analysis.pdf,68,raw/FSNAU-Technical-Series-Report-Post-Gu-2015-Nutrition-Analysis.pdf p68,True,1.0,transcribed/FSNAU-Technical-Series-Report-Post-Gu-2015-Nutrition-Analysis.csv,Dolow IDPs,26.4,5.0,,,,,"fieldwork from the overall survey period (p14: 'conducted from 20 May to 20th July 2015'), not survey-specific. header 'Exhaustive Survey'; no CIs for GAM/SAM/MUAC; death rates on p69"
Gu 2015,2015,Gu,20 May-20 Jul 2015,report,Galkacyo IDPs,Northeast,IDP,SMART,1016.0,28.0,20.2,17.1,23.7,4.7,3.3,6.7,8.6,5.8,12.6,1.5,0.03,0.0,0.22,0.1,0.01,0.76,raw/FSNAU-Technical-Series-Report-Post-Gu-2015-Nutrition-Analysis.pdf,49,raw/FSNAU-Technical-Series-Report-Post-Gu-2015-Nutrition-Analysis.pdf p49,True,1.0,transcribed/FSNAU-Technical-Series-Report-Post-Gu-2015-Nutrition-Analysis.csv,Galkayo IDPs,20.2,4.7,,,,,"fieldwork from the overall survey period (p14: 'conducted from 20 May to 20th July 2015'), not survey-specific. death rates on p50"
Gu 2015,2015,Gu,20 May-20 Jul 2015,report,Garowe IDPs,Northeast,IDP,SMART,826.0,27.0,15.7,13.0,19.0,1.9,1.2,3.1,9.6,6.6,12.1,1.8,0.14,0.05,0.37,0.24,0.06,0.98,raw/FSNAU-Technical-Series-Report-Post-Gu-2015-Nutrition-Analysis.pdf,49,raw/FSNAU-Technical-Series-Report-Post-Gu-2015-Nutrition-Analysis.pdf p49,True,1.0,transcribed/FSNAU-Technical-Series-Report-Post-Gu-2015-Nutrition-Analysis.csv,Garowe IDPs,15.7,1.9,,,,,"fieldwork from the overall survey period (p14: 'conducted from 20 May to 20th July 2015'), not survey-specific. death rates on p50"
Gu 2015,2015,Gu,20 May-20 Jul 2015,report,Hargeisa IDPs,Northwest,IDP,SMART,526.0,30.0,10.5,7.9,13.6,2.1,1.1,3.9,6.9,4.1,11.5,1.5,0.37,0.17,0.79,0.84,0.25,2.77,raw/FSNAU-Technical-Series-Report-Post-Gu-2015-Nutrition-Analysis.pdf,39,raw/FSNAU-Technical-Series-Report-Post-Gu-2015-Nutrition-Analysis.pdf p39,True,1.0,transcribed/FSNAU-Technical-Series-Report-Post-Gu-2015-Nutrition-Analysis.csv,Hargeisa IDPs,10.5,2.1,,,,,"fieldwork from the overall survey period (p14: 'conducted from 20 May to 20th July 2015'), not survey-specific. caption says Northwest Rural Livelihoods but the columns are IDP surveys; death rates on p40 (continuation of Table 8)"
Gu 2015,2015,Gu,20 May-20 Jul 2015,report,Kismayo IDPs,Juba,IDP,SMART,505.0,30.0,12.5,9.9,15.6,2.8,1.7,4.6,10.9,8.5,13.9,2.7,0.34,0.15,0.76,0.96,0.41,2.22,raw/FSNAU-Technical-Series-Report-Post-Gu-2015-Nutrition-Analysis.pdf,74,raw/FSNAU-Technical-Series-Report-Post-Gu-2015-Nutrition-Analysis.pdf p74,True,1.0,transcribed/FSNAU-Technical-Series-Report-Post-Gu-2015-Nutrition-Analysis.csv,Kismayo IDPs,12.5,2.8,,,,,"fieldwork from the overall survey period (p14: 'conducted from 20 May to 20th July 2015'), not survey-specific. "
Gu 2015,2015,Gu,20 May-20 Jul 2015,report,Mogadishu IDPs,Banadir,IDP,SMART,847.0,40.0,14.9,11.7,18.8,3.3,2.3,4.7,9.9,6.9,14.1,3.0,0.76,0.43,1.35,1.53,0.82,2.82,raw/FSNAU-Technical-Series-Report-Post-Gu-2015-Nutrition-Analysis.pdf,82,raw/FSNAU-Technical-Series-Report-Post-Gu-2015-Nutrition-Analysis.pdf p82,True,1.0,transcribed/FSNAU-Technical-Series-Report-Post-Gu-2015-Nutrition-Analysis.csv,Mogadishu IDPs,14.9,3.3,,,,,"fieldwork from the overall survey period (p14: 'conducted from 20 May to 20th July 2015'), not survey-specific. annex 10 (p107) prints CDR 0.63 and U5DR 1.36 for Mogadishu IDP (differs from table)"
Gu 2015,2015,Gu,20 May-20 Jul 2015,report,Qardho IDPs,Bari,IDP,SMART,591.0,,14.0,,,2.2,,,5.8,,,1.0,0.34,,,0.83,,,raw/FSNAU-Technical-Series-Report-Post-Gu-2015-Nutrition-Analysis.pdf,51,raw/FSNAU-Technical-Series-Report-Post-Gu-2015-Nutrition-Analysis.pdf p51,True,1.0,transcribed/FSNAU-Technical-Series-Report-Post-Gu-2015-Nutrition-Analysis.csv,Qardho IDPs,14.0,2.2,,,,,"fieldwork from the overall survey period (p14: 'conducted from 20 May to 20th July 2015'), not survey-specific. header 'Clusters: Exhaustive'; no CIs printed anywhere for this survey (continuation of Table 12, p51)"
Gu 2015,2015,Gu,20 May-20 Jul 2015,report,Addun,Central,rural,SMART,673.0,28.0,12.5,9.2,16.7,1.9,1.1,3.4,6.9,3.9,11.8,0.3,0.13,0.05,0.34,0.45,0.14,1.43,raw/FSNAU-Technical-Series-Report-Post-Gu-2015-Nutrition-Analysis.pdf,60,raw/FSNAU-Technical-Series-Report-Post-Gu-2015-Nutrition-Analysis.pdf p60,True,1.0,transcribed/FSNAU-Technical-Series-Report-Post-Gu-2015-Nutrition-Analysis.csv,Addun Central,12.5,1.9,,,,,"fieldwork from the overall survey period (p14: 'conducted from 20 May to 20th July 2015'), not survey-specific. n=673 in Table 16 (Boys 348; Girls 325); Table 13 (p53) and annex 5 print 678; same survey and values also in Table 13"
Gu 2015,2015,Gu,20 May-20 Jul 2015,report,Bakool pastoral,Bakool,rural,SMART,675.0,35.0,9.8,7.4,12.8,1.0,0.5,2.3,8.3,6.2,11.0,0.7,0.19,0.09,0.43,0.15,0.02,1.1,raw/FSNAU-Technical-Series-Report-Post-Gu-2015-Nutrition-Analysis.pdf,92,raw/FSNAU-Technical-Series-Report-Post-Gu-2015-Nutrition-Analysis.pdf p92,True,1.0,transcribed/FSNAU-Technical-Series-Report-Post-Gu-2015-Nutrition-Analysis.csv,Bakool Pastoral,9.8,1.0,,,,,"fieldwork from the overall survey period (p14: 'conducted from 20 May to 20th July 2015'), not survey-specific. U5DR printed '0.15 9(0.02- 1.1)' (stray digit; annex 10 prints 0.15); death rates on p93"
Gu 2015,2015,Gu,20 May-20 Jul 2015,report,Bay Agro Pastoral,Bay,rural,SMART,917.0,35.0,14.0,11.5,16.8,2.8,2.0,4.0,11.3,9.5,13.3,3.2,0.04,0.0,0.28,0.32,0.1,1.0,raw/FSNAU-Technical-Series-Report-Post-Gu-2015-Nutrition-Analysis.pdf,92,raw/FSNAU-Technical-Series-Report-Post-Gu-2015-Nutrition-Analysis.pdf p92,True,1.0,transcribed/FSNAU-Technical-Series-Report-Post-Gu-2015-Nutrition-Analysis.csv,Bay Agropastoral,14.0,2.8,,,,,"fieldwork from the overall survey period (p14: 'conducted from 20 May to 20th July 2015'), not survey-specific. death rates on p93"
Gu 2015,2015,Gu,20 May-20 Jul 2015,report,Beletweyne,Hiran,rural,SMART,647.0,27.0,16.8,13.7,20.6,2.3,1.5,3.6,9.0,7.0,11.6,2.0,0.4,0.2,0.8,1.24,0.54,2.82,raw/FSNAU-Technical-Series-Report-Post-Gu-2015-Nutrition-Analysis.pdf,88,raw/FSNAU-Technical-Series-Report-Post-Gu-2015-Nutrition-Analysis.pdf p88,True,1.0,transcribed/FSNAU-Technical-Series-Report-Post-Gu-2015-Nutrition-Analysis.csv,Beletweyne,16.8,2.3,,,,,"fieldwork from the overall survey period (p14: 'conducted from 20 May to 20th July 2015'), not survey-specific. 'Clusters :' blank in table header; 27 clusters from annex 5 (p106); text p84 calls the Hiran surveys 'rural livelihoods ... in accessible areas of Matabaan and Beletweyne District'; MUAC shown as MUAC<125mm and <115mm; CDR/U5DR listed within the child nutrition block"
Gu 2015,2015,Gu,20 May-20 Jul 2015,report,Coastal Deeh,Northeast,rural,SMART,678.0,30.0,13.1,10.4,16.5,2.1,1.1,3.8,2.2,1.2,3.9,0.1,0.15,0.05,0.46,0.3,0.07,1.23,raw/FSNAU-Technical-Series-Report-Post-Gu-2015-Nutrition-Analysis.pdf,53,raw/FSNAU-Technical-Series-Report-Post-Gu-2015-Nutrition-Analysis.pdf p53,True,1.0,transcribed/FSNAU-Technical-Series-Report-Post-Gu-2015-Nutrition-Analysis.csv,Coastal Deeh,13.0,1.9,,,,,"fieldwork from the overall survey period (p14: 'conducted from 20 May to 20th July 2015'), not survey-specific. annex 5 (p106) gives 28 clusters"
Gu 2015,2015,Gu,20 May-20 Jul 2015,report,Coastal Deeh of central-(MUAC),Central,rural,MUAC rapid,671.0,26.0,,,,,,,12.1,10.0,15.7,4.8,0.97,0.67,1.4,2.24,1.44,3.47,raw/FSNAU-Technical-Series-Report-Post-Gu-2015-Nutrition-Analysis.pdf,62,raw/FSNAU-Technical-Series-Report-Post-Gu-2015-Nutrition-Analysis.pdf p62,True,1.0,transcribed/FSNAU-Technical-Series-Report-Post-Gu-2015-Nutrition-Analysis.csv,Coastal deeh Central,,,,,,,"fieldwork from the overall survey period (p14: 'conducted from 20 May to 20th July 2015'), not survey-specific. MUAC-based assessment (p57: 'representative MUAC assessment'); no WHZ results; MUAC<11.5 CI 3.5-6.5 not in schema"
Gu 2015,2015,Gu,20 May-20 Jul 2015,report,Cowpea- (MUAC),Central,rural,MUAC rapid,723.0,26.0,,,,,,,10.9,8.3,14.9,2.5,0.07,0.01,0.58,0.29,0.04,2.26,raw/FSNAU-Technical-Series-Report-Post-Gu-2015-Nutrition-Analysis.pdf,62,raw/FSNAU-Technical-Series-Report-Post-Gu-2015-Nutrition-Analysis.pdf p62,True,1.0,transcribed/FSNAU-Technical-Series-Report-Post-Gu-2015-Nutrition-Analysis.csv,,,,,,,,"fieldwork from the overall survey period (p14: 'conducted from 20 May to 20th July 2015'), not survey-specific. MUAC-based assessment (p57); no WHZ results; MUAC<11.5 CI 1.5-4.0 not in schema"
Gu 2015,2015,Gu,20 May-20 Jul 2015,report,Golis Pastoral,Northeast,rural,SMART,780.0,30.0,14.6,11.4,18.6,1.7,0.9,2.9,2.4,1.2,4.8,0.9,0.0,0.0,0.0,0.0,0.0,0.0,raw/FSNAU-Technical-Series-Report-Post-Gu-2015-Nutrition-Analysis.pdf,54,raw/FSNAU-Technical-Series-Report-Post-Gu-2015-Nutrition-Analysis.pdf p54,True,1.0,transcribed/FSNAU-Technical-Series-Report-Post-Gu-2015-Nutrition-Analysis.csv,E Golis (NE),14.6,1.7,,,,,"fieldwork from the overall survey period (p14: 'conducted from 20 May to 20th July 2015'), not survey-specific. unnamed continuation of Table 13 (annex calls it E Golis (NE)); death rates on p55 printed 0.0 (0.0-0.0)"
Gu 2015,2015,Gu,20 May-20 Jul 2015,report,Hawd,Central,rural,SMART,851.0,28.0,14.3,12.1,16.9,2.8,1.9,4.2,6.5,4.3,9.5,1.2,0.35,0.16,0.78,0.25,0.06,1.01,raw/FSNAU-Technical-Series-Report-Post-Gu-2015-Nutrition-Analysis.pdf,60,raw/FSNAU-Technical-Series-Report-Post-Gu-2015-Nutrition-Analysis.pdf p60,True,1.0,transcribed/FSNAU-Technical-Series-Report-Post-Gu-2015-Nutrition-Analysis.csv,Hawd Central,14.3,2.8,,,,,"fieldwork from the overall survey period (p14: 'conducted from 20 May to 20th July 2015'), not survey-specific. same survey and identical values also in Table 13 (Northeast Rural, p53 where header N is blank); CDR CI printed (0.16--0.78)"
Gu 2015,2015,Gu,20 May-20 Jul 2015,report,Juba Cattle Pastoral,Juba,rural,MUAC rapid,1047.0,27.0,,,,,,,7.9,,,2.4,,,,,,,raw/FSNAU-Technical-Series-Report-Post-Gu-2015-Nutrition-Analysis.pdf,111,raw/FSNAU-Technical-Series-Report-Post-Gu-2015-Nutrition-Analysis.pdf p111,True,1.0,transcribed/FSNAU-Technical-Series-Report-Post-Gu-2015-Nutrition-Analysis.csv,Juba Cattle Pastoral,,,,,,,"fieldwork from the overall survey period (p14: 'conducted from 20 May to 20th July 2015'), not survey-specific. annex-only survey: MUAC<12.5 7.9 and MUAC<11.5 2.4 from annex 11 (p111); n and clusters from annex 5 (p106); no CIs and no other results anywhere; listed among the 4 southern MUAC assessments (p102) but no region table"
Gu 2015,2015,Gu,20 May-20 Jul 2015,report,Mataban,Hiran,rural,SMART,694.0,27.0,18.6,15.4,22.3,3.6,2.3,5.7,6.4,4.1,9.9,1.4,0.27,0.13,0.54,0.28,0.07,1.13,raw/FSNAU-Technical-Series-Report-Post-Gu-2015-Nutrition-Analysis.pdf,88,raw/FSNAU-Technical-Series-Report-Post-Gu-2015-Nutrition-Analysis.pdf p88,True,1.0,transcribed/FSNAU-Technical-Series-Report-Post-Gu-2015-Nutrition-Analysis.csv,Mataban District,18.6,3.6,,,,,"fieldwork from the overall survey period (p14: 'conducted from 20 May to 20th July 2015'), not survey-specific. 'Clusters :' blank in table header; 27 clusters from annex 5 (p106); see Beletweyne"
Gu 2015,2015,Gu,20 May-20 Jul 2015,report,NW Agro-Pastoral LZ,Northwest,rural,SMART,467.0,25.0,5.6,3.8,8.2,0.2,0.0,1.7,1.9,0.7,5.0,0.6,0.46,0.22,0.95,0.69,0.15,3.08,raw/FSNAU-Technical-Series-Report-Post-Gu-2015-Nutrition-Analysis.pdf,42,raw/FSNAU-Technical-Series-Report-Post-Gu-2015-Nutrition-Analysis.pdf p42,True,1.0,transcribed/FSNAU-Technical-Series-Report-Post-Gu-2015-Nutrition-Analysis.csv,NW Agropastoral,5.6,0.2,,,,,"fieldwork from the overall survey period (p14: 'conducted from 20 May to 20th July 2015'), not survey-specific. "
Gu 2015,2015,Gu,20 May-20 Jul 2015,report,North Gedo Pastoral,North Gedo,rural,SMART,888.0,29.0,20.3,16.4,24.8,4.2,2.7,6.4,7.5,5.4,10.4,0.6,0.31,0.14,0.69,0.85,0.34,2.11,raw/FSNAU-Technical-Series-Report-Post-Gu-2015-Nutrition-Analysis.pdf,67,raw/FSNAU-Technical-Series-Report-Post-Gu-2015-Nutrition-Analysis.pdf p67,True,1.0,transcribed/FSNAU-Technical-Series-Report-Post-Gu-2015-Nutrition-Analysis.csv,North Gedo Pastoral,20.3,4.2,,,,,"fieldwork from the overall survey period (p14: 'conducted from 20 May to 20th July 2015'), not survey-specific. "
Gu 2015,2015,Gu,20 May-20 Jul 2015,report,North Gedo Riverine,North Gedo,rural,SMART,849.0,28.0,18.8,15.8,22.3,3.3,2.2,5.0,4.3,3.0,6.1,0.3,0.21,0.09,0.47,0.34,0.11,1.04,raw/FSNAU-Technical-Series-Report-Post-Gu-2015-Nutrition-Analysis.pdf,67,raw/FSNAU-Technical-Series-Report-Post-Gu-2015-Nutrition-Analysis.pdf p67,True,1.0,transcribed/FSNAU-Technical-Series-Report-Post-Gu-2015-Nutrition-Analysis.csv,North Gedo Riverine,18.8,3.3,,,,,"fieldwork from the overall survey period (p14: 'conducted from 20 May to 20th July 2015'), not survey-specific. "
Gu 2015,2015,Gu,20 May-20 Jul 2015,report,Shabeele Agro-pastoral,Shabelle,rural,SMART,912.0,30.0,13.6,10.5,17.5,3.0,1.7,5.1,7.2,4.8,10.7,3.0,0.56,0.36,0.87,1.21,0.65,2.24,raw/FSNAU-Technical-Series-Report-Post-Gu-2015-Nutrition-Analysis.pdf,80,raw/FSNAU-Technical-Series-Report-Post-Gu-2015-Nutrition-Analysis.pdf p80,True,1.0,transcribed/FSNAU-Technical-Series-Report-Post-Gu-2015-Nutrition-Analysis.csv,Shabelle Agro pastoral,13.6,3.0,,,,,"fieldwork from the overall survey period (p14: 'conducted from 20 May to 20th July 2015'), not survey-specific. death rates on p81"
Gu 2015,2015,Gu,20 May-20 Jul 2015,report,Shabelle Riverine,Shabelle,rural,SMART,823.0,30.0,10.0,7.3,13.5,1.7,0.9,3.3,3.4,2.1,5.5,0.2,0.17,0.07,0.43,0.24,0.06,0.97,raw/FSNAU-Technical-Series-Report-Post-Gu-2015-Nutrition-Analysis.pdf,80,raw/FSNAU-Technical-Series-Report-Post-Gu-2015-Nutrition-Analysis.pdf p80,True,1.0,transcribed/FSNAU-Technical-Series-Report-Post-Gu-2015-Nutrition-Analysis.csv,Shabelle Riverine,10.0,1.7,,,,,"fieldwork from the overall survey period (p14: 'conducted from 20 May to 20th July 2015'), not survey-specific. death rates on p81"
Gu 2015,2015,Gu,20 May-20 Jul 2015,report,South Gedo Agro pastoral,South Gedo,rural,MUAC rapid,1146.0,28.0,,,,,,,11.4,8.2,15.7,1.1,,,,,,,raw/FSNAU-Technical-Series-Report-Post-Gu-2015-Nutrition-Analysis.pdf,68,raw/FSNAU-Technical-Series-Report-Post-Gu-2015-Nutrition-Analysis.pdf p68,True,1.0,transcribed/FSNAU-Technical-Series-Report-Post-Gu-2015-Nutrition-Analysis.csv,South Gedo Agropastoral,,,,,,,"fieldwork from the overall survey period (p14: 'conducted from 20 May to 20th July 2015'), not survey-specific. MUAC-only rapid assessment (table gives only MUAC<12.5, MUAC<11.5 and morbidity; p63/p66 call it 'Representative MUAC assessment'); no WHZ, no death rates"
Gu 2015,2015,Gu,20 May-20 Jul 2015,report,South Gedo Pastoral,South Gedo,rural,MUAC rapid,861.0,26.0,,,,,,,13.5,9.7,18.4,2.6,,,,,,,raw/FSNAU-Technical-Series-Report-Post-Gu-2015-Nutrition-Analysis.pdf,68,raw/FSNAU-Technical-Series-Report-Post-Gu-2015-Nutrition-Analysis.pdf p68,True,1.0,transcribed/FSNAU-Technical-Series-Report-Post-Gu-2015-Nutrition-Analysis.csv,South Gedo Pastoral,,,,,,,"fieldwork from the overall survey period (p14: 'conducted from 20 May to 20th July 2015'), not survey-specific. MUAC-only rapid assessment (table gives only MUAC<12.5, MUAC<11.5 and morbidity; p63/p66 call it 'Representative MUAC assessment'); no WHZ, no death rates"
Gu 2015,2015,Gu,20 May-20 Jul 2015,report,South Gedo Riverine,South Gedo,rural,MUAC rapid,947.0,27.0,,,,,,,10.9,9.0,13.1,1.4,,,,,,,raw/FSNAU-Technical-Series-Report-Post-Gu-2015-Nutrition-Analysis.pdf,68,raw/FSNAU-Technical-Series-Report-Post-Gu-2015-Nutrition-Analysis.pdf p68,True,1.0,transcribed/FSNAU-Technical-Series-Report-Post-Gu-2015-Nutrition-Analysis.csv,South Gedo Riverine,,,,,,,"fieldwork from the overall survey period (p14: 'conducted from 20 May to 20th July 2015'), not survey-specific. MUAC-only rapid assessment (table gives only MUAC<12.5, MUAC<11.5 and morbidity; p63/p66 call it 'Representative MUAC assessment'); no WHZ, no death rates"
Gu 2015,2015,Gu,20 May-20 Jul 2015,report,West Golis Pastoral LZ,Northwest,rural,SMART,524.0,25.0,12.8,9.6,16.8,2.5,0.0,1.7,0.6,0.2,1.6,0.6,0.32,0.15,0.7,0.19,0.02,1.56,raw/FSNAU-Technical-Series-Report-Post-Gu-2015-Nutrition-Analysis.pdf,42,raw/FSNAU-Technical-Series-Report-Post-Gu-2015-Nutrition-Analysis.pdf p42,True,1.0,transcribed/FSNAU-Technical-Series-Report-Post-Gu-2015-Nutrition-Analysis.csv,West Golis Pastoral,12.8,2.5,,,,,"fieldwork from the overall survey period (p14: 'conducted from 20 May to 20th July 2015'), not survey-specific. SAM CI printed 0.0-1.7 around a point estimate of 2.5 (typo, kept as printed); MUAC<11.5 row prints the same 0.6 (0.2-1.6) as the MUAC<12.5 row (likely copy error)"
Gu 2015,2015,Gu,22-30 Jun 2015,report,Bari,Bari,urban,SMART,629.0,30.0,18.4,15.6,21.7,3.7,2.4,5.4,4.3,3.0,6.1,0.9,,,,,,,raw/FSNAU-Technical-Series-Report-Post-Gu-2015-Nutrition-Analysis.pdf,56,raw/FSNAU-Technical-Series-Report-Post-Gu-2015-Nutrition-Analysis.pdf p56,True,1.0,transcribed/FSNAU-Technical-Series-Report-Post-Gu-2015-Nutrition-Analysis.csv,Bari urban,18.4,,,,,,"fieldwork for urban surveys in Nugal, Bari and Sool from the activity timeline (p100: urban field work 22-30 June 2015). no death rates in table; "
Gu 2015,2015,Gu,20 May-20 Jul 2015,report,Kismayo Urban,Juba,urban,SMART,629.0,30.0,9.1,7.1,11.5,2.1,1.2,3.5,9.2,7.2,11.7,1.7,0.35,0.15,0.79,0.99,0.43,2.29,raw/FSNAU-Technical-Series-Report-Post-Gu-2015-Nutrition-Analysis.pdf,74,raw/FSNAU-Technical-Series-Report-Post-Gu-2015-Nutrition-Analysis.pdf p74,True,1.0,transcribed/FSNAU-Technical-Series-Report-Post-Gu-2015-Nutrition-Analysis.csv,Kismayo Town,9.1,2.1,,,,,"fieldwork from the overall survey period (p14: 'conducted from 20 May to 20th July 2015'), not survey-specific. "
Gu 2015,2015,Gu,20 May-20 Jul 2015,report,Mogadishu Urban,Banadir,urban,SMART,775.0,40.0,10.5,7.7,14.0,2.2,1.3,3.6,6.2,4.5,8.6,2.0,0.54,0.32,0.92,0.64,0.27,1.49,raw/FSNAU-Technical-Series-Report-Post-Gu-2015-Nutrition-Analysis.pdf,82,raw/FSNAU-Technical-Series-Report-Post-Gu-2015-Nutrition-Analysis.pdf p82,True,1.0,transcribed/FSNAU-Technical-Series-Report-Post-Gu-2015-Nutrition-Analysis.csv,Mogadishu Town,10.5,2.2,,,,,"fieldwork from the overall survey period (p14: 'conducted from 20 May to 20th July 2015'), not survey-specific. annex 5 (p106) prints 780 children"
Gu 2015,2015,Gu,22-30 Jun 2015,report,Nugal,Nugal,urban,SMART,811.0,30.0,15.7,11.9,20.4,2.3,1.2,4.4,4.6,2.4,6.9,1.0,,,,,,,raw/FSNAU-Technical-Series-Report-Post-Gu-2015-Nutrition-Analysis.pdf,56,raw/FSNAU-Technical-Series-Report-Post-Gu-2015-Nutrition-Analysis.pdf p56,True,1.0,transcribed/FSNAU-Technical-Series-Report-Post-Gu-2015-Nutrition-Analysis.csv,Nugaal Urban,15.7,2.3,,,,,"fieldwork for urban surveys in Nugal, Bari and Sool from the activity timeline (p100: urban field work 22-30 June 2015). no death rates in table; "
Gu 2015,2015,Gu,22-30 Jun 2015,report,Sool Region Urban,Sool,urban,SMART,492.0,25.0,8.3,5.9,11.6,1.6,0.8,3.3,2.0,1.1,3.6,0.6,,,,,,,raw/FSNAU-Technical-Series-Report-Post-Gu-2015-Nutrition-Analysis.pdf,44,raw/FSNAU-Technical-Series-Report-Post-Gu-2015-Nutrition-Analysis.pdf p44,True,1.0,transcribed/FSNAU-Technical-Series-Report-Post-Gu-2015-Nutrition-Analysis.csv,Sool Urban,,,,,,,"fieldwork for urban surveys in Nugal, Bari and Sool from the activity timeline (p100: urban field work 22-30 June 2015). no death rates in table; "
Gu 2015,2015,Gu,20 May-20 Jul 2015,report,Togdheer Region Urban,Togdheer,urban,SMART,340.0,25.0,4.4,2.4,7.8,0.3,0.0,2.3,2.0,0.9,4.6,0.6,,,,,,,raw/FSNAU-Technical-Series-Report-Post-Gu-2015-Nutrition-Analysis.pdf,44,raw/FSNAU-Technical-Series-Report-Post-Gu-2015-Nutrition-Analysis.pdf p44,True,1.0,transcribed/FSNAU-Technical-Series-Report-Post-Gu-2015-Nutrition-Analysis.csv,Togdheer Urban,,,,,,,"fieldwork from the overall survey period (p14: 'conducted from 20 May to 20th July 2015'), not survey-specific. no death rates in table"
Deyr 2015/16,2015,Deyr,Sept-Dec 2015,report,Baidoa IDPs,,IDP,SMART,743.0,30.0,14.5,11.3,18.6,4.4,2.7,7.2,11.3,8.5,14.5,4.7,0.28,0.14,0.59,0.1,0.02,0.47,raw/FSNAU-Technical-Series-Report-Post-Deyr-2015-16-Nutrition-Analysis.pdf,84,raw/FSNAU-Technical-Series-Report-Post-Deyr-2015-16-Nutrition-Analysis.pdf p84,True,1.0,transcribed/FSNAU-Technical-Series-Report-Post-Deyr-2015-16-Nutrition-Analysis.csv,Baidoa IDPs,14.5,4.4,,,,,deaths retrospective 90 days; survey month not given per survey; report says Deyr 2015 assessments conducted September to December 2015
Deyr 2015/16,2015,Deyr,Sept-Dec 2015,report,Berbera IDPs,Northwest,IDP,SMART,423.0,30.0,9.9,6.7,14.4,1.4,0.6,3.5,1.9,0.9,3.8,0.0,0.4,0.2,0.79,0.46,0.06,3.47,raw/FSNAU-Technical-Series-Report-Post-Deyr-2015-16-Nutrition-Analysis.pdf,32,raw/FSNAU-Technical-Series-Report-Post-Deyr-2015-16-Nutrition-Analysis.pdf p32,True,1.0,transcribed/FSNAU-Technical-Series-Report-Post-Deyr-2015-16-Nutrition-Analysis.csv,Berbera IDPs,9.9,1.4,,,,,"SAM, MUAC and deaths from p33 (deaths retrospective 90 days); survey month not given per survey; report says Deyr 2015 assessments conducted September to December 2015"
Deyr 2015/16,2015,Deyr,Sept-Dec 2015,report,Bossaso IDPs,Northeast,IDP,SMART,727.0,28.0,16.8,14.3,19.7,2.9,1.9,4.4,10.1,7.9,12.8,1.6,0.26,0.12,0.57,0.27,0.07,1.1,raw/FSNAU-Technical-Series-Report-Post-Deyr-2015-16-Nutrition-Analysis.pdf,42,raw/FSNAU-Technical-Series-Report-Post-Deyr-2015-16-Nutrition-Analysis.pdf p42,True,1.0,transcribed/FSNAU-Technical-Series-Report-Post-Deyr-2015-16-Nutrition-Analysis.csv,Bossaso IDPs,16.8,2.9,,,,,deaths retrospective 90 days; survey month not given per survey; report says Deyr 2015 assessments conducted September to December 2015
Deyr 2015/16,2015,Deyr,Sept-Dec 2015,report,Burao IDPs,Northwest,IDP,SMART,451.0,30.0,6.4,3.7,10.9,0.4,0.1,1.7,0.9,0.3,2.3,0.0,0.15,0.05,0.46,0.23,0.03,1.73,raw/FSNAU-Technical-Series-Report-Post-Deyr-2015-16-Nutrition-Analysis.pdf,32,raw/FSNAU-Technical-Series-Report-Post-Deyr-2015-16-Nutrition-Analysis.pdf p32,True,1.0,transcribed/FSNAU-Technical-Series-Report-Post-Deyr-2015-16-Nutrition-Analysis.csv,Burao IDPs,6.4,0.4,,,,,"header printed '(n;451 Boys=224; Girls=227)'; SAM, MUAC and deaths from p33 (deaths retrospective 90 days); survey month not given per survey; report says Deyr 2015 assessments conducted September to December 2015"
Deyr 2015/16,2015,Deyr,November 2015,report,Dhobley IDPs,,IDP,SMART,559.0,,14.0,,,2.7,,,7.2,,,2.8,0.52,,,0.98,,,raw/FSNAU-Technical-Series-Report-Post-Deyr-2015-16-Nutrition-Analysis.pdf,64,raw/FSNAU-Technical-Series-Report-Post-Deyr-2015-16-Nutrition-Analysis.pdf p64,True,1.0,transcribed/FSNAU-Technical-Series-Report-Post-Deyr-2015-16-Nutrition-Analysis.csv,Dobley IDPs,14.0,2.7,,,,,table gives no CIs for Dhobley (exhaustive per annex 6.2/6.5); SAM printed '2.7%'; deaths from p65 (90 days); assessment in November 2015 per text
Deyr 2015/16,2015,Deyr,Sept-Dec 2015,report,Dhusamareb IDP,,IDP,SMART,384.0,,10.9,,,1.6,,,11.7,,,3.6,0.08,,,0.27,,,raw/FSNAU-Technical-Series-Report-Post-Deyr-2015-16-Nutrition-Analysis.pdf,51,raw/FSNAU-Technical-Series-Report-Post-Deyr-2015-16-Nutrition-Analysis.pdf p51,True,1.0,transcribed/FSNAU-Technical-Series-Report-Post-Deyr-2015-16-Nutrition-Analysis.csv,Dhusamareeb IDPs,10.9,1.6,,,,,"no CIs given (exhaustive sampling, 'Clusters : Exhaustive'); deaths from p52 (90 days); MUAC rows printed without CI; survey month not given per survey; report says Deyr 2015 assessments conducted September to December 2015"
Deyr 2015/16,2015,Deyr,Sept-Dec 2015,report,Dolow IDPs,,IDP,SMART,700.0,,25.0,21.2,29.3,6.1,3.9,9.5,9.8,7.1,13.4,2.4,0.27,0.14,0.53,0.4,0.13,1.23,raw/FSNAU-Technical-Series-Report-Post-Deyr-2015-16-Nutrition-Analysis.pdf,60,raw/FSNAU-Technical-Series-Report-Post-Deyr-2015-16-Nutrition-Analysis.pdf p60,True,1.0,transcribed/FSNAU-Technical-Series-Report-Post-Deyr-2015-16-Nutrition-Analysis.csv,Dolow IDPs,25.0,6.1,,,,,clusters not stated in table (annex 6.5 p93: 34); MUAC rows printed '<12.5 cm' / '<11.5 cm' without 'or oedema'; deaths from p60 (90 days); survey month not given per survey; report says Deyr 2015 assessments conducted September to December 2015
Deyr 2015/16,2015,Deyr,Sept-Dec 2015,report,Galkayo IDPs,Northeast,IDP,SMART,940.0,28.0,16.5,13.5,20.0,1.7,1.0,2.9,8.1,4.9,13.0,0.7,0.08,0.03,0.27,0.0,0.0,0.0,raw/FSNAU-Technical-Series-Report-Post-Deyr-2015-16-Nutrition-Analysis.pdf,42,raw/FSNAU-Technical-Series-Report-Post-Deyr-2015-16-Nutrition-Analysis.pdf p42,True,1.0,transcribed/FSNAU-Technical-Series-Report-Post-Deyr-2015-16-Nutrition-Analysis.csv,Galkayo IDPs,16.5,1.7,,,,,deaths retrospective 90 days; survey month not given per survey; report says Deyr 2015 assessments conducted September to December 2015
Deyr 2015/16,2015,Deyr,Sept-Dec 2015,report,Garowe IDPs,Northeast,IDP,SMART,841.0,28.0,19.5,16.5,22.9,3.8,2.6,5.6,10.7,7.6,14.8,2.9,0.24,0.08,0.72,0.49,0.19,1.26,raw/FSNAU-Technical-Series-Report-Post-Deyr-2015-16-Nutrition-Analysis.pdf,42,raw/FSNAU-Technical-Series-Report-Post-Deyr-2015-16-Nutrition-Analysis.pdf p42,True,1.0,transcribed/FSNAU-Technical-Series-Report-Post-Deyr-2015-16-Nutrition-Analysis.csv,Garowe IDPs,19.5,3.8,,,,,deaths retrospective 90 days; survey month not given per survey; report says Deyr 2015 assessments conducted September to December 2015
Deyr 2015/16,2015,Deyr,Sept-Dec 2015,report,Hargeisa IDPs,Northwest,IDP,SMART,461.0,30.0,12.1,8.9,16.4,2.0,1.0,3.8,3.4,2.0,5.6,0.8,0.14,0.04,0.44,0.47,0.12,1.87,raw/FSNAU-Technical-Series-Report-Post-Deyr-2015-16-Nutrition-Analysis.pdf,32,raw/FSNAU-Technical-Series-Report-Post-Deyr-2015-16-Nutrition-Analysis.pdf p32,True,1.0,transcribed/FSNAU-Technical-Series-Report-Post-Deyr-2015-16-Nutrition-Analysis.csv,Hargeisa IDPs,12.1,2.0,,,,,"SAM, MUAC and deaths from p33 (deaths retrospective 90 days); survey month not given per survey; report says Deyr 2015 assessments conducted September to December 2015"
Deyr 2015/16,2015,Deyr,November 2015,report,Kismayo IDPs,,IDP,SMART,967.0,,12.9,9.7,16.9,2.9,2.0,4.2,11.9,9.7,14.6,3.6,0.47,0.26,0.84,0.69,0.32,1.5,raw/FSNAU-Technical-Series-Report-Post-Deyr-2015-16-Nutrition-Analysis.pdf,64,raw/FSNAU-Technical-Series-Report-Post-Deyr-2015-16-Nutrition-Analysis.pdf p64,True,1.0,transcribed/FSNAU-Technical-Series-Report-Post-Deyr-2015-16-Nutrition-Analysis.csv,Kismayo IDPs,12.9,2.9,,,,,"header printed 'N=: 967 Boys=417; Girls=450' (boys+girls=867 and annex 6.5 p93 says 867, so 967 is probably a typo; recorded as printed); clusters not stated (annex: 30); U5DR printed '(0.32-1.50' missing bracket; deaths from p65 (90 days); assessment in November 2015 per text"
Deyr 2015/16,2015,Deyr,Sept-Dec 2015,report,Mogadishu IDPs,Banadir,IDP,SMART,825.0,40.0,11.4,8.8,14.6,2.5,1.5,4.2,7.6,5.7,10.1,2.0,0.4,0.2,0.8,1.5,0.49,2.6,raw/FSNAU-Technical-Series-Report-Post-Deyr-2015-16-Nutrition-Analysis.pdf,72,raw/FSNAU-Technical-Series-Report-Post-Deyr-2015-16-Nutrition-Analysis.pdf p72,True,1.0,transcribed/FSNAU-Technical-Series-Report-Post-Deyr-2015-16-Nutrition-Analysis.csv,Mogadishu IDPs,11.4,2.5,,,,,table header printed 'Deyr 2014 summary results' (apparent typo); MUAC rows printed without 'or oedema'; deaths retrospective 90 days; survey month not given per survey; report says Deyr 2015 assessments conducted September to December 2015
Deyr 2015/16,2015,Deyr,Sept-Dec 2015,report,Qardho IDPs,Northeast,IDP,SMART,655.0,,10.4,,,1.1,,,8.2,,,1.1,0.1,,,0.16,,,raw/FSNAU-Technical-Series-Report-Post-Deyr-2015-16-Nutrition-Analysis.pdf,43,raw/FSNAU-Technical-Series-Report-Post-Deyr-2015-16-Nutrition-Analysis.pdf p43,True,1.0,transcribed/FSNAU-Technical-Series-Report-Post-Deyr-2015-16-Nutrition-Analysis.csv,Qardho IDPs,10.4,1.1,,,,,"no CIs given (exhaustive sampling, 'Clusters : Exhaustive'); MUAC<11.5 from p43, stunting etc and deaths from p44 (90 days); survey month not given per survey; report says Deyr 2015 assessments conducted September to December 2015"
Deyr 2015/16,2015,Deyr,Sept-Dec 2015,report,Addun Pastoral,Northeast/Central,rural,SMART,736.0,28.0,9.5,6.5,13.7,1.9,1.1,3.2,3.5,1.9,6.3,0.1,0.04,0.01,0.3,0.0,0.0,0.0,raw/FSNAU-Technical-Series-Report-Post-Deyr-2015-16-Nutrition-Analysis.pdf,45,raw/FSNAU-Technical-Series-Report-Post-Deyr-2015-16-Nutrition-Analysis.pdf p45,True,1.0,transcribed/FSNAU-Technical-Series-Report-Post-Deyr-2015-16-Nutrition-Analysis.csv,Addun Pastoral,9.5,1.9,,,,,cross-cutting NE/Central survey; same values repeated in Table 13 p51-52; deaths retrospective 90 days; survey month not given per survey; report says Deyr 2015 assessments conducted September to December 2015
Deyr 2015/16,2015,Deyr,Sept-Dec 2015,report,Bakool Pastoral,Bakool,rural,SMART,672.0,35.0,11.2,9.0,13.8,1.5,0.8,2.7,7.4,5.7,9.7,0.7,0.14,0.05,0.41,0.16,0.02,1.24,raw/FSNAU-Technical-Series-Report-Post-Deyr-2015-16-Nutrition-Analysis.pdf,83,raw/FSNAU-Technical-Series-Report-Post-Deyr-2015-16-Nutrition-Analysis.pdf p83,True,1.0,transcribed/FSNAU-Technical-Series-Report-Post-Deyr-2015-16-Nutrition-Analysis.csv,Bakool Pastoral,11.2,1.5,,,,,deaths retrospective 90 days; MUAC rows printed without 'or oedema'; survey month not given per survey; report says Deyr 2015 assessments conducted September to December 2015
Deyr 2015/16,2015,Deyr,Sept-Dec 2015,report,Bay Agro Pastoral,Bay,rural,SMART,1109.0,35.0,17.3,15.2,19.7,5.0,3.9,6.5,13.2,11.3,15.3,2.5,0.45,0.21,0.98,0.4,0.09,1.8,raw/FSNAU-Technical-Series-Report-Post-Deyr-2015-16-Nutrition-Analysis.pdf,83,raw/FSNAU-Technical-Series-Report-Post-Deyr-2015-16-Nutrition-Analysis.pdf p83,True,1.0,transcribed/FSNAU-Technical-Series-Report-Post-Deyr-2015-16-Nutrition-Analysis.csv,Bay Agropastoral,17.3,5.0,,,,,"header printed N=1109; MUAC/stunting/underweight cells are merged across boys/girls rows so total value is the single printed one (MUAC<12.5 13.2 (11.3-15.3), MUAC<11.5 2.5 (1.7-3.6)); MUAC rows printed without 'or oedema'; deaths retrospective 90 days; survey month not given per survey; report says Deyr 2015 assessments conducted September to December 2015"
Deyr 2015/16,2015,Deyr,Sept-Dec 2015,report,Beletweyne,Hiran,rural,SMART,843.0,27.0,19.0,15.4,23.2,3.9,2.4,6.2,12.5,9.0,17.1,2.6,0.3,0.16,0.58,0.82,0.68,4.8,raw/FSNAU-Technical-Series-Report-Post-Deyr-2015-16-Nutrition-Analysis.pdf,78,raw/FSNAU-Technical-Series-Report-Post-Deyr-2015-16-Nutrition-Analysis.pdf p78,True,1.0,transcribed/FSNAU-Technical-Series-Report-Post-Deyr-2015-16-Nutrition-Analysis.csv,Beletweyne,19.0,3.9,,,,,text: survey covered 'accessible areas of Beletweyne District'; MUAC rows are 'MUAC<125mm'/'<115mm'; U5DR CI as printed (0.68-4.8); deaths recall period not stated in this table; survey month not given per survey; report says Deyr 2015 assessments conducted September to December 2015
Deyr 2015/16,2015,Deyr,Sept-Dec 2015,report,Coastal Deeh,Northeast,rural,SMART,768.0,30.0,11.2,8.2,15.0,1.4,0.8,2.5,1.0,0.4,2.5,0.0,0.12,0.04,0.38,0.13,0.02,1.04,raw/FSNAU-Technical-Series-Report-Post-Deyr-2015-16-Nutrition-Analysis.pdf,45,raw/FSNAU-Technical-Series-Report-Post-Deyr-2015-16-Nutrition-Analysis.pdf p45,True,1.0,transcribed/FSNAU-Technical-Series-Report-Post-Deyr-2015-16-Nutrition-Analysis.csv,Coastal Deeh,11.2,1.4,,,,,Coastal Deeh (NE) SMART survey; a separate MUAC-only survey 'Coastal Deeh of central-(MUAC)' is in Table 14; deaths retrospective 90 days; survey month not given per survey; report says Deyr 2015 assessments conducted September to December 2015
Deyr 2015/16,2015,Deyr,Sept-Dec 2015,report,Coastal Deeh of central-(MUAC),Central,rural,MUAC rapid,846.0,26.0,,,,,,,18.0,14.2,22.4,6.4,0.42,0.24,0.74,0.66,0.31,1.43,raw/FSNAU-Technical-Series-Report-Post-Deyr-2015-16-Nutrition-Analysis.pdf,53,raw/FSNAU-Technical-Series-Report-Post-Deyr-2015-16-Nutrition-Analysis.pdf p53,True,1.0,transcribed/FSNAU-Technical-Series-Report-Post-Deyr-2015-16-Nutrition-Analysis.csv,Coastal deeh Central,,,,,,,MUAC-only survey (representative MUAC; no weight-for-height); MUAC<11.5 printed 6.4 (5.1-8.0); deaths retrospective 90 days; survey month not given per survey; report says Deyr 2015 assessments conducted September to December 2015
Deyr 2015/16,2015,Deyr,Sept-Dec 2015,report,Cowpea-Belt of central-(MUAC),Central,rural,MUAC rapid,837.0,26.0,,,,,,,10.2,7.7,13.2,4.2,0.23,0.09,0.54,0.48,0.18,1.26,raw/FSNAU-Technical-Series-Report-Post-Deyr-2015-16-Nutrition-Analysis.pdf,53,raw/FSNAU-Technical-Series-Report-Post-Deyr-2015-16-Nutrition-Analysis.pdf p53,True,1.0,transcribed/FSNAU-Technical-Series-Report-Post-Deyr-2015-16-Nutrition-Analysis.csv,Cowpea Belt,,,,,,,MUAC-only survey (representative MUAC; no weight-for-height); MUAC<11.5 printed 4.2 (4.4-8.1) (point estimate outside printed CI; typo); deaths retrospective 90 days; survey month not given per survey; report says Deyr 2015 assessments conducted September to December 2015
Deyr 2015/16,2015,Deyr,Sept-Dec 2015,report,East Golis Pastoral,Northeast,rural,SMART,987.0,40.0,12.2,10.0,14.7,1.6,0.9,2.9,4.6,2.8,7.4,0.7,0.38,0.2,0.74,0.09,0.01,0.7,raw/FSNAU-Technical-Series-Report-Post-Deyr-2015-16-Nutrition-Analysis.pdf,46,raw/FSNAU-Technical-Series-Report-Post-Deyr-2015-16-Nutrition-Analysis.pdf p46,True,1.0,transcribed/FSNAU-Technical-Series-Report-Post-Deyr-2015-16-Nutrition-Analysis.csv,E Golis (NE),12.2,1.6,,,,,MUAC<11.5 and deaths from p47 (90 days); survey month not given per survey; report says Deyr 2015 assessments conducted September to December 2015
Deyr 2015/16,2015,Deyr,Sept-Dec 2015,report,Hawd Pastoral,,rural,SMART,457.0,29.0,9.6,6.4,14.2,2.6,1.4,4.8,2.2,1.1,4.1,0.6,0.54,0.12,2.35,0.51,0.06,4.34,raw/FSNAU-Technical-Series-Report-Post-Deyr-2015-16-Nutrition-Analysis.pdf,36,raw/FSNAU-Technical-Series-Report-Post-Deyr-2015-16-Nutrition-Analysis.pdf p36,True,1.0,transcribed/FSNAU-Technical-Series-Report-Post-Deyr-2015-16-Nutrition-Analysis.csv,Hawd NW,9.6,2.0,,,,,"Northwest Hawd (annex: 'Northwest Hawd'), distinct from Hawd Pastoral in Northeast/Central (Table 9); deaths from p37 (90 days); annex 6.5 p93 lists 394 children; survey month not given per survey; report says Deyr 2015 assessments conducted September to December 2015"
Deyr 2015/16,2015,Deyr,Sept-Dec 2015,report,Hawd Pastoral,Northeast/Central,rural,SMART,790.0,28.0,12.0,8.4,17.0,2.8,1.8,4.4,8.2,5.8,11.5,2.0,0.26,0.13,0.5,0.13,0.02,0.98,raw/FSNAU-Technical-Series-Report-Post-Deyr-2015-16-Nutrition-Analysis.pdf,45,raw/FSNAU-Technical-Series-Report-Post-Deyr-2015-16-Nutrition-Analysis.pdf p45,True,1.0,transcribed/FSNAU-Technical-Series-Report-Post-Deyr-2015-16-Nutrition-Analysis.csv,Hawd Pastoral,12.0,2.8,,,,,cross-cutting NE/Central survey; same values repeated in Table 13 p51-52; deaths retrospective 90 days; survey month not given per survey; report says Deyr 2015 assessments conducted September to December 2015
Deyr 2015/16,2015,Deyr,Sept-Dec 2015,report,Juba Cattle Pastoral,Juba,rural,MUAC rapid,777.0,28.0,,,,,,,5.5,,,1.2,,,,,,,raw/FSNAU-Technical-Series-Report-Post-Deyr-2015-16-Nutrition-Analysis.pdf,62,raw/FSNAU-Technical-Series-Report-Post-Deyr-2015-16-Nutrition-Analysis.pdf p62,True,1.0,transcribed/FSNAU-Technical-Series-Report-Post-Deyr-2015-16-Nutrition-Analysis.csv,Juba Cattle Pastoral,,,,,,,MUAC-only; values stated only in text (no CI); n_children and clusters from Annex 6.5 p93 (302 households); annex 6.8 p95 shows these MUAC values; text gives Gu 2015 GAM/SAM for comparison only; survey month not given per survey; report says Deyr 2015 assessments conducted September to December 2015
Deyr 2015/16,2015,Deyr,Sept-Dec 2015,report,Mataban,Hiran,rural,SMART,864.0,27.0,18.1,15.1,21.4,4.5,3.2,6.2,6.7,4.6,9.7,1.5,0.35,0.22,0.57,0.7,0.34,1.43,raw/FSNAU-Technical-Series-Report-Post-Deyr-2015-16-Nutrition-Analysis.pdf,78,raw/FSNAU-Technical-Series-Report-Post-Deyr-2015-16-Nutrition-Analysis.pdf p78,True,1.0,transcribed/FSNAU-Technical-Series-Report-Post-Deyr-2015-16-Nutrition-Analysis.csv,Mataban District,18.1,4.5,,,,,caption 'Matabaan/Mataban'; annex 6.5 p93 lists 684 children (table N=864 = boys 454 + girls 410); MUAC rows are 'MUAC<125mm'/'<115mm'; deaths recall period not stated in this table; survey month not given per survey; report says Deyr 2015 assessments conducted September to December 2015
Deyr 2015/16,2015,Deyr,Sept-Dec 2015,report,North Gedo Pastoral,North Gedo,rural,SMART,952.0,28.0,21.3,17.4,25.8,4.1,2.8,5.9,5.4,3.9,7.5,0.7,0.16,0.06,0.44,0.3,0.06,1.37,raw/FSNAU-Technical-Series-Report-Post-Deyr-2015-16-Nutrition-Analysis.pdf,58,raw/FSNAU-Technical-Series-Report-Post-Deyr-2015-16-Nutrition-Analysis.pdf p58,True,1.0,transcribed/FSNAU-Technical-Series-Report-Post-Deyr-2015-16-Nutrition-Analysis.csv,North Gedo Pastoral,21.3,4.1,,,,,deaths retrospective 90 days; survey month not given per survey; report says Deyr 2015 assessments conducted September to December 2015
Deyr 2015/16,2015,Deyr,Sept-Dec 2015,report,North Gedo Riverine,North Gedo,rural,SMART,1059.0,29.0,19.5,16.2,23.4,4.0,2.4,6.6,4.6,3.2,6.7,0.6,0.4,0.25,0.63,0.54,0.26,1.14,raw/FSNAU-Technical-Series-Report-Post-Deyr-2015-16-Nutrition-Analysis.pdf,58,raw/FSNAU-Technical-Series-Report-Post-Deyr-2015-16-Nutrition-Analysis.pdf p58,True,1.0,transcribed/FSNAU-Technical-Series-Report-Post-Deyr-2015-16-Nutrition-Analysis.csv,North Gedo Riverine,19.5,4.0,,,,,deaths retrospective 90 days; survey month not given per survey; report says Deyr 2015 assessments conducted September to December 2015
Deyr 2015/16,2015,Deyr,Sept-Dec 2015,report,Northern Inland Pastoral,,rural,SMART,809.0,40.0,8.0,5.9,10.9,0.7,0.3,1.6,2.3,1.1,4.8,0.1,0.58,0.3,1.13,0.74,0.29,1.91,raw/FSNAU-Technical-Series-Report-Post-Deyr-2015-16-Nutrition-Analysis.pdf,36,raw/FSNAU-Technical-Series-Report-Post-Deyr-2015-16-Nutrition-Analysis.pdf p36,True,1.0,transcribed/FSNAU-Technical-Series-Report-Post-Deyr-2015-16-Nutrition-Analysis.csv,N. Inland Pastoral,8.0,0.7,,,,,"cross-cutting NW/NE (NIP); MUAC<12.5 and later rows from p36-37 (deaths p37, 90 days); annex 6.5 p93 lists 766 children and 32 clusters; survey month not given per survey; report says Deyr 2015 assessments conducted September to December 2015"
Deyr 2015/16,2015,Deyr,Sept-Dec 2015,report,Northwest Agro-Pastoral LZ,Northwest,rural,SMART,439.0,28.0,6.4,3.8,10.4,0.5,0.1,1.9,1.3,0.5,3.6,0.0,0.31,0.12,0.8,0.41,0.05,3.44,raw/FSNAU-Technical-Series-Report-Post-Deyr-2015-16-Nutrition-Analysis.pdf,35,raw/FSNAU-Technical-Series-Report-Post-Deyr-2015-16-Nutrition-Analysis.pdf p35,True,1.0,transcribed/FSNAU-Technical-Series-Report-Post-Deyr-2015-16-Nutrition-Analysis.csv,NW Agropastoral,6.4,0.5,,,,,MUAC<11.5 printed as a single 0 for the livelihood; deaths retrospective 90 days; survey month not given per survey; report says Deyr 2015 assessments conducted September to December 2015
Deyr 2015/16,2015,Deyr,Sept-Dec 2015,report,Shabeele Agro-pastoral,Shabelle,rural,SMART,760.0,30.0,14.3,10.8,18.7,1.4,0.7,2.9,8.4,6.1,11.5,0.9,0.32,0.16,0.63,0.64,0.25,1.64,raw/FSNAU-Technical-Series-Report-Post-Deyr-2015-16-Nutrition-Analysis.pdf,71,raw/FSNAU-Technical-Series-Report-Post-Deyr-2015-16-Nutrition-Analysis.pdf p71,True,1.0,transcribed/FSNAU-Technical-Series-Report-Post-Deyr-2015-16-Nutrition-Analysis.csv,Shabelle Agro pastoral,14.3,1.4,,,,,caption/table spells 'Shabeele'; deaths on p71 (90 days); survey month not given per survey; report says Deyr 2015 assessments conducted September to December 2015
Deyr 2015/16,2015,Deyr,Sept-Dec 2015,report,Shabele Riverine,Shabelle,rural,SMART,718.0,30.0,11.4,8.6,15.1,2.1,1.2,3.6,8.9,6.7,11.9,1.9,0.28,0.15,0.52,0.42,0.14,1.26,raw/FSNAU-Technical-Series-Report-Post-Deyr-2015-16-Nutrition-Analysis.pdf,71,raw/FSNAU-Technical-Series-Report-Post-Deyr-2015-16-Nutrition-Analysis.pdf p71,True,1.0,transcribed/FSNAU-Technical-Series-Report-Post-Deyr-2015-16-Nutrition-Analysis.csv,Shabelle Riverine,11.4,2.1,,,,,U5DR printed '(0.14-1.26' missing bracket; deaths on p71 (90 days); survey month not given per survey; report says Deyr 2015 assessments conducted September to December 2015
Deyr 2015/16,2015,Deyr,Sept-Dec 2015,report,South Gedo Agro pastoral,South Gedo,rural,MUAC rapid,1121.0,28.0,,,,,,,10.6,8.2,13.6,0.4,,,,,,,raw/FSNAU-Technical-Series-Report-Post-Deyr-2015-16-Nutrition-Analysis.pdf,59,raw/FSNAU-Technical-Series-Report-Post-Deyr-2015-16-Nutrition-Analysis.pdf p59,True,1.0,transcribed/FSNAU-Technical-Series-Report-Post-Deyr-2015-16-Nutrition-Analysis.csv,South Gedo Agropastoral,,,,,,,MUAC-only (rapid MUAC assessment; text: access constraints); table has no death rates; survey month not given per survey; report says Deyr 2015 assessments conducted September to December 2015
Deyr 2015/16,2015,Deyr,Sept-Dec 2015,report,South Gedo Pastoral,South Gedo,rural,MUAC rapid,793.0,26.0,,,,,,,11.6,10.2,13.2,1.0,,,,,,,raw/FSNAU-Technical-Series-Report-Post-Deyr-2015-16-Nutrition-Analysis.pdf,59,raw/FSNAU-Technical-Series-Report-Post-Deyr-2015-16-Nutrition-Analysis.pdf p59,True,1.0,transcribed/FSNAU-Technical-Series-Report-Post-Deyr-2015-16-Nutrition-Analysis.csv,South Gedo Pastoral,,,,,,,MUAC-only (rapid MUAC assessment; text: access constraints); MUAC<11.5 printed as '<115 mm'; table has no death rates; survey month not given per survey; report says Deyr 2015 assessments conducted September to December 2015
Deyr 2015/16,2015,Deyr,Sept-Dec 2015,report,South Gedo Riverine,South Gedo,rural,MUAC rapid,1107.0,27.0,,,,,,,10.5,8.6,12.7,0.4,,,,,,,raw/FSNAU-Technical-Series-Report-Post-Deyr-2015-16-Nutrition-Analysis.pdf,59,raw/FSNAU-Technical-Series-Report-Post-Deyr-2015-16-Nutrition-Analysis.pdf p59,True,1.0,transcribed/FSNAU-Technical-Series-Report-Post-Deyr-2015-16-Nutrition-Analysis.csv,South Gedo Riverine,,,,,,,MUAC-only (rapid MUAC assessment; text: access constraints); table has no death rates; survey month not given per survey; report says Deyr 2015 assessments conducted September to December 2015
Deyr 2015/16,2015,Deyr,Sept-Dec 2015,report,West Golis Pastoral LZ,Northwest,rural,SMART,468.0,28.0,13.7,10.4,17.8,1.7,0.8,3.8,5.2,3.0,8.8,0.4,0.48,0.2,1.14,0.0,,,raw/FSNAU-Technical-Series-Report-Post-Deyr-2015-16-Nutrition-Analysis.pdf,35,raw/FSNAU-Technical-Series-Report-Post-Deyr-2015-16-Nutrition-Analysis.pdf p35,True,1.0,transcribed/FSNAU-Technical-Series-Report-Post-Deyr-2015-16-Nutrition-Analysis.csv,West Golis Pastoral,13.7,1.7,,,,,U5DR printed 0.0 without CI; deaths retrospective 90 days; annex 6.5 p93 lists 413 children (table n=468); survey month not given per survey; report says Deyr 2015 assessments conducted September to December 2015
Deyr 2015/16,2015,Deyr,Sept-Dec 2015,report,Bari Urban,Northeast,urban,SMART,636.0,30.0,15.4,12.9,18.3,3.6,2.3,5.8,5.2,3.0,8.9,1.4,,,,,,,raw/FSNAU-Technical-Series-Report-Post-Deyr-2015-16-Nutrition-Analysis.pdf,48,raw/FSNAU-Technical-Series-Report-Post-Deyr-2015-16-Nutrition-Analysis.pdf p48,True,1.0,transcribed/FSNAU-Technical-Series-Report-Post-Deyr-2015-16-Nutrition-Analysis.csv,Bari urban,15.4,3.6,,,,,table has no death-rate rows; survey month not given per survey; report says Deyr 2015 assessments conducted September to December 2015
Deyr 2015/16,2015,Deyr,Sept-Dec 2015,report,Kismayo Urban,,urban,SMART,706.0,30.0,8.8,6.1,12.4,1.6,0.8,2.9,8.5,6.3,11.3,1.7,0.31,0.12,0.8,0.27,0.07,1.131,raw/FSNAU-Technical-Series-Report-Post-Deyr-2015-16-Nutrition-Analysis.pdf,66,raw/FSNAU-Technical-Series-Report-Post-Deyr-2015-16-Nutrition-Analysis.pdf p66,True,1.0,transcribed/FSNAU-Technical-Series-Report-Post-Deyr-2015-16-Nutrition-Analysis.csv,Kismayo Town,8.8,1.6,,,,,MUAC rows printed '<12.5 cm' / '<11.5 cm' without 'or oedema'; U5DR CI upper printed 1.131; deaths retrospective 90 days; survey month not given per survey; report says Deyr 2015 assessments conducted September to December 2015
Deyr 2015/16,2015,Deyr,Sept-Dec 2015,report,Mogadishu Urban,Banadir,urban,SMART,785.0,40.0,8.3,6.2,10.9,1.8,1.0,3.3,4.1,2.8,5.9,0.5,0.28,0.15,0.53,0.23,0.06,0.96,raw/FSNAU-Technical-Series-Report-Post-Deyr-2015-16-Nutrition-Analysis.pdf,72,raw/FSNAU-Technical-Series-Report-Post-Deyr-2015-16-Nutrition-Analysis.pdf p72,True,1.0,transcribed/FSNAU-Technical-Series-Report-Post-Deyr-2015-16-Nutrition-Analysis.csv,Mogadishu Town,8.3,1.8,,,,,CDR CI printed '(0.15-0.53()'; MUAC rows printed without 'or oedema'; table header printed 'Deyr 2014 summary results' (apparent typo); deaths retrospective 90 days; survey month not given per survey; report says Deyr 2015 assessments conducted September to December 2015
Deyr 2015/16,2015,Deyr,Sept-Dec 2015,report,Nugaal Urban,Northeast,urban,SMART,854.0,30.0,12.2,10.1,14.6,2.3,1.4,3.9,2.3,1.2,4.2,0.5,,,,,,,raw/FSNAU-Technical-Series-Report-Post-Deyr-2015-16-Nutrition-Analysis.pdf,48,raw/FSNAU-Technical-Series-Report-Post-Deyr-2015-16-Nutrition-Analysis.pdf p48,True,1.0,transcribed/FSNAU-Technical-Series-Report-Post-Deyr-2015-16-Nutrition-Analysis.csv,Nugaal Urban,12.2,2.3,,,,,table has no death-rate rows; caption heading printed 'Nugaal Urban'; survey month not given per survey; report says Deyr 2015 assessments conducted September to December 2015
Gu 2016,2016,Gu,May-July 2016,report,Baidoa IDPs,,IDP,SMART,760.0,30.0,18.0,15.2,21.1,4.3,2.9,6.4,13.7,11.3,16.6,2.7,0.25,0.11,0.57,0.37,0.12,1.15,raw/FSNAU-Technical-Series-Report-Post-Gu-2016-Nutrition-Analysis.pdf,85,raw/FSNAU-Technical-Series-Report-Post-Gu-2016-Nutrition-Analysis.pdf p85,True,1.0,transcribed/FSNAU-Technical-Series-Report-Post-Gu-2016-Nutrition-Analysis.csv,Baidoa IDPs,18.0,4.3,,,,,"MUAC and deaths from p85-86 (deaths on p86, 90 days); survey month not given per survey; report says Gu 2016 assessments conducted between May and July 2016"
Gu 2016,2016,Gu,May-July 2016,report,Berbera IDPs,Northwest,IDP,SMART,251.0,31.0,19.5,13.4,27.5,3.6,1.5,8.2,5.4,2.4,11.9,2.7,0.47,0.21,1.07,0.0,0.0,0.0,raw/FSNAU-Technical-Series-Report-Post-Gu-2016-Nutrition-Analysis.pdf,41,raw/FSNAU-Technical-Series-Report-Post-Gu-2016-Nutrition-Analysis.pdf p41,True,1.0,transcribed/FSNAU-Technical-Series-Report-Post-Gu-2016-Nutrition-Analysis.csv,Berbera IDPs,19.5,0.4,,,,,"CDR/U5DR from p42, retrospective 90 days; survey month not given per survey; report says Gu 2016 assessments conducted between May and July 2016"
Gu 2016,2016,Gu,May-July 2016,report,Bossasso IDPs,Northeast,IDP,SMART,738.0,28.0,19.8,16.5,23.5,4.3,3.0,6.1,6.0,4.3,8.3,1.2,0.21,0.07,0.56,0.42,0.09,1.88,raw/FSNAU-Technical-Series-Report-Post-Gu-2016-Nutrition-Analysis.pdf,51,raw/FSNAU-Technical-Series-Report-Post-Gu-2016-Nutrition-Analysis.pdf p51,True,1.0,transcribed/FSNAU-Technical-Series-Report-Post-Gu-2016-Nutrition-Analysis.csv,Bossaso IDPs,19.8,4.3,,,,,MUAC<11.5 and deaths from p52 (90 days); survey month not given per survey; report says Gu 2016 assessments conducted between May and July 2016
Gu 2016,2016,Gu,May-July 2016,report,Burao IDPs,Northwest,IDP,SMART,729.0,30.0,7.0,4.4,10.7,0.4,0.1,3.1,0.8,0.2,2.8,0.2,0.05,0.01,0.36,0.22,0.03,1.68,raw/FSNAU-Technical-Series-Report-Post-Gu-2016-Nutrition-Analysis.pdf,41,raw/FSNAU-Technical-Series-Report-Post-Gu-2016-Nutrition-Analysis.pdf p41,True,1.0,transcribed/FSNAU-Technical-Series-Report-Post-Gu-2016-Nutrition-Analysis.csv,Burao IDPs,7.0,3.6,,,,,"header printed 'n=:729 474 Boys=219; Girls=255' (boys+girls=474, so 729 is probably a typo; n_children recorded as first number printed); CDR/U5DR from p42, retrospective 90 days; survey month not given per survey; report says Gu 2016 assessments conducted between May and July 2016"
Gu 2016,2016,Gu,May 2016,report,Dhobley IDPs,,IDP,SMART,780.0,,17.7,15.1,20.6,3.6,2.3,5.5,10.4,7.9,13.7,0.9,0.6,0.37,0.97,0.51,0.22,1.18,raw/FSNAU-Technical-Series-Report-Post-Gu-2016-Nutrition-Analysis.pdf,70,raw/FSNAU-Technical-Series-Report-Post-Gu-2016-Nutrition-Analysis.pdf p70,True,1.0,transcribed/FSNAU-Technical-Series-Report-Post-Gu-2016-Nutrition-Analysis.csv,Dobley IDPs,17.7,3.6,,,,,clusters not stated in table; deaths from p71 (90 days); text says assessment in May 2016 for Dhobley nutrition findings
Gu 2016,2016,Gu,May-July 2016,report,Dhusamareb IDPs,,IDP,SMART,382.0,,10.1,,,1.9,,,7.3,,,0.5,0.08,,,0.27,,,raw/FSNAU-Technical-Series-Report-Post-Gu-2016-Nutrition-Analysis.pdf,59,raw/FSNAU-Technical-Series-Report-Post-Gu-2016-Nutrition-Analysis.pdf p59,True,1.0,transcribed/FSNAU-Technical-Series-Report-Post-Gu-2016-Nutrition-Analysis.csv,Dhusamareeb IDPs,10.1,1.9,,,,,"Galgadud (per text); no CIs given in table (exhaustive sampling, 'Clusters : Exhaustive'); deaths retrospective 160 days as printed in header of row; survey month not given per survey; report says Gu 2016 assessments conducted between May and July 2016"
Gu 2016,2016,Gu,May-July 2016,report,Dollow IDPs,,IDP,SMART,628.0,34.0,21.8,17.8,26.5,4.9,3.6,6.7,10.8,8.4,14.0,3.5,0.42,0.23,0.76,0.45,0.15,1.37,raw/FSNAU-Technical-Series-Report-Post-Gu-2016-Nutrition-Analysis.pdf,65,raw/FSNAU-Technical-Series-Report-Post-Gu-2016-Nutrition-Analysis.pdf p65,True,1.0,transcribed/FSNAU-Technical-Series-Report-Post-Gu-2016-Nutrition-Analysis.csv,Dolow IDPs,21.8,4.9,,,,,deaths retrospective 90 days; survey month not given per survey; report says Gu 2016 assessments conducted between May and July 2016
Gu 2016,2016,Gu,May-July 2016,report,Galkayo IDPs,Northeast,IDP,SMART,707.0,28.0,16.9,14.3,19.8,3.1,2.1,4.7,6.0,4.5,7.9,0.6,0.08,0.03,0.27,0.0,,,raw/FSNAU-Technical-Series-Report-Post-Gu-2016-Nutrition-Analysis.pdf,51,raw/FSNAU-Technical-Series-Report-Post-Gu-2016-Nutrition-Analysis.pdf p51,True,1.0,transcribed/FSNAU-Technical-Series-Report-Post-Gu-2016-Nutrition-Analysis.csv,Galkayo IDPs,16.9,3.1,,,,,cross-cutting NE/Central survey (summary lists under both); U5DR printed '0.0' no CI; MUAC<11.5 and deaths from p52 (90 days); survey month not given per survey; report says Gu 2016 assessments conducted between May and July 2016
Gu 2016,2016,Gu,May-July 2016,report,Garowe IDPs,Northeast,IDP,SMART,570.0,27.0,20.0,17.0,23.5,3.2,2.0,4.9,11.1,8.8,14.0,1.1,0.4,0.2,0.8,0.49,0.16,1.52,raw/FSNAU-Technical-Series-Report-Post-Gu-2016-Nutrition-Analysis.pdf,51,raw/FSNAU-Technical-Series-Report-Post-Gu-2016-Nutrition-Analysis.pdf p51,True,1.0,transcribed/FSNAU-Technical-Series-Report-Post-Gu-2016-Nutrition-Analysis.csv,Garowe IDPs,20.0,3.2,,,,,table SAM 3.2 vs summary one-pager 4.4; MUAC<11.5 and deaths from p52 (90 days); U5DR printed '(0.16 -1.52' missing bracket; survey month not given per survey; report says Gu 2016 assessments conducted between May and July 2016
Gu 2016,2016,Gu,May-July 2016,report,Hargeisa IDPs,Northwest,IDP,SMART,534.0,31.0,12.0,7.8,17.9,1.9,0.9,3.7,4.7,2.8,7.7,1.1,0.14,0.04,0.44,0.47,0.12,1.87,raw/FSNAU-Technical-Series-Report-Post-Gu-2016-Nutrition-Analysis.pdf,41,raw/FSNAU-Technical-Series-Report-Post-Gu-2016-Nutrition-Analysis.pdf p41,True,1.0,transcribed/FSNAU-Technical-Series-Report-Post-Gu-2016-Nutrition-Analysis.csv,Hargeisa IDPs,11.9,1.9,,,,,"GAM printed as 12.0 in table (summary one-pager says 11.9); CDR/U5DR from p42, retrospective 90 days; CDR and U5DR (and CIs) are identical to the Hargeisa IDPs Deyr 2015 values in the Deyr 2015/16 report, possible carry-over; survey month not given per survey; report says Gu 2016 assessments conducted between May and July 2016"
Gu 2016,2016,Gu,May 2016,report,Kismayo IDPs,,IDP,SMART,867.0,,14.5,11.6,18.0,4.4,3.4,5.6,14.6,11.6,18.1,5.0,0.49,0.3,0.81,1.2,0.68,2.11,raw/FSNAU-Technical-Series-Report-Post-Gu-2016-Nutrition-Analysis.pdf,70,raw/FSNAU-Technical-Series-Report-Post-Gu-2016-Nutrition-Analysis.pdf p70,True,1.0,transcribed/FSNAU-Technical-Series-Report-Post-Gu-2016-Nutrition-Analysis.csv,Kismayo IDPs,14.5,4.4,,,,,clusters not stated in table; table SAM 4.4 vs summary one-pager 3.1; deaths from p71 (90 days); text says assessment in May 2016
Gu 2016,2016,Gu,May-July 2016,report,Mogadishu IDPs,,IDP,SMART,689.0,40.0,14.7,11.6,18.4,3.5,2.4,5.0,6.2,3.9,9.8,1.4,0.33,0.16,0.7,0.99,0.37,2.65,raw/FSNAU-Technical-Series-Report-Post-Gu-2016-Nutrition-Analysis.pdf,76,raw/FSNAU-Technical-Series-Report-Post-Gu-2016-Nutrition-Analysis.pdf p76,True,1.0,transcribed/FSNAU-Technical-Series-Report-Post-Gu-2016-Nutrition-Analysis.csv,Mogadishu IDPs,14.7,3.5,,,,,table SAM 3.5 vs summary one-pager 3.2; deaths retrospective 90 days; survey month not given per survey; report says Gu 2016 assessments conducted between May and July 2016
Gu 2016,2016,Gu,May-July 2016,report,Qardho IDPs,Northeast,IDP,SMART,546.0,,12.6,,,1.9,,,6.5,,,0.2,0.35,,,0.73,,,raw/FSNAU-Technical-Series-Report-Post-Gu-2016-Nutrition-Analysis.pdf,53,raw/FSNAU-Technical-Series-Report-Post-Gu-2016-Nutrition-Analysis.pdf p53,True,1.0,transcribed/FSNAU-Technical-Series-Report-Post-Gu-2016-Nutrition-Analysis.csv,Qardho IDPs,12.6,1.9,,,,,"no CIs given in table (exhaustive sampling, clusters printed 'Exhaustive'); MUAC<11.5 from p53, deaths from p54 (90 days); survey month not given per survey; report says Gu 2016 assessments conducted between May and July 2016"
Gu 2016,2016,Gu,May-July 2016,report,Beletweyne District,Hiran,mixed,SMART,512.0,27.0,15.6,12.4,19.5,4.5,2.7,7.4,6.7,4.5,9.9,2.3,0.18,0.07,0.44,0.56,0.11,2.85,raw/FSNAU-Technical-Series-Report-Post-Gu-2016-Nutrition-Analysis.pdf,79,raw/FSNAU-Technical-Series-Report-Post-Gu-2016-Nutrition-Analysis.pdf p79,True,1.0,transcribed/FSNAU-Technical-Series-Report-Post-Gu-2016-Nutrition-Analysis.csv,Beletweyne,15.6,4.5,,,,,district survey; table notes 'plausibility = 4'; MUAC<11.5 2.3 (1.3-4.1); caption/header says plausibility 4; survey month not given per survey; report says Gu 2016 assessments conducted between May and July 2016
Gu 2016,2016,Gu,May-July 2016,report,Addun Pastoral,Northeast/Central,rural,SMART,623.0,28.0,10.4,7.5,14.4,1.6,0.7,3.9,5.7,3.5,8.9,0.3,0.11,0.04,0.29,0.09,0.01,0.42,raw/FSNAU-Technical-Series-Report-Post-Gu-2016-Nutrition-Analysis.pdf,55,raw/FSNAU-Technical-Series-Report-Post-Gu-2016-Nutrition-Analysis.pdf p55,True,1.0,transcribed/FSNAU-Technical-Series-Report-Post-Gu-2016-Nutrition-Analysis.csv,Addun Pastoral,10.4,1.6,,,,,cross-cutting NE/Central survey; same values repeated in Table 19 p59; a stray '95' follows each CI in the table; deaths retrospective 160 days; survey month not given per survey; report says Gu 2016 assessments conducted between May and July 2016
Gu 2016,2016,Gu,May-July 2016,report,Bakool Pastoral,Bakool,rural,SMART,561.0,35.0,19.1,14.3,24.9,5.0,3.1,8.0,7.1,5.5,9.1,1.2,0.0,,,0.0,,,raw/FSNAU-Technical-Series-Report-Post-Gu-2016-Nutrition-Analysis.pdf,84,raw/FSNAU-Technical-Series-Report-Post-Gu-2016-Nutrition-Analysis.pdf p84,True,1.0,transcribed/FSNAU-Technical-Series-Report-Post-Gu-2016-Nutrition-Analysis.csv,Bakool Pastoral,19.1,5.0,,,,,CDR/U5DR 0.0 without CI; deaths from p85 (90 days); survey month not given per survey; report says Gu 2016 assessments conducted between May and July 2016
Gu 2016,2016,Gu,July 2016,report,Bay Agro-pastoral,Bay,rural,SMART,680.0,30.0,18.1,14.1,22.9,4.1,2.6,6.5,11.5,8.3,15.7,1.8,0.35,0.19,0.64,0.37,0.14,0.96,raw/FSNAU-Technical-Series-Report-Post-Gu-2016-Nutrition-Analysis.pdf,84,raw/FSNAU-Technical-Series-Report-Post-Gu-2016-Nutrition-Analysis.pdf p84,True,1.0,transcribed/FSNAU-Technical-Series-Report-Post-Gu-2016-Nutrition-Analysis.csv,Bay Agropastoral,18.1,4.1,,,,,deaths from p85 (90 days)
Gu 2016,2016,Gu,May-July 2016,report,Coastal Deeh,Northeast,rural,SMART,684.0,27.0,13.0,9.9,17.0,1.0,0.4,2.7,1.4,0.7,2.9,0.1,0.15,0.05,0.48,0.45,0.14,1.43,raw/FSNAU-Technical-Series-Report-Post-Gu-2016-Nutrition-Analysis.pdf,55,raw/FSNAU-Technical-Series-Report-Post-Gu-2016-Nutrition-Analysis.pdf p55,True,1.0,transcribed/FSNAU-Technical-Series-Report-Post-Gu-2016-Nutrition-Analysis.csv,Coastal Deeh,13.0,1.0,,,,,deaths retrospective 160 days; survey month not given per survey; report says Gu 2016 assessments conducted between May and July 2016
Gu 2016,2016,Gu,May-July 2016,report,Guban Pastoral LZ,Northwest,rural,SMART,417.0,28.0,16.5,11.7,22.9,1.4,0.6,3.6,11.0,7.5,15.9,0.9,0.81,0.48,1.35,0.39,0.1,1.46,raw/FSNAU-Technical-Series-Report-Post-Gu-2016-Nutrition-Analysis.pdf,43,raw/FSNAU-Technical-Series-Report-Post-Gu-2016-Nutrition-Analysis.pdf p43,True,1.0,transcribed/FSNAU-Technical-Series-Report-Post-Gu-2016-Nutrition-Analysis.csv,Guban Pastoral,16.5,1.4,,,,,"MUAC<11.5 and CDR/U5DR from p44, retrospective 160 days; U5DR printed '(0.10.-1.46)'; survey month not given per survey; report says Gu 2016 assessments conducted between May and July 2016"
Gu 2016,2016,Gu,May-July 2016,report,Hawd Pastoral,,rural,SMART,528.0,28.0,10.0,7.0,14.2,1.5,0.8,2.9,0.9,0.3,3.1,0.2,0.55,0.26,1.17,0.34,0.11,1.06,raw/FSNAU-Technical-Series-Report-Post-Gu-2016-Nutrition-Analysis.pdf,45,raw/FSNAU-Technical-Series-Report-Post-Gu-2016-Nutrition-Analysis.pdf p45,True,1.0,transcribed/FSNAU-Technical-Series-Report-Post-Gu-2016-Nutrition-Analysis.csv,Hawd NW,10.0,1.5,,,,,"Northwest Hawd (summary: 'Hawd Pastoral NW'); MUAC and CDR/U5DR from p46, retrospective 160 days; survey month not given per survey; report says Gu 2016 assessments conducted between May and July 2016"
Gu 2016,2016,Gu,May-July 2016,report,Hawd Pastoral,Northeast/Central,rural,SMART,596.0,28.0,16.3,13.1,20.1,3.7,2.2,6.2,9.2,5.4,11.7,1.3,0.32,0.13,0.8,0.52,0.16,1.64,raw/FSNAU-Technical-Series-Report-Post-Gu-2016-Nutrition-Analysis.pdf,55,raw/FSNAU-Technical-Series-Report-Post-Gu-2016-Nutrition-Analysis.pdf p55,True,1.0,transcribed/FSNAU-Technical-Series-Report-Post-Gu-2016-Nutrition-Analysis.csv,Hawd Pastoral,16.3,3.7,,,,,cross-cutting NE/Central survey (summary 'Hawd Pastoral NE/C'); same values repeated in Table 19 p59; deaths retrospective 160 days; survey month not given per survey; report says Gu 2016 assessments conducted between May and July 2016
Gu 2016,2016,Gu,May-July 2016,report,NW Agro-Pastoral LZ,Northwest,rural,SMART,517.0,30.0,10.8,7.6,15.1,1.5,0.6,3.8,2.7,1.2,5.6,0.4,0.3,0.16,0.58,0.22,0.05,0.93,raw/FSNAU-Technical-Series-Report-Post-Gu-2016-Nutrition-Analysis.pdf,43,raw/FSNAU-Technical-Series-Report-Post-Gu-2016-Nutrition-Analysis.pdf p43,True,1.0,transcribed/FSNAU-Technical-Series-Report-Post-Gu-2016-Nutrition-Analysis.csv,NW Agropastoral,10.8,1.5,,,,,"MUAC<11.5 and CDR/U5DR from p44, retrospective 160 days; survey month not given per survey; report says Gu 2016 assessments conducted between May and July 2016"
Gu 2016,2016,Gu,May-July 2016,report,North Gedo Pastoral,North Gedo,rural,SMART,563.0,28.0,17.2,13.3,22.1,3.2,2.0,5.2,3.0,1.7,5.2,0.4,0.26,0.14,0.49,0.44,0.13,1.47,raw/FSNAU-Technical-Series-Report-Post-Gu-2016-Nutrition-Analysis.pdf,64,raw/FSNAU-Technical-Series-Report-Post-Gu-2016-Nutrition-Analysis.pdf p64,True,1.0,transcribed/FSNAU-Technical-Series-Report-Post-Gu-2016-Nutrition-Analysis.csv,North Gedo Pastoral,17.2,3.2,,,,,deaths retrospective 160 days; survey month not given per survey; report says Gu 2016 assessments conducted between May and July 2016
Gu 2016,2016,Gu,May-July 2016,report,North Gedo Riverine,North Gedo,rural,SMART,528.0,29.0,16.5,13.1,20.6,2.5,1.2,4.9,3.8,2.2,6.3,0.4,0.21,0.07,0.57,0.0,0.0,0.0,raw/FSNAU-Technical-Series-Report-Post-Gu-2016-Nutrition-Analysis.pdf,64,raw/FSNAU-Technical-Series-Report-Post-Gu-2016-Nutrition-Analysis.pdf p64,True,1.0,transcribed/FSNAU-Technical-Series-Report-Post-Gu-2016-Nutrition-Analysis.csv,North Gedo Riverine,16.5,2.5,,,,,deaths retrospective 160 days; survey month not given per survey; report says Gu 2016 assessments conducted between May and July 2016
Gu 2016,2016,Gu,May-July 2016,report,Northern Inland Pastoral,,rural,SMART,600.0,35.0,10.5,7.4,14.7,2.0,1.0,3.9,6.0,4.0,9.0,1.6,0.09,0.03,0.22,0.0,0.0,0.0,raw/FSNAU-Technical-Series-Report-Post-Gu-2016-Nutrition-Analysis.pdf,45,raw/FSNAU-Technical-Series-Report-Post-Gu-2016-Nutrition-Analysis.pdf p45,True,1.0,transcribed/FSNAU-Technical-Series-Report-Post-Gu-2016-Nutrition-Analysis.csv,N. Inland Pastoral,10.5,2.0,,,,,"Cross-cutting NW/NE (NIP); table CDR 0.09 vs summary one-pager 0.15 (U5DR 0.0 in both); MUAC and deaths from p46, retrospective 160 days; survey month not given per survey; report says Gu 2016 assessments conducted between May and July 2016"
Gu 2016,2016,Gu,May-July 2016,report,Shabelle AgroPastoral,Shabelle,rural,SMART,578.0,30.0,14.5,11.0,19.0,2.4,1.2,4.9,11.4,8.3,15.5,0.9,0.32,0.18,0.58,0.56,0.24,1.3,raw/FSNAU-Technical-Series-Report-Post-Gu-2016-Nutrition-Analysis.pdf,75,raw/FSNAU-Technical-Series-Report-Post-Gu-2016-Nutrition-Analysis.pdf p75,True,1.0,transcribed/FSNAU-Technical-Series-Report-Post-Gu-2016-Nutrition-Analysis.csv,Shabelle Agro pastoral,14.5,2.4,,,,,deaths retrospective 160 days; survey month not given per survey; report says Gu 2016 assessments conducted between May and July 2016
Gu 2016,2016,Gu,May-July 2016,report,Shabelle Riverine,Shabelle,rural,SMART,601.0,30.0,12.5,8.6,17.7,2.2,1.3,3.7,7.9,5.0,12.3,1.3,0.34,0.2,0.57,0.44,0.17,1.16,raw/FSNAU-Technical-Series-Report-Post-Gu-2016-Nutrition-Analysis.pdf,75,raw/FSNAU-Technical-Series-Report-Post-Gu-2016-Nutrition-Analysis.pdf p75,True,1.0,transcribed/FSNAU-Technical-Series-Report-Post-Gu-2016-Nutrition-Analysis.csv,Shabelle Riverine,12.5,2.2,,,,,deaths retrospective 160 days; survey month not given per survey; report says Gu 2016 assessments conducted between May and July 2016
Gu 2016,2016,Gu,May-July 2016,report,West Golis Pastoral LZ,Northwest,rural,SMART,485.0,27.0,10.3,7.6,13.9,1.6,0.8,3.4,3.2,1.6,6.3,0.4,0.12,0.05,0.28,0.0,0.0,0.0,raw/FSNAU-Technical-Series-Report-Post-Gu-2016-Nutrition-Analysis.pdf,43,raw/FSNAU-Technical-Series-Report-Post-Gu-2016-Nutrition-Analysis.pdf p43,True,1.0,transcribed/FSNAU-Technical-Series-Report-Post-Gu-2016-Nutrition-Analysis.csv,West Golis Pastoral,10.3,1.6,,,,,"MUAC<11.5 and CDR/U5DR from p44, retrospective 160 days; survey month not given per survey; report says Gu 2016 assessments conducted between May and July 2016"
Deyr 2016/17,2016,Deyr,Nov 2016,Checchi et al. metadata (SOM_201612_admin2_BaydhabaIDP),Baidoa IDPs,,IDP,SMART,658.0,30.0,13.4,10.8,16.5,3.0,1.6,5.6,9.2,7.1,11.9,2.4,0.21,0.07,0.59,0.3,0.07,1.24,raw/Nutrition-Situation-Analysis-Post-Deyr-2016-17-Bay-and-Bakool.pdf,9,raw/Nutrition-Situation-Analysis-Post-Deyr-2016-17-Bay-and-Bakool.pdf p9,True,1.0,transcribed/Nutrition-Situation-Analysis-Post-Deyr-2016-17-Bay-and-Bakool.csv,Baidoa IDPs,13.4,3.0,,,,,
Deyr 2016/17,2016,Deyr,Nov 2016,Checchi et al. metadata (SOM_201611_admin2_BerberaIDP),Berbera IDP,,IDP,SMART,480.0,,9.2,,,1.7,,,4.4,,,1.9,0.14,,,0.0,,,raw/Nutrition-Situation-Analysis-Post-Deyr-2016-17-Northwest.pdf,8,raw/Nutrition-Situation-Analysis-Post-Deyr-2016-17-Northwest.pdf p8,True,1.0,transcribed/Nutrition-Situation-Analysis-Post-Deyr-2016-17-Northwest.csv,Berbera IDPs,9.2,1.7,,,,,"No CIs printed for Deyr 2016/17 column (Gu'16 column also lacks most CIs). p3: 'Exhaustive survey', clusters N/A. Plausibility 15% (Acceptable)."
Deyr 2016/17,2016,Deyr,Nov 2016,Checchi et al. metadata (SOM_201611_admin2_BossasoIDP),Bossaso IDPs,,IDP,SMART,712.0,28.0,17.3,13.7,21.5,3.7,2.5,5.4,8.1,5.3,10.9,2.5,0.12,0.04,0.38,0.27,0.06,1.13,raw/Nutrition-Situation-Analysis-Post-Deyr-2016-17-Northeast-and-Central.pdf,6,raw/Nutrition-Situation-Analysis-Post-Deyr-2016-17-Northeast-and-Central.pdf p6,True,1.0,transcribed/Nutrition-Situation-Analysis-Post-Deyr-2016-17-Northeast-and-Central.csv,Bossaso IDPs,17.3,3.7,,,,,Slide spells 'Bossaso'; p3 'Bossaso IDPs'. Fieldwork month not stated.
Deyr 2016/17,2016,Deyr,,,Burao IDP,,IDP,SMART,484.0,31.0,10.0,6.7,14.7,1.3,0.6,2.6,2.1,1.0,4.2,0.8,0.27,0.05,1.42,0.0,0.0,0.0,raw/Nutrition-Situation-Analysis-Post-Deyr-2016-17-Northwest.pdf,7,raw/Nutrition-Situation-Analysis-Post-Deyr-2016-17-Northwest.pdf p7,True,1.0,transcribed/Nutrition-Situation-Analysis-Post-Deyr-2016-17-Northwest.csv,Burao IDPs,10.0,1.3,,,,,Survey type per p3: integrated FS and nutrition. Fieldwork month not stated in deck.
Deyr 2016/17,2016,Deyr,Nov 2016,Checchi et al. metadata (SOM_201611_admin2_Dhuusamarreeb_dhobleyIDP),Dhobley IDPs,,IDP,SMART,512.0,28.0,13.5,10.4,17.3,2.1,1.2,3.9,10.2,7.4,13.9,2.5,0.4,0.22,0.74,0.17,0.02,1.31,raw/Nutrition-Situation-Analysis-Post-Deyr-2016-17-Kismaiyo-and-Dhobley.pdf,3,raw/Nutrition-Situation-Analysis-Post-Deyr-2016-17-Kismaiyo-and-Dhobley.pdf p3,True,1.0,transcribed/Nutrition-Situation-Analysis-Post-Deyr-2016-17-Kismaiyo-and-Dhobley.csv,Dobley IDPs,13.5,2.1,,,,,"Oedema 'n=7, 1.4'. CDR/U5DR labelled '(90 days)'. Cover slide reads 'Post Deyr 2017'; dated 19 Jan 2017."
Deyr 2016/17,2016,Deyr,,,Dhusamareb IDPs,,IDP,SMART,265.0,,26.4,,,6.0,,,19.8,,,4.2,0.0,,,0.0,,,raw/Nutrition-Situation-Analysis-Post-Deyr-2016-17-Central.pdf,3,raw/Nutrition-Situation-Analysis-Post-Deyr-2016-17-Central.pdf p3,True,1.0,transcribed/Nutrition-Situation-Analysis-Post-Deyr-2016-17-Central.csv,Dhusamareeb IDPs,26.4,6.0,,,,,No CIs printed. p2: 'Exhaustive' survey (no clusters). Same survey as in Northeast-and-Central deck p12.
Deyr 2016/17,2016,Deyr,,,Dolow IDPs,Gedo,IDP,SMART,697.0,28.0,14.9,11.9,18.5,2.3,1.2,4.5,4.4,2.9,6.5,0.8,0.24,0.12,0.51,0.47,0.15,1.45,raw/Nutrition-Situation-Analysis-Post-Deyr-2016-17-Gedo.pdf,5,raw/Nutrition-Situation-Analysis-Post-Deyr-2016-17-Gedo.pdf p5,True,1.0,transcribed/Nutrition-Situation-Analysis-Post-Deyr-2016-17-Gedo.csv,Dolow IDPs,14.9,2.3,,,,,CDR CI printed '(0.12-0.51' missing closing bracket. CDR/U5DR labelled '(90days)'.
Deyr 2016/17,2016,Deyr,,,Garowe IDPs,,IDP,SMART,838.0,27.0,17.7,14.2,21.8,3.1,1.8,5.2,10.5,7.8,13.1,2.0,0.16,0.06,0.43,0.36,0.11,1.11,raw/Nutrition-Situation-Analysis-Post-Deyr-2016-17-Northeast-and-Central.pdf,10,raw/Nutrition-Situation-Analysis-Post-Deyr-2016-17-Northeast-and-Central.pdf p10,True,1.0,transcribed/Nutrition-Situation-Analysis-Post-Deyr-2016-17-Northeast-and-Central.csv,Garowe IDPs,17.7,3.1,,,,,
Deyr 2016/17,2016,Deyr,Nov 2016,Checchi et al. metadata (SOM_201611_admin2_HargeysaIDP),Hargeisa IDP,,IDP,SMART,559.0,30.0,13.9,10.9,17.6,3.5,2.2,5.7,3.0,1.9,4.8,0.7,0.54,0.3,0.97,0.0,0.0,0.0,raw/Nutrition-Situation-Analysis-Post-Deyr-2016-17-Northwest.pdf,6,raw/Nutrition-Situation-Analysis-Post-Deyr-2016-17-Northwest.pdf p6,True,1.0,transcribed/Nutrition-Situation-Analysis-Post-Deyr-2016-17-Northwest.csv,Hargeisa IDPs,13.9,3.5,,,,,Survey type per p3: integrated FS and nutrition. Fieldwork month not stated in deck.
Deyr 2016/17,2016,Deyr,,,Kismayo IDPs,,IDP,SMART,709.0,30.0,13.0,10.7,15.7,0.7,0.3,1.6,14.4,12.0,17.2,1.7,0.19,0.08,0.45,0.27,0.06,1.11,raw/Nutrition-Situation-Analysis-Post-Deyr-2016-17-Kismaiyo-and-Dhobley.pdf,5,raw/Nutrition-Situation-Analysis-Post-Deyr-2016-17-Kismaiyo-and-Dhobley.pdf p5,True,1.0,transcribed/Nutrition-Situation-Analysis-Post-Deyr-2016-17-Kismaiyo-and-Dhobley.csv,Kismayo IDPs,13.0,0.7,,,,,CDR/U5DR labelled '(90days)'. Plausibility 18%.
Deyr 2016/17,2016,Deyr,,,Mogadishu IDPs,,IDP,SMART,676.0,37.0,16.6,13.7,19.9,4.0,2.8,5.7,11.3,7.9,16.0,1.0,0.61,0.34,1.11,0.74,0.3,1.81,raw/Nutrition-Situation-Analysis-Post-Deyr-2016-17-Shabelle-and-Banadir.pdf,4,raw/Nutrition-Situation-Analysis-Post-Deyr-2016-17-Shabelle-and-Banadir.pdf p4,True,1.0,transcribed/Nutrition-Situation-Analysis-Post-Deyr-2016-17-Shabelle-and-Banadir.csv,Mogadishu IDPs,16.6,4.0,,,,,Plausibility 1%. Slide rows for stunting/underweight lack labels (not recorded). Survey details slide title typo 'Deyr 206/17'; cover date typo '19th Jan 2016'.
Deyr 2016/17,2016,Deyr,,,Qardho IDPs,,IDP,SMART,646.0,,15.2,,,2.3,,,10.7,,,0.6,0.29,,,0.47,,,raw/Nutrition-Situation-Analysis-Post-Deyr-2016-17-Northeast-and-Central.pdf,8,raw/Nutrition-Situation-Analysis-Post-Deyr-2016-17-Northeast-and-Central.pdf p8,True,1.0,transcribed/Nutrition-Situation-Analysis-Post-Deyr-2016-17-Northeast-and-Central.csv,Qardho IDPs,15.2,2.3,,,,,"No CIs printed. Values printed with % signs (CDR '0.29%', U5DR '0.47%'). p3: 'Exhaustive' survey (no clusters). Header 'Deyr'2016/17 (N=646)'."
Deyr 2016/17,2016,Deyr,Dec 2016,Checchi et al. metadata (SOM_201612_admin2_Belet_Weyne),Beledweyne District,Hiran,mixed,SMART,533.0,28.0,12.8,10.0,16.2,3.0,1.9,4.7,7.9,5.4,11.5,1.1,0.16,0.05,0.5,0.21,0.05,0.85,raw/Nutrition-Situation-Analysis-Post-Deyr-2016-17-Hiran.pdf,3,raw/Nutrition-Situation-Analysis-Post-Deyr-2016-17-Hiran.pdf p3,True,1.0,transcribed/Nutrition-Situation-Analysis-Post-Deyr-2016-17-Hiran.csv,Beletweyne,12.8,3.0,,,,,"District SMART survey (p2); urban/rural mix not stated on slide. GAM defined as 'WHZ<-2' (oedema not mentioned in label), SAM label includes oedema. Cover date 30 March 2017. Fieldwork month not stated."
Deyr 2016/17,2016,Deyr,,,Addun Pastoral,,rural,SMART,592.0,27.0,22.6,17.6,28.7,4.6,2.9,7.1,13.4,8.3,17.1,2.8,0.18,0.07,0.48,0.51,0.16,1.58,raw/Nutrition-Situation-Analysis-Post-Deyr-2016-17-Central.pdf,6,raw/Nutrition-Situation-Analysis-Post-Deyr-2016-17-Central.pdf p6,True,1.0,transcribed/Nutrition-Situation-Analysis-Post-Deyr-2016-17-Central.csv,Addun Central,22.6,4.6,,,,,Same survey as Northeast-and-Central deck p17. Values printed with % signs. Slide spells 'Aduun' elsewhere.
Deyr 2016/17,2016,Deyr,Dec-Jan 2016,Checchi et al. metadata (SOM_201612_LHZ_Bakool_pastoralpastoral),Bakool Pastoral,Bakool,rural,SMART,467.0,28.0,27.4,23.5,31.6,1.9,1.0,3.6,7.5,5.4,10.2,0.4,0.24,0.09,0.68,0.64,0.14,2.93,raw/Nutrition-Situation-Analysis-Post-Deyr-2016-17-Bay-and-Bakool.pdf,13,raw/Nutrition-Situation-Analysis-Post-Deyr-2016-17-Bay-and-Bakool.pdf p13,True,1.0,transcribed/Nutrition-Situation-Analysis-Post-Deyr-2016-17-Bay-and-Bakool.csv,Bakool Pastoral,27.4,1.9,,,,,Slide title printed after the table. Plausibility 14% good.
Deyr 2016/17,2016,Deyr,Dec 2016,Checchi et al. metadata (SOM_201612_LHZ_Bay_AgroPastAgropastoral),Bay Agro-pastoral,Bay,rural,SMART,649.0,30.0,20.0,15.6,25.3,4.5,2.5,7.9,11.9,8.9,15.7,3.0,0.73,0.43,1.24,0.46,0.1,1.98,raw/Nutrition-Situation-Analysis-Post-Deyr-2016-17-Bay-and-Bakool.pdf,3,raw/Nutrition-Situation-Analysis-Post-Deyr-2016-17-Bay-and-Bakool.pdf p3,True,1.0,transcribed/Nutrition-Situation-Analysis-Post-Deyr-2016-17-Bay-and-Bakool.csv,Bay Agropastoral,20.0,4.5,,,,,SAM row label lacks definition on slide (oedema not stated). Plausibility 12% good.
Deyr 2016/17,2016,Deyr,,,Coastal Deeh,,rural,SMART,738.0,28.0,18.8,15.0,23.4,4.2,2.8,6.2,10.8,7.2,14.2,1.2,0.13,0.03,0.59,0.27,0.03,2.1,raw/Nutrition-Situation-Analysis-Post-Deyr-2016-17-Northeast-and-Central.pdf,14,raw/Nutrition-Situation-Analysis-Post-Deyr-2016-17-Northeast-and-Central.pdf p14,True,1.0,transcribed/Nutrition-Situation-Analysis-Post-Deyr-2016-17-Northeast-and-Central.csv,Coastal Deeh,18.8,4.2,,,,,"Central deck p2 lists Coastal Deeh ('Costal Deah') as N/A (not surveyed), but this deck has a survey."
Deyr 2016/17,2016,Deyr,Dec 2016,Checchi et al. metadata (SOM_201612_LHZ_Guban_Pastoralpastoral),Guban Pastoral,,rural,SMART,684.0,28.0,12.4,9.8,15.7,1.8,1.0,3.1,4.5,3.0,6.9,0.9,0.3,0.13,0.0,0.14,0.02,1.07,raw/Nutrition-Situation-Analysis-Post-Deyr-2016-17-Northwest.pdf,16,raw/Nutrition-Situation-Analysis-Post-Deyr-2016-17-Northwest.pdf p16,True,1.0,transcribed/Nutrition-Situation-Analysis-Post-Deyr-2016-17-Northwest.csv,Guban Pastoral,12.4,1.8,,,,,"CDR CI printed '(0.13-0.0)': upper bound 0.0 is an apparent typo, kept as printed. "
Deyr 2016/17,2016,Deyr,,,Hawd Pastoral,,rural,SMART,639.0,27.0,17.2,13.5,21.7,3.6,2.0,6.4,11.6,7.3,14.8,1.4,0.45,0.23,0.87,0.61,0.18,2.07,raw/Nutrition-Situation-Analysis-Post-Deyr-2016-17-Central.pdf,5,raw/Nutrition-Situation-Analysis-Post-Deyr-2016-17-Central.pdf p5,True,1.0,transcribed/Nutrition-Situation-Analysis-Post-Deyr-2016-17-Central.csv,Hawd Central,17.2,3.6,,,,,"Same survey as Northeast-and-Central deck p15. Values printed with % signs. p7 photo caption 'Hawd and Aduun Training Adaado post Deyr Dec 2016' is a training photo, not stated as fieldwork."
Deyr 2016/17,2016,Deyr,,,NIP,,rural,SMART,593.0,32.0,18.0,14.0,22.9,3.0,1.7,5.3,8.1,4.7,13.6,2.1,0.6,0.22,1.58,0.94,0.37,2.37,raw/Nutrition-Situation-Analysis-Post-Deyr-2016-17-Northeast-and-Central.pdf,19,raw/Nutrition-Situation-Analysis-Post-Deyr-2016-17-Northeast-and-Central.pdf p19,True,1.0,transcribed/Nutrition-Situation-Analysis-Post-Deyr-2016-17-Northeast-and-Central.csv,,,,,,,,"SAM CI Gu column has missing brackets (not recorded). Same indicator values as 'Northern Inland Pastoral' in Northwest deck (p15, header n=600); count once."
Deyr 2016/17,2016,Deyr,Dec 2016,Checchi et al. metadata (SOM_201612_LHZ_NW_AgroPastAgropastoral),NW AP,,rural,SMART,667.0,30.0,6.4,4.8,8.7,0.6,0.2,1.6,1.6,0.9,3.1,0.1,0.32,0.15,0.68,0.15,0.02,1.16,raw/Nutrition-Situation-Analysis-Post-Deyr-2016-17-Northwest.pdf,12,raw/Nutrition-Situation-Analysis-Post-Deyr-2016-17-Northwest.pdf p12,True,1.0,transcribed/Nutrition-Situation-Analysis-Post-Deyr-2016-17-Northwest.csv,NW Agropastoral,6.4,0.6,,,,,Slide title 'NW AP: Deyr 2016/17' printed after the table; p3 lists as 'NW AP' (Northwest agropastoral).
Deyr 2016/17,2016,Deyr,,,NW Hawd,,rural,SMART,496.0,28.0,10.7,7.2,15.6,1.4,0.6,3.1,2.6,1.4,4.7,0.4,0.05,0.01,0.35,0.0,0.0,0.0,raw/Nutrition-Situation-Analysis-Post-Deyr-2016-17-Northwest.pdf,14,raw/Nutrition-Situation-Analysis-Post-Deyr-2016-17-Northwest.pdf p14,True,1.0,transcribed/Nutrition-Situation-Analysis-Post-Deyr-2016-17-Northwest.csv,Hawd NW,10.7,1.4,,,,,Column header printed 'Deyr' 2017' (means Deyr 2016/17). U5DR printed '0.00 (0.00-0.00)'.
Deyr 2016/17,2016,Deyr,,,North Gedo Pastoral (SIP),Gedo,rural,SMART,760.0,27.0,15.8,12.9,19.2,2.1,1.2,3.5,5.1,3.7,6.9,0.5,0.41,0.22,0.76,0.87,0.41,1.81,raw/Nutrition-Situation-Analysis-Post-Deyr-2016-17-Gedo.pdf,4,raw/Nutrition-Situation-Analysis-Post-Deyr-2016-17-Gedo.pdf p4,True,1.0,transcribed/Nutrition-Situation-Analysis-Post-Deyr-2016-17-Gedo.csv,North Gedo Pastoral,15.8,2.1,,,,,Southern Inland Pastoral (SIP) per p2.
Deyr 2016/17,2016,Deyr,,,North Gedo Riverine,Gedo,rural,SMART,756.0,27.0,17.3,14.1,21.1,3.0,1.9,4.8,6.5,4.8,8.7,0.8,0.42,0.23,0.75,0.78,0.36,1.7,raw/Nutrition-Situation-Analysis-Post-Deyr-2016-17-Gedo.pdf,3,raw/Nutrition-Situation-Analysis-Post-Deyr-2016-17-Gedo.pdf p3,True,1.0,transcribed/Nutrition-Situation-Analysis-Post-Deyr-2016-17-Gedo.csv,North Gedo Riverine,17.3,3.0,,,,,"Slide title printed after the table (typo, missing opening bracket). SAM label says 'WHO' rather than FSNAU. Cover date 19 December 2016."
Deyr 2016/17,2016,Deyr,Dec 2016,Checchi et al. metadata (SOM_201612_LHZ_Shabelle_APAgropastoral),Shabelle Agropastoral,,rural,SMART,499.0,29.0,14.9,10.1,21.6,4.0,2.3,7.0,10.0,5.9,16.4,1.8,0.32,0.14,0.73,1.07,0.46,2.49,raw/Nutrition-Situation-Analysis-Post-Deyr-2016-17-Shabelle-and-Banadir.pdf,8,raw/Nutrition-Situation-Analysis-Post-Deyr-2016-17-Shabelle-and-Banadir.pdf p8,True,1.0,transcribed/Nutrition-Situation-Analysis-Post-Deyr-2016-17-Shabelle-and-Banadir.csv,Shabelle Agro pastoral,14.9,4.0,,,,,
Deyr 2016/17,2016,Deyr,Dec 2016,Checchi et al. metadata (SOM_201612_LHZ_Shabelle_Riverriverine),Shabelle Riverine,,rural,SMART,589.0,29.0,14.0,9.6,20.1,3.2,1.7,6.0,10.5,7.4,14.8,2.2,0.31,0.11,0.86,1.09,0.44,2.66,raw/Nutrition-Situation-Analysis-Post-Deyr-2016-17-Shabelle-and-Banadir.pdf,10,raw/Nutrition-Situation-Analysis-Post-Deyr-2016-17-Shabelle-and-Banadir.pdf p10,True,1.0,transcribed/Nutrition-Situation-Analysis-Post-Deyr-2016-17-Shabelle-and-Banadir.csv,Shabelle Riverine,14.0,3.2,,,,,
Deyr 2016/17,2016,Deyr,Dec 2016,Checchi et al. metadata (SOM_201612_LHZ_West_Golis),West Golis,,rural,SMART,533.0,27.0,11.3,8.6,14.8,1.4,0.7,2.6,1.7,0.9,3.2,0.2,0.34,0.15,0.78,0.16,0.02,1.29,raw/Nutrition-Situation-Analysis-Post-Deyr-2016-17-Northwest.pdf,13,raw/Nutrition-Situation-Analysis-Post-Deyr-2016-17-Northwest.pdf p13,True,1.0,transcribed/Nutrition-Situation-Analysis-Post-Deyr-2016-17-Northwest.csv,West Golis Pastoral,11.3,1.4,,,,,"GAM CI printed '(8.6-14.8' missing closing bracket. Header n=533 but p3 Survey Details gives 573 children (296 boys + 277 girls = 573; p3 totals sum with 573), so header likely a typo."
Gu 2017,2017,Gu,,,Baidoa IDPs,,IDP,SMART,,,29.4,,,,,,21.8,,,8.8,1.62,,,3.09,,,html/nutrition_2017_gu.html,,,False,,,,,,29.4,10.4,raw/hdx/fsnau-survey-results-2017-2020.xlsx pcol 15,https://fsnau.org/nutrition/?season=2017/gu,
Gu 2017,2017,Gu,,,Berbera IDPs,,IDP,SMART,,,18.7,,,,,,6.2,,,2.4,0.8,,,0.65,,,html/nutrition_2017_gu.html,,,False,,,,,,18.7,4.3,raw/hdx/fsnau-survey-results-2017-2020.xlsx pcol 15,https://fsnau.org/nutrition/?season=2017/gu,
Gu 2017,2017,Gu,,,Bossaso IDPs,,IDP,SMART,,,18.6,,,,,,8.1,,,2.5,0.56,,,0.59,,,html/nutrition_2017_gu.html,,,False,,,,,,18.6,4.5,raw/hdx/fsnau-survey-results-2017-2020.xlsx pcol 15,https://fsnau.org/nutrition/?season=2017/gu,
Gu 2017,2017,Gu,,,Burao IDPs,,IDP,SMART,,,9.2,,,,,,1.3,,,0.2,0.85,,,1.11,,,html/nutrition_2017_gu.html,,,False,,,,,,9.2,1.5,raw/hdx/fsnau-survey-results-2017-2020.xlsx pcol 15,https://fsnau.org/nutrition/?season=2017/gu,
Gu 2017,2017,Gu,,,Dhusamareeb IDPs,,IDP,SMART,,,33.4,,,,,,25.4,,,6.2,0.67,,,2.19,,,html/nutrition_2017_gu.html,,,False,,,,,,33.4,11.4,raw/hdx/fsnau-survey-results-2017-2020.xlsx pcol 15,https://fsnau.org/nutrition/?season=2017/gu,
Gu 2017,2017,Gu,,,Dobley IDPs,,IDP,SMART,,,14.0,,,,,,10.4,,,2.0,0.4,,,0.39,,,html/nutrition_2017_gu.html,,,False,,,,,,14.0,2.7,raw/hdx/fsnau-survey-results-2017-2020.xlsx pcol 15,https://fsnau.org/nutrition/?season=2017/gu,
Gu 2017,2017,Gu,,,Dolow IDPs,,IDP,SMART,,,17.6,,,,,,6.7,,,1.4,0.3,,,1.16,,,html/nutrition_2017_gu.html,,,False,,,,,,17.6,3.1,raw/hdx/fsnau-survey-results-2017-2020.xlsx pcol 15,https://fsnau.org/nutrition/?season=2017/gu,
Gu 2017,2017,Gu,,,Garowe IDPs,,IDP,SMART,,,19.9,,,,,,8.8,,,2.0,0.35,,,0.75,,,html/nutrition_2017_gu.html,,,False,,,,,,19.9,4.9,raw/hdx/fsnau-survey-results-2017-2020.xlsx pcol 15,https://fsnau.org/nutrition/?season=2017/gu,
Gu 2017,2017,Gu,,,Hargeisa IDPs,,IDP,SMART,,,17.3,,,,,,9.8,,,3.6,0.77,,,0.49,,,html/nutrition_2017_gu.html,,,False,,,,,,17.3,3.0,raw/hdx/fsnau-survey-results-2017-2020.xlsx pcol 15,https://fsnau.org/nutrition/?season=2017/gu,
Gu 2017,2017,Gu,,,Kismayo IDPs,,IDP,SMART,,,11.3,,,,,,11.5,,,3.1,0.33,,,0.62,,,html/nutrition_2017_gu.html,,,False,,,,,,11.3,2.2,raw/hdx/fsnau-survey-results-2017-2020.xlsx pcol 15,https://fsnau.org/nutrition/?season=2017/gu,
Gu 2017,2017,Gu,,,Mogadishu IDPs,,IDP,SMART,,,20.4,,,,,,11.6,,,3.7,1.55,,,4.61,,,html/nutrition_2017_gu.html,,,False,,,,,,20.4,6.6,raw/hdx/fsnau-survey-results-2017-2020.xlsx pcol 15,https://fsnau.org/nutrition/?season=2017/gu,
Gu 2017,2017,Gu,,,Qardho IDPs,,IDP,SMART,,,19.4,,,,,,17.2,,,2.7,0.43,,,0.99,,,html/nutrition_2017_gu.html,,,False,,,,,,19.4,3.2,raw/hdx/fsnau-survey-results-2017-2020.xlsx pcol 15,https://fsnau.org/nutrition/?season=2017/gu,
Gu 2017,2017,Gu,,,Addun Pastoral,,rural,SMART,,,18.2,,,,,,13.5,,,1.7,0.38,,,1.16,,,html/nutrition_2017_gu.html,,,False,,,,,,18.2,3.6,raw/hdx/fsnau-survey-results-2017-2020.xlsx pcol 15,https://fsnau.org/nutrition/?season=2017/gu,
Gu 2017,2017,Gu,,,Bakool Pastoral,,rural,SMART,,,23.6,,,,,,4.3,,,3.1,0.43,,,0.86,,,html/nutrition_2017_gu.html,,,False,,,,,,23.6,6.5,raw/hdx/fsnau-survey-results-2017-2020.xlsx pcol 15,https://fsnau.org/nutrition/?season=2017/gu,
Gu 2017,2017,Gu,,,Bay Agropastoral,,rural,SMART,,,13.8,,,,,,12.4,,,2.9,1.18,,,1.72,,,html/nutrition_2017_gu.html,,,False,,,,,,13.8,4.3,raw/hdx/fsnau-survey-results-2017-2020.xlsx pcol 15,https://fsnau.org/nutrition/?season=2017/gu,
Gu 2017,2017,Gu,,,Coastal Deeh,,rural,SMART,,,17.4,,,,,,4.7,,,0.3,0.31,,,0.36,,,html/nutrition_2017_gu.html,,,False,,,,,,17.4,2.8,raw/hdx/fsnau-survey-results-2017-2020.xlsx pcol 15,https://fsnau.org/nutrition/?season=2017/gu,
Gu 2017,2017,Gu,,,East Golis,,rural,SMART,,,13.4,,,,,,7.6,,,2.9,1.27,,,2.28,,,html/nutrition_2017_gu.html,,,False,,,,,,13.4,2.6,raw/hdx/fsnau-survey-results-2017-2020.xlsx pcol 15,https://fsnau.org/nutrition/?season=2017/gu,
Gu 2017,2017,Gu,,,Galkacyo,,rural,SMART,,,21.6,,,,,,10.3,,,2.5,0.06,,,0.0,,,html/nutrition_2017_gu.html,,,False,,,,,,21.6,4.1,raw/hdx/fsnau-survey-results-2017-2020.xlsx pcol 15,https://fsnau.org/nutrition/?season=2017/gu,
Gu 2017,2017,Gu,,,Guban Pastoral,,rural,SMART,,,18.8,,,,,,5.0,,,1.6,0.92,,,0.79,,,html/nutrition_2017_gu.html,,,False,,,,,,18.8,3.1,raw/hdx/fsnau-survey-results-2017-2020.xlsx pcol 15,https://fsnau.org/nutrition/?season=2017/gu,
Gu 2017,2017,Gu,,,Hawd NW,,rural,SMART,,,13.2,,,,,,4.2,,,0.8,0.69,,,0.8,,,html/nutrition_2017_gu.html,,,False,,,,,,13.2,3.3,raw/hdx/fsnau-survey-results-2017-2020.xlsx pcol 15,https://fsnau.org/nutrition/?season=2017/gu,
Gu 2017,2017,Gu,,,NE Hawd Pastoral,,rural,SMART,,,21.8,,,,,,14.8,,,1.8,0.99,,,2.09,,,html/nutrition_2017_gu.html,,,False,,,,,,21.8,5.6,raw/hdx/fsnau-survey-results-2017-2020.xlsx pcol 15,https://fsnau.org/nutrition/?season=2017/gu,
Gu 2017,2017,Gu,,,NE Inland Pastoral,,rural,SMART,,,15.6,,,,,,7.6,,,0.2,0.21,,,0.37,,,html/nutrition_2017_gu.html,,,False,,,,,,15.6,2.0,raw/hdx/fsnau-survey-results-2017-2020.xlsx pcol 15,https://fsnau.org/nutrition/?season=2017/gu,
Gu 2017,2017,Gu,,,NW Agropastoral,,rural,SMART,,,13.0,,,,,,1.4,,,0.3,0.81,,,0.63,,,html/nutrition_2017_gu.html,,,False,,,,,,13.0,3.2,raw/hdx/fsnau-survey-results-2017-2020.xlsx pcol 15,https://fsnau.org/nutrition/?season=2017/gu,
Gu 2017,2017,Gu,,,NW Inland Pastoral,,rural,SMART,,,20.8,,,,,,10.7,,,3.5,0.62,,,0.95,,,html/nutrition_2017_gu.html,,,False,,,,,,20.8,4.7,raw/hdx/fsnau-survey-results-2017-2020.xlsx pcol 15,https://fsnau.org/nutrition/?season=2017/gu,
Gu 2017,2017,Gu,,,North Gedo Pastoral,,rural,SMART,,,17.5,,,,,,5.0,,,0.7,0.37,,,1.28,,,html/nutrition_2017_gu.html,,,False,,,,,,17.5,3.2,raw/hdx/fsnau-survey-results-2017-2020.xlsx pcol 15,https://fsnau.org/nutrition/?season=2017/gu,
Gu 2017,2017,Gu,,,North Gedo Riverine,,rural,SMART,,,15.7,,,,,,6.1,,,0.5,0.28,,,0.88,,,html/nutrition_2017_gu.html,,,False,,,,,,15.7,1.8,raw/hdx/fsnau-survey-results-2017-2020.xlsx pcol 15,https://fsnau.org/nutrition/?season=2017/gu,
Gu 2017,2017,Gu,,,Shabelle Agro pastoral,,rural,SMART,,,15.3,,,,,,6.3,,,0.5,0.3,,,0.78,,,html/nutrition_2017_gu.html,,,False,,,,,,15.3,3.7,raw/hdx/fsnau-survey-results-2017-2020.xlsx pcol 15,https://fsnau.org/nutrition/?season=2017/gu,
Gu 2017,2017,Gu,,,Shabelle Riverine,,rural,SMART,,,13.1,,,,,,5.0,,,0.8,0.48,,,1.01,,,html/nutrition_2017_gu.html,,,False,,,,,,13.1,2.7,raw/hdx/fsnau-survey-results-2017-2020.xlsx pcol 15,https://fsnau.org/nutrition/?season=2017/gu,
Gu 2017,2017,Gu,,,West Golis Pastoral,,rural,SMART,,,10.4,,,,,,6.0,,,1.0,1.39,,,1.01,,,html/nutrition_2017_gu.html,,,False,,,,,,10.4,3.0,raw/hdx/fsnau-survey-results-2017-2020.xlsx pcol 15,https://fsnau.org/nutrition/?season=2017/gu,
Gu 2017,2017,Gu,,,Kismayu Urban,,urban,SMART,,,13.1,,,,,,7.8,,,2.1,0.45,,,0.5,,,html/nutrition_2017_gu.html,,,False,,,,,,13.1,2.3,raw/hdx/fsnau-survey-results-2017-2020.xlsx pcol 15,https://fsnau.org/nutrition/?season=2017/gu,
Gu 2017,2017,Gu,,,Mogadishu Town,,urban,SMART,,,13.8,,,,,,4.8,,,0.8,0.52,,,0.53,,,html/nutrition_2017_gu.html,,,False,,,,,,13.8,2.8,raw/hdx/fsnau-survey-results-2017-2020.xlsx pcol 15,https://fsnau.org/nutrition/?season=2017/gu,
Deyr 2017/18,2017,Deyr,,,Baidoa IDPs (Bay),Bay,IDP,SMART,,,15.1,,,3.5,,,9.8,,,1.7,0.58,,,1.01,,,html/nutrition_2017_deyr.html,,,False,,,,,,15.1,3.5,raw/Summary-of-Nutrition-Situation-for-Somalia-Deyr-2017-1.pdf p1,https://fsnau.org/nutrition/?season=2017/deyr,
Deyr 2017/18,2017,Deyr,,,Berbera IDPs (W. Galbeed),W. Galbeed,IDP,SMART,,,10.9,,,2.3,,,5.2,,,1.2,0.79,,,0.4,,,html/nutrition_2017_deyr.html,,,False,,,,,,10.9,2.3,raw/Summary-of-Nutrition-Situation-for-Somalia-Deyr-2017-1.pdf p1,https://fsnau.org/nutrition/?season=2017/deyr,
Deyr 2017/18,2017,Deyr,,,Bosasso IDPs (Bari),Bari,IDP,SMART,,,14.7,,,2.3,,,10.2,,,2.1,0.06,,,0.11,,,html/nutrition_2017_deyr.html,,,False,,,,,,14.7,2.3,raw/Summary-of-Nutrition-Situation-for-Somalia-Deyr-2017-1.pdf p1,https://fsnau.org/nutrition/?season=2017/deyr,
Deyr 2017/18,2017,Deyr,,,Burao IDPs (Toghdeer),Toghdeer,IDP,SMART,,,8.5,,,1.7,,,3.9,,,0.9,0.74,,,0.0,,,html/nutrition_2017_deyr.html,,,False,,,,,,8.5,1.7,raw/Summary-of-Nutrition-Situation-for-Somalia-Deyr-2017-1.pdf p1,https://fsnau.org/nutrition/?season=2017/deyr,
Deyr 2017/18,2017,Deyr,,,Dhusamareb IDPs (Galgadud),Galgadud,IDP,SMART,,,14.8,,,3.6,,,9.3,,,1.6,0.73,,,1.04,,,html/nutrition_2017_deyr.html,,,False,,,,,,14.8,3.6,raw/Summary-of-Nutrition-Situation-for-Somalia-Deyr-2017-1.pdf p1,https://fsnau.org/nutrition/?season=2017/deyr,
Deyr 2017/18,2017,Deyr,,,Dobley IDPs (L. Juba),L. Juba,IDP,SMART,,,13.3,,,1.8,,,8.2,,,1.6,0.41,,,0.83,,,html/nutrition_2017_deyr.html,,,False,,,,,,13.3,1.8,raw/Summary-of-Nutrition-Situation-for-Somalia-Deyr-2017-1.pdf p1,https://fsnau.org/nutrition/?season=2017/deyr,
Deyr 2017/18,2017,Deyr,,,Dolow IDPs (N Gedo),N Gedo,IDP,SMART,,,13.9,,,2.0,,,1.9,,,0.2,0.3,,,0.86,,,html/nutrition_2017_deyr.html,,,False,,,,,,13.9,2.0,raw/Summary-of-Nutrition-Situation-for-Somalia-Deyr-2017-1.pdf p1,https://fsnau.org/nutrition/?season=2017/deyr,
Deyr 2017/18,2017,Deyr,,,Galkacyo IDPs (Mudug),Mudug,IDP,SMART,,,21.8,,,4.8,,,11.5,,,1.9,0.21,,,0.4,,,html/nutrition_2017_deyr.html,,,False,,,,,,21.8,4.8,raw/Summary-of-Nutrition-Situation-for-Somalia-Deyr-2017-1.pdf p1,https://fsnau.org/nutrition/?season=2017/deyr,
Deyr 2017/18,2017,Deyr,,,Garowe IDPs (Nugaal),Nugaal,IDP,SMART,,,17.6,,,2.9,,,6.7,,,2.2,0.27,,,0.29,,,html/nutrition_2017_deyr.html,,,False,,,,,,17.6,2.9,raw/Summary-of-Nutrition-Situation-for-Somalia-Deyr-2017-1.pdf p1,https://fsnau.org/nutrition/?season=2017/deyr,
Deyr 2017/18,2017,Deyr,,,Hargeisa IDPs (W. Galbeed),W. Galbeed,IDP,SMART,,,8.6,,,1.7,,,3.2,,,0.7,0.62,,,0.6,,,html/nutrition_2017_deyr.html,,,False,,,,,,8.6,1.7,raw/Summary-of-Nutrition-Situation-for-Somalia-Deyr-2017-1.pdf p1,https://fsnau.org/nutrition/?season=2017/deyr,
Deyr 2017/18,2017,Deyr,,,Kismayu IDPs (L. Juba),L. Juba,IDP,SMART,,,13.5,,,3.6,,,7.3,,,1.8,0.32,,,0.72,,,html/nutrition_2017_deyr.html,,,False,,,,,,13.5,3.6,raw/Summary-of-Nutrition-Situation-for-Somalia-Deyr-2017-1.pdf p1,https://fsnau.org/nutrition/?season=2017/deyr,
Deyr 2017/18,2017,Deyr,,,Mogadishu IDPs (Banadir),Banadir,IDP,SMART,,,16.1,,,4.1,,,7.6,,,2.1,0.79,,,1.77,,,html/nutrition_2017_deyr.html,,,False,,,,,,16.1,4.1,raw/Summary-of-Nutrition-Situation-for-Somalia-Deyr-2017-1.pdf p1,https://fsnau.org/nutrition/?season=2017/deyr,
Deyr 2017/18,2017,Deyr,,,Qardho IDPs (Bari),Bari,IDP,SMART,,,21.9,,,2.7,,,22.0,,,1.6,0.34,,,1.06,,,html/nutrition_2017_deyr.html,,,False,,,,,,21.9,2.7,raw/Summary-of-Nutrition-Situation-for-Somalia-Deyr-2017-1.pdf p1,https://fsnau.org/nutrition/?season=2017/deyr,
Deyr 2017/18,2017,Deyr,,,Addun Pastoral,,rural,SMART,,,17.9,,,2.3,,,8.0,,,0.7,0.65,,,0.87,,,html/nutrition_2017_deyr.html,,,False,,,,,,17.9,2.3,raw/Summary-of-Nutrition-Situation-for-Somalia-Deyr-2017-1.pdf p1,https://fsnau.org/nutrition/?season=2017/deyr,
Deyr 2017/18,2017,Deyr,Dec 2017,Checchi et al. metadata (SOM_201712_LHZ_Bay_AgroPastAgropastoral),Bay Agropastoral,,rural,SMART,,,11.1,,,1.5,,,7.1,,,1.0,0.6,,,0.6,,,html/nutrition_2017_deyr.html,,,False,,,,,,11.1,1.5,raw/Summary-of-Nutrition-Situation-for-Somalia-Deyr-2017-1.pdf p1,https://fsnau.org/nutrition/?season=2017/deyr,
Deyr 2017/18,2017,Deyr,Dec 2017,Checchi et al. metadata (SOM_201712_LHZ_coastal_deeh),Coastal Deeh NE,,rural,SMART,,,13.8,,,1.6,,,1.8,,,0.2,0.13,,,0.15,,,html/nutrition_2017_deyr.html,,,False,,,,,,13.8,1.6,raw/Summary-of-Nutrition-Situation-for-Somalia-Deyr-2017-1.pdf p1,https://fsnau.org/nutrition/?season=2017/deyr,
Deyr 2017/18,2017,Deyr,Dec 2017,Checchi et al. metadata (SOM_201712_LHZ_east_golis),East Golis,,rural,SMART,,,10.3,,,1.3,,,4.7,,,1.5,0.2,,,0.0,,,html/nutrition_2017_deyr.html,,,False,,,,,,10.3,1.3,raw/Summary-of-Nutrition-Situation-for-Somalia-Deyr-2017-1.pdf p1,https://fsnau.org/nutrition/?season=2017/deyr,
Deyr 2017/18,2017,Deyr,,,Guban Pastoral,,rural,SMART,,,6.6,,,0.5,,,5.0,,,0.8,0.99,,,0.44,,,html/nutrition_2017_deyr.html,,,False,,,,,,6.6,0.5,raw/Summary-of-Nutrition-Situation-for-Somalia-Deyr-2017-1.pdf p1,https://fsnau.org/nutrition/?season=2017/deyr,
Deyr 2017/18,2017,Deyr,,,Hawd Pastoral NE,,rural,SMART,,,14.5,,,2.8,,,12.6,,,1.8,0.51,,,0.45,,,html/nutrition_2017_deyr.html,,,False,,,,,,14.5,2.8,raw/Summary-of-Nutrition-Situation-for-Somalia-Deyr-2017-1.pdf p1,https://fsnau.org/nutrition/?season=2017/deyr,
Deyr 2017/18,2017,Deyr,Dec 2017,Checchi et al. metadata (SOM_201712_LHZ_NW_Hawd),Hawd Pastoral NW,,rural,SMART,,,6.8,,,1.4,,,3.7,,,0.7,0.62,,,0.63,,,html/nutrition_2017_deyr.html,,,False,,,,,,6.8,1.4,raw/Summary-of-Nutrition-Situation-for-Somalia-Deyr-2017-1.pdf p1,https://fsnau.org/nutrition/?season=2017/deyr,
Deyr 2017/18,2017,Deyr,Dec 2017,Checchi et al. metadata (SOM_201712_LHZ_NW_AgroPastAgropastoral),NW Agropastoral,,rural,SMART,,,8.8,,,1.7,,,0.9,,,0.0,0.69,,,0.44,,,html/nutrition_2017_deyr.html,,,False,,,,,,8.8,1.7,raw/Summary-of-Nutrition-Situation-for-Somalia-Deyr-2017-1.pdf p1,https://fsnau.org/nutrition/?season=2017/deyr,
Deyr 2017/18,2017,Deyr,,,North Gedo Riverine,,rural,SMART,,,14.5,,,1.1,,,3.8,,,1.0,0.29,,,0.69,,,html/nutrition_2017_deyr.html,,,False,,,,,,14.5,1.1,raw/Summary-of-Nutrition-Situation-for-Somalia-Deyr-2017-1.pdf p1,https://fsnau.org/nutrition/?season=2017/deyr,
Deyr 2017/18,2017,Deyr,,,North Gedo pastoral,,rural,SMART,,,15.7,,,1.8,,,5.5,,,0.7,0.27,,,0.63,,,html/nutrition_2017_deyr.html,,,False,,,,,,15.7,1.8,raw/Summary-of-Nutrition-Situation-for-Somalia-Deyr-2017-1.pdf p1,https://fsnau.org/nutrition/?season=2017/deyr,
Deyr 2017/18,2017,Deyr,,,Northern Inland Pastoral NE,,rural,SMART,,,15.6,,,1.5,,,14.0,,,0.2,0.11,,,0.0,,,html/nutrition_2017_deyr.html,,,False,,,,,,15.6,1.5,raw/Summary-of-Nutrition-Situation-for-Somalia-Deyr-2017-1.pdf p1,https://fsnau.org/nutrition/?season=2017/deyr,
Deyr 2017/18,2017,Deyr,,,Northern Inland Pastoral NW,,rural,SMART,,,14.1,,,3.1,,,5.5,,,1.3,0.47,,,1.33,,,html/nutrition_2017_deyr.html,,,False,,,,,,14.1,3.1,raw/Summary-of-Nutrition-Situation-for-Somalia-Deyr-2017-1.pdf p1,https://fsnau.org/nutrition/?season=2017/deyr,
Deyr 2017/18,2017,Deyr,Dec 2017,Checchi et al. metadata (SOM_201712_LHZ_ShabelleAgropastoral),Shabelle Agro pastoral,,rural,SMART,,,13.8,,,3.3,,,6.9,,,0.8,0.4,,,0.61,,,html/nutrition_2017_deyr.html,,,False,,,,,,13.8,3.3,raw/Summary-of-Nutrition-Situation-for-Somalia-Deyr-2017-1.pdf p1,https://fsnau.org/nutrition/?season=2017/deyr,
Deyr 2017/18,2017,Deyr,Dec 2017,Checchi et al. metadata (SOM_201712_LHZ_Shabelle_Riverriverine),Shabelle Riverine,,rural,SMART,,,13.2,,,2.9,,,7.0,,,0.6,0.58,,,0.57,,,html/nutrition_2017_deyr.html,,,False,,,,,,13.2,2.9,raw/Summary-of-Nutrition-Situation-for-Somalia-Deyr-2017-1.pdf p1,https://fsnau.org/nutrition/?season=2017/deyr,
Deyr 2017/18,2017,Deyr,Dec 2017,Checchi et al. metadata (SOM_201712_LHZ_West_Golis),West Golis Pastoral,,rural,SMART,,,6.3,,,0.6,,,3.7,,,0.1,0.98,,,0.92,,,html/nutrition_2017_deyr.html,,,False,,,,,,6.3,0.6,raw/Summary-of-Nutrition-Situation-for-Somalia-Deyr-2017-1.pdf p1,https://fsnau.org/nutrition/?season=2017/deyr,
Deyr 2017/18,2017,Deyr,,,Kismayu Urban (L. Juba),L. Juba,urban,SMART,,,8.8,,,1.2,,,4.7,,,0.5,0.36,,,0.62,,,html/nutrition_2017_deyr.html,,,False,,,,,,8.8,1.2,raw/Summary-of-Nutrition-Situation-for-Somalia-Deyr-2017-1.pdf p1,https://fsnau.org/nutrition/?season=2017/deyr,
Deyr 2017/18,2017,Deyr,,,Mogadishu urban (Banadir),Banadir,urban,SMART,,,11.2,,,1.3,,,2.9,,,0.4,0.26,,,0.25,,,html/nutrition_2017_deyr.html,,,False,,,,,,11.2,1.3,raw/Summary-of-Nutrition-Situation-for-Somalia-Deyr-2017-1.pdf p1,https://fsnau.org/nutrition/?season=2017/deyr,
Gu 2018,2018,Gu,,,Baidoa IDPs (Bay),Bay,IDP,SMART,,,17.7,,,3.6,,,13.6,,,2.5,0.58,,,0.75,,,html/nutrition_2018_gu.html,,,False,,,,,,17.7,3.6,raw/Summary-of-Nutrition-Situation-for-Somalia-Gu-2018.pdf p1,https://fsnau.org/nutrition/?season=2018/gu,
Gu 2018,2018,Gu,,,Berbera IDPs (W. Galbeed),W. Galbeed,IDP,SMART,,,8.7,,,1.7,,,3.3,,,0.8,1.06,,,0.46,,,html/nutrition_2018_gu.html,,,False,,,,,,8.7,1.7,raw/Summary-of-Nutrition-Situation-for-Somalia-Gu-2018.pdf p1,https://fsnau.org/nutrition/?season=2018/gu,
Gu 2018,2018,Gu,Jun 2018,Checchi et al. metadata (SOM_201806_admin2_BossasoIDP),Bosasso IDPs (Bari),Bari,IDP,SMART,,,17.1,,,3.3,,,13.0,,,1.7,0.0,,,0.0,,,html/nutrition_2018_gu.html,,,False,,,,,,17.1,3.3,raw/Summary-of-Nutrition-Situation-for-Somalia-Gu-2018.pdf p1,https://fsnau.org/nutrition/?season=2018/gu,
Gu 2018,2018,Gu,,,Burao IDPs (Toghdeer),Toghdeer,IDP,SMART,,,6.3,,,0.5,,,1.7,,,0.2,0.92,,,0.85,,,html/nutrition_2018_gu.html,,,False,,,,,,6.3,0.5,raw/Summary-of-Nutrition-Situation-for-Somalia-Gu-2018.pdf p1,https://fsnau.org/nutrition/?season=2018/gu,
Gu 2018,2018,Gu,,,Dhusamareb IDPs (Galgadud),Galgadud,IDP,SMART,,,14.0,,,1.6,,,4.1,,,1.7,0.93,,,1.27,,,html/nutrition_2018_gu.html,,,False,,,,,,14.0,1.6,raw/Summary-of-Nutrition-Situation-for-Somalia-Gu-2018.pdf p1,https://fsnau.org/nutrition/?season=2018/gu,
Gu 2018,2018,Gu,,,Dobley IDPs (L. Juba),L. Juba,IDP,SMART,,,12.1,,,2.6,,,10.2,,,1.6,0.77,,,1.16,,,html/nutrition_2018_gu.html,,,False,,,,,,12.1,2.6,raw/Summary-of-Nutrition-Situation-for-Somalia-Gu-2018.pdf p1,https://fsnau.org/nutrition/?season=2018/gu,
Gu 2018,2018,Gu,,,Dolow IDPs (N Gedo),N Gedo,IDP,SMART,,,18.3,,,2.8,,,9.4,,,1.9,0.3,,,0.77,,,html/nutrition_2018_gu.html,,,False,,,,,,18.3,2.8,raw/Summary-of-Nutrition-Situation-for-Somalia-Gu-2018.pdf p1,https://fsnau.org/nutrition/?season=2018/gu,
Gu 2018,2018,Gu,,,Galkacyo IDPs (Mudug),Mudug,IDP,SMART,,,16.6,,,3.4,,,10.6,,,1.4,0.2,,,0.25,,,html/nutrition_2018_gu.html,,,False,,,,,,16.6,3.4,raw/Summary-of-Nutrition-Situation-for-Somalia-Gu-2018.pdf p1,https://fsnau.org/nutrition/?season=2018/gu,
Gu 2018,2018,Gu,,,Garowe IDPs (Nugaal),Nugaal,IDP,SMART,,,16.7,,,2.5,,,7.0,,,1.9,0.5,,,0.98,,,html/nutrition_2018_gu.html,,,False,,,,,,16.7,2.5,raw/Summary-of-Nutrition-Situation-for-Somalia-Gu-2018.pdf p1,https://fsnau.org/nutrition/?season=2018/gu,
Gu 2018,2018,Gu,,,Hargeisa IDPs (W. Galbeed),W. Galbeed,IDP,SMART,,,9.8,,,1.8,,,5.0,,,0.9,0.64,,,0.5,,,html/nutrition_2018_gu.html,,,False,,,,,,9.8,1.8,raw/Summary-of-Nutrition-Situation-for-Somalia-Gu-2018.pdf p1,https://fsnau.org/nutrition/?season=2018/gu,
Gu 2018,2018,Gu,,,Kismayu IDPs (L. Juba),L. Juba,IDP,SMART,,,14.4,,,2.6,,,11.7,,,2.4,0.66,,,1.48,,,html/nutrition_2018_gu.html,,,False,,,,,,14.4,2.6,raw/Summary-of-Nutrition-Situation-for-Somalia-Gu-2018.pdf p1,https://fsnau.org/nutrition/?season=2018/gu,
Gu 2018,2018,Gu,May-Jun 2018,Checchi et al. metadata (SOM_201806_admin2_MogadishuIDP),Mogadishu IDPs (Banadir),Banadir,IDP,SMART,,,16.7,,,4.1,,,8.8,,,1.5,1.06,,,2.56,,,html/nutrition_2018_gu.html,,,False,,,,,,16.7,4.1,raw/Summary-of-Nutrition-Situation-for-Somalia-Gu-2018.pdf p1,https://fsnau.org/nutrition/?season=2018/gu,
Gu 2018,2018,Gu,Jun 2018,Checchi et al. metadata (SOM_201806_admin2_qardhoIDP),Qardho IDPs (Bari),Bari,IDP,SMART,,,20.7,,,1.6,,,26.5,,,1.1,0.3,,,0.58,,,html/nutrition_2018_gu.html,,,False,,,,,,20.7,1.6,raw/Summary-of-Nutrition-Situation-for-Somalia-Gu-2018.pdf p1,https://fsnau.org/nutrition/?season=2018/gu,
Gu 2018,2018,Gu,,,Addun Pastoral,,rural,SMART,,,11.2,,,1.5,,,5.3,,,0.7,0.23,,,0.32,,,html/nutrition_2018_gu.html,,,False,,,,,,11.2,1.5,raw/Summary-of-Nutrition-Situation-for-Somalia-Gu-2018.pdf p1,https://fsnau.org/nutrition/?season=2018/gu,portal SAM 3.6 replaced by published table value
Gu 2018,2018,Gu,,,Bakool Pastoral,,rural,SMART,,,10.1,,,0.6,,,4.3,,,0.2,0.48,,,0.77,,,html/nutrition_2018_gu.html,,,False,,,,,,10.1,0.6,raw/Summary-of-Nutrition-Situation-for-Somalia-Gu-2018.pdf p1,https://fsnau.org/nutrition/?season=2018/gu,portal SAM 6.5 replaced by published table value
Gu 2018,2018,Gu,Jul 2018,Checchi et al. metadata (SOM_201806_LHZ_Bay_Agropastoral),Bay Agropastoral,,rural,SMART,,,13.1,,,2.3,,,10.1,,,0.9,0.47,,,0.57,,,html/nutrition_2018_gu.html,,,False,,,,,,13.1,2.3,raw/Summary-of-Nutrition-Situation-for-Somalia-Gu-2018.pdf p1,https://fsnau.org/nutrition/?season=2018/gu,portal SAM 4.3 replaced by published table value
Gu 2018,2018,Gu,,,Beletwein District (Riverine),,rural,SMART,,,15.7,,,3.3,,,6.5,,,1.4,0.59,,,1.68,,,html/nutrition_2018_gu.html,,,False,,,,,,15.7,3.3,raw/Summary-of-Nutrition-Situation-for-Somalia-Gu-2018.pdf p1,https://fsnau.org/nutrition/?season=2018/gu,
Gu 2018,2018,Gu,Jul 2018,Checchi et al. metadata (SOM_201806_LHZ_coastal_deeh),Coastal Deeh NE,,rural,SMART,,,9.8,,,2.1,,,4.6,,,0.7,0.04,,,0.0,,,html/nutrition_2018_gu.html,,,False,,,,,,9.8,2.1,raw/Summary-of-Nutrition-Situation-for-Somalia-Gu-2018.pdf p1,https://fsnau.org/nutrition/?season=2018/gu,
Gu 2018,2018,Gu,Jul 2018,Checchi et al. metadata (SOM_201806_LHZ_east_golis),East Golis,,rural,SMART,,,11.7,,,2.1,,,9.4,,,1.7,0.3,,,0.29,,,html/nutrition_2018_gu.html,,,False,,,,,,11.7,2.1,raw/Summary-of-Nutrition-Situation-for-Somalia-Gu-2018.pdf p1,https://fsnau.org/nutrition/?season=2018/gu,portal SAM 2.6 replaced by published table value
Gu 2018,2018,Gu,,,Guban Pastoral,,rural,SMART,,,15.6,,,4.7,,,5.2,,,1.2,1.5,,,0.84,,,html/nutrition_2018_gu.html,,,False,,,,,,15.6,4.7,raw/Summary-of-Nutrition-Situation-for-Somalia-Gu-2018.pdf p1,https://fsnau.org/nutrition/?season=2018/gu,
Gu 2018,2018,Gu,Jul 2018,Checchi et al. metadata (SOM_201806_LHZ_NE_hawd),Hawd Pastoral NE,,rural,SMART,,,16.0,,,3.5,,,9.4,,,1.2,0.44,,,0.67,,,html/nutrition_2018_gu.html,,,False,,,,,,16.0,3.5,raw/Summary-of-Nutrition-Situation-for-Somalia-Gu-2018.pdf p1,https://fsnau.org/nutrition/?season=2018/gu,
Gu 2018,2018,Gu,Jul 2018,Checchi et al. metadata (SOM_201806_LHZ_NW_Hawd),Hawd Pastoral NW,,rural,SMART,,,7.4,,,1.1,,,1.9,,,0.1,0.08,,,0.0,,,html/nutrition_2018_gu.html,,,False,,,,,,7.4,1.1,raw/Summary-of-Nutrition-Situation-for-Somalia-Gu-2018.pdf p1,https://fsnau.org/nutrition/?season=2018/gu,
Gu 2018,2018,Gu,,,Juba Cattle Pastoral,,rural,MUAC rapid,,,,,,,,,7.8,,,0.7,,,,,,,html/nutrition_2018_gu.html,,,False,,,,,,,,,https://fsnau.org/nutrition/?season=2018/gu,
Gu 2018,2018,Gu,Jul 2018,Checchi et al. metadata (SOM_201806_LHZ_NW_AgroPastAgropastoral),NW Agropastoral,,rural,SMART,,,8.6,,,1.1,,,2.2,,,0.3,0.5,,,0.58,,,html/nutrition_2018_gu.html,,,False,,,,,,8.6,1.1,raw/Summary-of-Nutrition-Situation-for-Somalia-Gu-2018.pdf p1,https://fsnau.org/nutrition/?season=2018/gu,portal SAM 3.2 replaced by published table value
Gu 2018,2018,Gu,,,North Gedo Pastoral,,rural,SMART,,,14.1,,,1.8,,,4.2,,,0.3,0.28,,,0.73,,,html/nutrition_2018_gu.html,,,False,,,,,,14.1,1.8,raw/Summary-of-Nutrition-Situation-for-Somalia-Gu-2018.pdf p1,https://fsnau.org/nutrition/?season=2018/gu,portal SAM 3.2 replaced by published table value
Gu 2018,2018,Gu,,,North Gedo Riverine,,rural,SMART,,,18.3,,,2.5,,,6.0,,,0.3,0.27,,,0.65,,,html/nutrition_2018_gu.html,,,False,,,,,,18.3,2.5,raw/Summary-of-Nutrition-Situation-for-Somalia-Gu-2018.pdf p1,https://fsnau.org/nutrition/?season=2018/gu,
Gu 2018,2018,Gu,,,Northern Inland Pastoral NE,,rural,SMART,,,15.5,,,2.0,,,13.4,,,0.0,0.04,,,0.0,,,html/nutrition_2018_gu.html,,,False,,,,,,15.5,2.0,raw/Summary-of-Nutrition-Situation-for-Somalia-Gu-2018.pdf p1,https://fsnau.org/nutrition/?season=2018/gu,
Gu 2018,2018,Gu,,,Northern Inland Pastoral NW,,rural,SMART,,,8.7,,,1.7,,,4.1,,,0.6,0.36,,,0.28,,,html/nutrition_2018_gu.html,,,False,,,,,,8.7,1.7,raw/Summary-of-Nutrition-Situation-for-Somalia-Gu-2018.pdf p1,https://fsnau.org/nutrition/?season=2018/gu,
Gu 2018,2018,Gu,,,Shabelle Agro pastoral,,rural,SMART,,,12.4,,,2.2,,,5.9,,,0.9,0.52,,,1.25,,,html/nutrition_2018_gu.html,,,False,,,,,,12.4,2.2,raw/Summary-of-Nutrition-Situation-for-Somalia-Gu-2018.pdf p1,https://fsnau.org/nutrition/?season=2018/gu,portal SAM 3.7 replaced by published table value
Gu 2018,2018,Gu,,,Shabelle Riverine,,rural,SMART,,,14.5,,,2.9,,,6.4,,,1.4,0.46,,,1.13,,,html/nutrition_2018_gu.html,,,False,,,,,,14.5,2.9,raw/Summary-of-Nutrition-Situation-for-Somalia-Gu-2018.pdf p1,https://fsnau.org/nutrition/?season=2018/gu,
Gu 2018,2018,Gu,,,South Gedo Agro-Pastoral,,rural,MUAC rapid,,,,,,,,,10.7,,,1.7,,,,,,,html/nutrition_2018_gu.html,,,False,,,,,,,,,https://fsnau.org/nutrition/?season=2018/gu,
Gu 2018,2018,Gu,,,South Gedo Pastoral,,rural,MUAC rapid,,,,,,,,,8.2,,,1.5,,,,,,,html/nutrition_2018_gu.html,,,False,,,,,,,,,https://fsnau.org/nutrition/?season=2018/gu,
Gu 2018,2018,Gu,,,South Gedo Riverine,,rural,MUAC rapid,,,,,,,,,13.6,,,1.5,,,,,,,html/nutrition_2018_gu.html,,,False,,,,,,13.6,1.5,raw/Summary-of-Nutrition-Situation-for-Somalia-Gu-2018.pdf p1,https://fsnau.org/nutrition/?season=2018/gu,
Gu 2018,2018,Gu,Jul 2018,Checchi et al. metadata (SOM_201806_LHZ_West_Golis),West Golis Pastoral,,rural,SMART,,,9.7,,,1.1,,,2.1,,,0.3,0.85,,,0.15,,,html/nutrition_2018_gu.html,,,False,,,,,,9.7,1.1,raw/Summary-of-Nutrition-Situation-for-Somalia-Gu-2018.pdf p1,https://fsnau.org/nutrition/?season=2018/gu,portal SAM 3.0 replaced by published table value
Gu 2018,2018,Gu,Jul 2018,Checchi et al. metadata (SOM_201806_admin2_Belet_Weyneurban),Beletwein Urban,,urban,SMART,,,14.3,,,1.6,,,9.1,,,2.2,0.15,,,0.48,,,html/nutrition_2018_gu.html,,,False,,,,,,14.3,1.6,raw/Summary-of-Nutrition-Situation-for-Somalia-Gu-2018.pdf p1,https://fsnau.org/nutrition/?season=2018/gu,
Gu 2018,2018,Gu,,,Kismayu Urban (L. Juba),L. Juba,urban,SMART,,,11.4,,,3.5,,,7.8,,,1.6,0.36,,,0.75,,,html/nutrition_2018_gu.html,,,False,,,,,,11.4,3.5,raw/Summary-of-Nutrition-Situation-for-Somalia-Gu-2018.pdf p1,https://fsnau.org/nutrition/?season=2018/gu,
Gu 2018,2018,Gu,Jun 2018,Checchi et al. metadata (SOM_201806_admin2_Mogadishuurban),Mogadishu urban (Banadir),Banadir,urban,SMART,,,13.6,,,2.6,,,6.0,,,1.5,0.25,,,0.34,,,html/nutrition_2018_gu.html,,,False,,,,,,13.6,2.6,raw/Summary-of-Nutrition-Situation-for-Somalia-Gu-2018.pdf p1,https://fsnau.org/nutrition/?season=2018/gu,
Deyr 2018/19,2018,Deyr,Nov 2018,Checchi et al. metadata (SOM_201811_admin2_BaydhabaIDP),Baidoa IDPs,,IDP,SMART,,,12.7,,,2.2,,,8.5,,,1.0,0.38,,,0.68,,,html/nutrition_2018_deyr.html,,,False,,,,,,12.7,2.2,raw/2018-Deyr-Nutrition-Summary-Results.pdf p1,https://fsnau.org/nutrition/?season=2018/deyr,
Deyr 2018/19,2018,Deyr,Nov 2018,Checchi et al. metadata (SOM_201811_admin2_BerberaIDP),Berbera IDPs,,IDP,SMART,,,8.7,,,1.9,,,3.6,,,0.5,0.8,,,0.93,,,html/nutrition_2018_deyr.html,,,False,,,,,,8.7,1.9,raw/2018-Deyr-Nutrition-Summary-Results.pdf p1,https://fsnau.org/nutrition/?season=2018/deyr,
Deyr 2018/19,2018,Deyr,Nov 2018,Checchi et al. metadata (SOM_201811_admin2_BossasoIDP),Bossaso IDPs,,IDP,SMART,,,11.9,,,1.6,,,10.5,,,0.9,0.55,,,0.71,,,html/nutrition_2018_deyr.html,,,False,,,,,,11.9,1.6,raw/2018-Deyr-Nutrition-Summary-Results.pdf p1,https://fsnau.org/nutrition/?season=2018/deyr,
Deyr 2018/19,2018,Deyr,,,Burao IDPs,,IDP,SMART,,,4.9,,,0.4,,,2.8,,,0.3,0.14,,,0.32,,,html/nutrition_2018_deyr.html,,,False,,,,,,4.9,0.4,raw/2018-Deyr-Nutrition-Summary-Results.pdf p1,https://fsnau.org/nutrition/?season=2018/deyr,
Deyr 2018/19,2018,Deyr,,,Dhusamareeb IDPs,,IDP,SMART,,,9.4,,,3.0,,,2.6,,,0.9,0.47,,,1.17,,,html/nutrition_2018_deyr.html,,,False,,,,,,9.4,3.0,raw/2018-Deyr-Nutrition-Summary-Results.pdf p1,https://fsnau.org/nutrition/?season=2018/deyr,
Deyr 2018/19,2018,Deyr,,,Dobley IDPs,,IDP,SMART,,,11.5,,,1.1,,,9.0,,,1.5,0.74,,,1.22,,,html/nutrition_2018_deyr.html,,,False,,,,,,11.5,1.1,raw/2018-Deyr-Nutrition-Summary-Results.pdf p1,https://fsnau.org/nutrition/?season=2018/deyr,
Deyr 2018/19,2018,Deyr,,,Dolow IDPs,,IDP,SMART,,,12.8,,,2.0,,,5.2,,,0.7,0.44,,,1.03,,,html/nutrition_2018_deyr.html,,,False,,,,,,12.8,2.0,raw/2018-Deyr-Nutrition-Summary-Results.pdf p1,https://fsnau.org/nutrition/?season=2018/deyr,
Deyr 2018/19,2018,Deyr,,,Galkacyo IDPs,,IDP,SMART,,,14.7,,,2.8,,,9.4,,,2.0,0.5,,,0.62,,,html/nutrition_2018_deyr.html,,,False,,,,,,14.7,2.8,raw/2018-Deyr-Nutrition-Summary-Results.pdf p1,https://fsnau.org/nutrition/?season=2018/deyr,
Deyr 2018/19,2018,Deyr,,,Garowe IDPs,,IDP,SMART,,,14.5,,,2.4,,,7.2,,,0.8,0.39,,,0.31,,,html/nutrition_2018_deyr.html,,,False,,,,,,14.5,2.4,raw/2018-Deyr-Nutrition-Summary-Results.pdf p1,https://fsnau.org/nutrition/?season=2018/deyr,
Deyr 2018/19,2018,Deyr,Nov 2018,Checchi et al. metadata (SOM_201811_admin2_HargeysaIDP),Hargeisa IDPs,,IDP,SMART,,,7.7,,,1.0,,,1.3,,,0.3,0.55,,,0.17,,,html/nutrition_2018_deyr.html,,,False,,,,,,7.7,1.0,raw/2018-Deyr-Nutrition-Summary-Results.pdf p1,https://fsnau.org/nutrition/?season=2018/deyr,
Deyr 2018/19,2018,Deyr,,,Kismayo IDPs,,IDP,SMART,,,6.6,,,1.1,,,7.2,,,1.3,0.21,,,0.73,,,html/nutrition_2018_deyr.html,,,False,,,,,,6.6,1.1,raw/2018-Deyr-Nutrition-Summary-Results.pdf p1,https://fsnau.org/nutrition/?season=2018/deyr,
Deyr 2018/19,2018,Deyr,,,Lasanood IDPs,,IDP,SMART,,,10.5,,,2.1,,,3.8,,,1.3,0.63,,,0.18,,,html/nutrition_2018_deyr.html,,,False,,,,,,10.5,2.1,raw/2018-Deyr-Nutrition-Summary-Results.pdf p1,https://fsnau.org/nutrition/?season=2018/deyr,
Deyr 2018/19,2018,Deyr,,,Mogadishu IDPs,,IDP,SMART,,,15.2,,,2.8,,,6.3,,,0.6,0.74,,,1.21,,,html/nutrition_2018_deyr.html,,,False,,,,,,15.2,2.8,raw/2018-Deyr-Nutrition-Summary-Results.pdf p1,https://fsnau.org/nutrition/?season=2018/deyr,
Deyr 2018/19,2018,Deyr,,,Qardho IDPs,,IDP,SMART,,,20.4,,,2.9,,,19.5,,,2.6,0.57,,,1.53,,,html/nutrition_2018_deyr.html,,,False,,,,,,20.4,2.9,raw/2018-Deyr-Nutrition-Summary-Results.pdf p1,https://fsnau.org/nutrition/?season=2018/deyr,
Deyr 2018/19,2018,Deyr,,,Addun Pastoral,,rural,SMART,,,9.8,,,1.0,,,5.6,,,0.2,0.06,,,0.0,,,html/nutrition_2018_deyr.html,,,False,,,,,,9.8,1.0,raw/2018-Deyr-Nutrition-Summary-Results.pdf p1,https://fsnau.org/nutrition/?season=2018/deyr,
Deyr 2018/19,2018,Deyr,,,Bakool Pastora,,rural,SMART,,,20.3,,,6.1,,,17.0,,,1.7,0.26,,,0.75,,,html/nutrition_2018_deyr.html,,,False,,,,,,,,,https://fsnau.org/nutrition/?season=2018/deyr,
Deyr 2018/19,2018,Deyr,,,Bay Agropastoral,,rural,SMART,,,12.1,,,1.7,,,9.5,,,0.7,0.37,,,0.3,,,html/nutrition_2018_deyr.html,,,False,,,,,,12.1,1.7,raw/2018-Deyr-Nutrition-Summary-Results.pdf p1,https://fsnau.org/nutrition/?season=2018/deyr,
Deyr 2018/19,2018,Deyr,,,Beletwein District,,rural,SMART,,,14.9,,,2.3,,,7.1,,,0.4,0.19,,,0.55,,,html/nutrition_2018_deyr.html,,,False,,,,,,14.9,2.3,raw/2018-Deyr-Nutrition-Summary-Results.pdf p1,https://fsnau.org/nutrition/?season=2018/deyr,
Deyr 2018/19,2018,Deyr,,,Coastal Deeh NE,,rural,SMART,,,13.2,,,1.2,,,2.8,,,0.0,0.04,,,0.0,,,html/nutrition_2018_deyr.html,,,False,,,,,,13.2,1.2,raw/2018-Deyr-Nutrition-Summary-Results.pdf p1,https://fsnau.org/nutrition/?season=2018/deyr,
Deyr 2018/19,2018,Deyr,,,East Golis,,rural,SMART,,,17.7,,,2.8,,,8.8,,,1.9,0.22,,,0.24,,,html/nutrition_2018_deyr.html,,,False,,,,,,17.7,2.8,raw/2018-Deyr-Nutrition-Summary-Results.pdf p1,https://fsnau.org/nutrition/?season=2018/deyr,
Deyr 2018/19,2018,Deyr,,,Guban Pastoral,,rural,SMART,,,8.8,,,1.1,,,4.6,,,0.9,0.59,,,1.01,,,html/nutrition_2018_deyr.html,,,False,,,,,,8.8,1.1,raw/2018-Deyr-Nutrition-Summary-Results.pdf p1,https://fsnau.org/nutrition/?season=2018/deyr,
Deyr 2018/19,2018,Deyr,,,Hawd Pastoral NE,,rural,SMART,,,14.5,,,1.9,,,6.3,,,0.9,0.31,,,0.36,,,html/nutrition_2018_deyr.html,,,False,,,,,,14.5,1.9,raw/2018-Deyr-Nutrition-Summary-Results.pdf p1,https://fsnau.org/nutrition/?season=2018/deyr,
Deyr 2018/19,2018,Deyr,,,Juba Cattle Pastoral,,rural,MUAC rapid,,,,,,,,,6.2,,,0.6,,,,,,,html/nutrition_2018_deyr.html,,,False,,,,,,,,,https://fsnau.org/nutrition/?season=2018/deyr,
Deyr 2018/19,2018,Deyr,,,NW Agropastoral,,rural,SMART,,,5.8,,,0.7,,,1.2,,,0.0,0.69,,,0.14,,,html/nutrition_2018_deyr.html,,,False,,,,,,5.8,0.7,raw/2018-Deyr-Nutrition-Summary-Results.pdf p1,https://fsnau.org/nutrition/?season=2018/deyr,
Deyr 2018/19,2018,Deyr,,,NW Hawd Pastoral,,rural,SMART,,,7.1,,,1.2,,,1.4,,,0.0,1.02,,,0.53,,,html/nutrition_2018_deyr.html,,,False,,,,,,7.1,1.2,raw/2018-Deyr-Nutrition-Summary-Results.pdf p1,https://fsnau.org/nutrition/?season=2018/deyr,
Deyr 2018/19,2018,Deyr,,,North Gedo Riverine,,rural,SMART,,,13.6,,,2.9,,,5.7,,,1.0,0.18,,,0.41,,,html/nutrition_2018_deyr.html,,,False,,,,,,13.6,2.9,raw/2018-Deyr-Nutrition-Summary-Results.pdf p1,https://fsnau.org/nutrition/?season=2018/deyr,
Deyr 2018/19,2018,Deyr,,,North Gedo pastoral,,rural,SMART,,,14.3,,,1.9,,,5.0,,,0.8,0.28,,,0.54,,,html/nutrition_2018_deyr.html,,,False,,,,,,14.3,1.9,raw/2018-Deyr-Nutrition-Summary-Results.pdf p1,https://fsnau.org/nutrition/?season=2018/deyr,
Deyr 2018/19,2018,Deyr,,,Northern Inland Pastoral NE,,rural,SMART,,,11.0,,,1.1,,,6.8,,,0.1,0.19,,,0.12,,,html/nutrition_2018_deyr.html,,,False,,,,,,11.0,1.1,raw/2018-Deyr-Nutrition-Summary-Results.pdf p1,https://fsnau.org/nutrition/?season=2018/deyr,
Deyr 2018/19,2018,Deyr,,,Northern Inland Pastoral NW,,rural,SMART,,,16.5,,,3.0,,,5.3,,,1.2,0.72,,,0.27,,,html/nutrition_2018_deyr.html,,,False,,,,,,16.5,3.0,raw/2018-Deyr-Nutrition-Summary-Results.pdf p1,https://fsnau.org/nutrition/?season=2018/deyr,
Deyr 2018/19,2018,Deyr,,,Shabelle Agro pastoral,,rural,SMART,,,15.3,,,2.7,,,5.0,,,0.8,0.28,,,0.35,,,html/nutrition_2018_deyr.html,,,False,,,,,,15.3,2.7,raw/2018-Deyr-Nutrition-Summary-Results.pdf p1,https://fsnau.org/nutrition/?season=2018/deyr,
Deyr 2018/19,2018,Deyr,,,Shabelle Riverine,,rural,SMART,,,12.4,,,1.8,,,8.5,,,1.5,0.27,,,0.47,,,html/nutrition_2018_deyr.html,,,False,,,,,,12.4,1.8,raw/2018-Deyr-Nutrition-Summary-Results.pdf p1,https://fsnau.org/nutrition/?season=2018/deyr,
Deyr 2018/19,2018,Deyr,,,South Gedo Agro-Pastoral,,rural,MUAC rapid,,,,,,,,,8.9,,,1.4,,,,,,,html/nutrition_2018_deyr.html,,,False,,,,,,,,,https://fsnau.org/nutrition/?season=2018/deyr,
Deyr 2018/19,2018,Deyr,,,South Gedo Pastoral,,rural,MUAC rapid,,,,,,,,,10.1,,,0.9,,,,,,,html/nutrition_2018_deyr.html,,,False,,,,,,,,,https://fsnau.org/nutrition/?season=2018/deyr,
Deyr 2018/19,2018,Deyr,,,South Gedo Riverine,,rural,MUAC rapid,,,,,,,,,10.2,,,1.0,,,,,,,html/nutrition_2018_deyr.html,,,False,,,,,,,,,https://fsnau.org/nutrition/?season=2018/deyr,
Deyr 2018/19,2018,Deyr,,,West Golis Pastoral,,rural,SMART,,,8.9,,,1.3,,,5.2,,,0.3,1.04,,,0.26,,,html/nutrition_2018_deyr.html,,,False,,,,,,8.9,1.3,raw/2018-Deyr-Nutrition-Summary-Results.pdf p1,https://fsnau.org/nutrition/?season=2018/deyr,
Deyr 2018/19,2018,Deyr,,,Beletwein Urban,,urban,SMART,,,14.1,,,1.9,,,6.1,,,0.8,0.23,,,0.55,,,html/nutrition_2018_deyr.html,,,False,,,,,,14.1,1.9,raw/2018-Deyr-Nutrition-Summary-Results.pdf p1,https://fsnau.org/nutrition/?season=2018/deyr,
Deyr 2018/19,2018,Deyr,Nov 2018,Checchi et al. metadata (SOM_201811_admin2_Kismayo_urban),Kismayu Urban,,urban,SMART,,,10.8,,,1.3,,,2.7,,,0.4,0.61,,,1.79,,,html/nutrition_2018_deyr.html,,,False,,,,,,10.8,1.3,raw/2018-Deyr-Nutrition-Summary-Results.pdf p1,https://fsnau.org/nutrition/?season=2018/deyr,
Deyr 2018/19,2018,Deyr,,,Mogadishu Town,,urban,SMART,,,13.3,,,2.2,,,4.8,,,0.7,0.15,,,0.19,,,html/nutrition_2018_deyr.html,,,False,,,,,,13.3,2.2,raw/2018-Deyr-Nutrition-Summary-Results.pdf p1,https://fsnau.org/nutrition/?season=2018/deyr,
Gu 2019,2019,Gu,,,Baidoa IDPs (Bay),Bay,IDP,SMART,,,14.5,,,3.3,,,13.3,,,2.6,0.67,,,1.35,,,html/nutrition_2019_gu.html,,,False,,,,,,14.5,3.3,raw/Somalia-2019-Post-Gu-FSNAU-Nutrition-Survey-Summary-Results.pdf p1,https://fsnau.org/nutrition/?season=2019/gu,
Gu 2019,2019,Gu,,,Berbera IDPs (W. Galbeed),W. Galbeed,IDP,SMART,,,5.5,,,0.4,,,1.7,,,0.4,0.88,,,1.41,,,html/nutrition_2019_gu.html,,,False,,,,,,5.5,0.4,raw/Somalia-2019-Post-Gu-FSNAU-Nutrition-Survey-Summary-Results.pdf p1,https://fsnau.org/nutrition/?season=2019/gu,
Gu 2019,2019,Gu,,,Bosasso IDPs (Bari),Bari,IDP,SMART,,,14.2,,,3.0,,,8.8,,,1.4,0.2,,,0.47,,,html/nutrition_2019_gu.html,,,False,,,,,,14.2,3.0,raw/Somalia-2019-Post-Gu-FSNAU-Nutrition-Survey-Summary-Results.pdf p1,https://fsnau.org/nutrition/?season=2019/gu,
Gu 2019,2019,Gu,,,Burao IDPs (Toghdeer),Toghdeer,IDP,SMART,,,9.6,,,1.7,,,2.3,,,0.0,0.87,,,1.14,,,html/nutrition_2019_gu.html,,,False,,,,,,9.6,1.7,raw/Somalia-2019-Post-Gu-FSNAU-Nutrition-Survey-Summary-Results.pdf p1,https://fsnau.org/nutrition/?season=2019/gu,
Gu 2019,2019,Gu,,,Dhusamareb IDPs (Galgadud),Galgadud,IDP,SMART,,,8.3,,,0.9,,,7.4,,,0.4,0.04,,,0.18,,,html/nutrition_2019_gu.html,,,False,,,,,,8.3,0.9,raw/Somalia-2019-Post-Gu-FSNAU-Nutrition-Survey-Summary-Results.pdf p1,https://fsnau.org/nutrition/?season=2019/gu,
Gu 2019,2019,Gu,,,Dobley IDPs (L. Juba),L. Juba,IDP,SMART,,,14.4,,,2.7,,,12.5,,,2.3,0.34,,,0.68,,,html/nutrition_2019_gu.html,,,False,,,,,,14.4,2.7,raw/Somalia-2019-Post-Gu-FSNAU-Nutrition-Survey-Summary-Results.pdf p1,https://fsnau.org/nutrition/?season=2019/gu,
Gu 2019,2019,Gu,,,Dolow IDPs (N Gedo),N Gedo,IDP,SMART,,,18.6,,,3.4,,,9.8,,,1.1,0.36,,,0.96,,,html/nutrition_2019_gu.html,,,False,,,,,,18.6,3.4,raw/Somalia-2019-Post-Gu-FSNAU-Nutrition-Survey-Summary-Results.pdf p1,https://fsnau.org/nutrition/?season=2019/gu,
Gu 2019,2019,Gu,,,Galkacyo IDPs (Mudug),Mudug,IDP,SMART,,,20.2,,,3.8,,,7.8,,,1.4,0.1,,,0.09,,,html/nutrition_2019_gu.html,,,False,,,,,,20.2,3.8,raw/Somalia-2019-Post-Gu-FSNAU-Nutrition-Survey-Summary-Results.pdf p1,https://fsnau.org/nutrition/?season=2019/gu,
Gu 2019,2019,Gu,,,Garowe IDPs (Nugaal),Nugaal,IDP,SMART,,,9.4,,,1.3,,,9.3,,,2.0,0.3,,,0.34,,,html/nutrition_2019_gu.html,,,False,,,,,,9.4,1.3,raw/Somalia-2019-Post-Gu-FSNAU-Nutrition-Survey-Summary-Results.pdf p1,https://fsnau.org/nutrition/?season=2019/gu,
Gu 2019,2019,Gu,,,Hargeisa IDPs (W. Galbeed),W. Galbeed,IDP,SMART,,,11.6,,,1.8,,,2.3,,,0.9,0.46,,,0.43,,,html/nutrition_2019_gu.html,,,False,,,,,,11.6,1.8,raw/Somalia-2019-Post-Gu-FSNAU-Nutrition-Survey-Summary-Results.pdf p1,https://fsnau.org/nutrition/?season=2019/gu,
Gu 2019,2019,Gu,,,Kismayu IDPs (L. Juba),L. Juba,IDP,SMART,,,10.5,,,1.5,,,9.5,,,2.8,0.19,,,0.58,,,html/nutrition_2019_gu.html,,,False,,,,,,10.5,1.5,raw/Somalia-2019-Post-Gu-FSNAU-Nutrition-Survey-Summary-Results.pdf p1,https://fsnau.org/nutrition/?season=2019/gu,
Gu 2019,2019,Gu,,,Mogadishu IDPs (Banadir),Banadir,IDP,SMART,,,16.0,,,3.4,,,6.8,,,1.7,0.45,,,0.89,,,html/nutrition_2019_gu.html,,,False,,,,,,16.0,3.4,raw/Somalia-2019-Post-Gu-FSNAU-Nutrition-Survey-Summary-Results.pdf p1,https://fsnau.org/nutrition/?season=2019/gu,
Gu 2019,2019,Gu,,,Qardho IDPs (Bari),Bari,IDP,SMART,,,14.3,,,2.9,,,13.8,,,0.9,0.3,,,0.23,,,html/nutrition_2019_gu.html,,,False,,,,,,14.3,2.9,raw/Somalia-2019-Post-Gu-FSNAU-Nutrition-Survey-Summary-Results.pdf p1,https://fsnau.org/nutrition/?season=2019/gu,
Gu 2019,2019,Gu,,,Addun Pastoral,,rural,SMART,,,13.6,,,2.0,,,4.9,,,0.7,0.06,,,0.0,,,html/nutrition_2019_gu.html,,,False,,,,,,13.6,2.0,raw/Somalia-2019-Post-Gu-FSNAU-Nutrition-Survey-Summary-Results.pdf p1,https://fsnau.org/nutrition/?season=2019/gu,
Gu 2019,2019,Gu,,,Bay Agropastoral,,rural,SMART,,,12.6,,,2.5,,,12.2,,,1.7,0.35,,,0.37,,,html/nutrition_2019_gu.html,,,False,,,,,,12.6,2.5,raw/Somalia-2019-Post-Gu-FSNAU-Nutrition-Survey-Summary-Results.pdf p1,https://fsnau.org/nutrition/?season=2019/gu,
Gu 2019,2019,Gu,,,Beletwein District (Riverine),,rural,SMART,,,19.6,,,4.1,,,7.8,,,1.0,0.26,,,0.74,,,html/nutrition_2019_gu.html,,,False,,,,,,19.6,4.1,raw/Somalia-2019-Post-Gu-FSNAU-Nutrition-Survey-Summary-Results.pdf p1,https://fsnau.org/nutrition/?season=2019/gu,
Gu 2019,2019,Gu,,,Coastal Deeh NE,,rural,SMART,,,6.9,,,1.2,,,1.4,,,0.0,0.1,,,0.2,,,html/nutrition_2019_gu.html,,,False,,,,,,6.9,1.2,raw/Somalia-2019-Post-Gu-FSNAU-Nutrition-Survey-Summary-Results.pdf p1,https://fsnau.org/nutrition/?season=2019/gu,
Gu 2019,2019,Gu,,,East Golis,,rural,SMART,,,15.8,,,1.8,,,8.8,,,1.1,0.4,,,0.41,,,html/nutrition_2019_gu.html,,,False,,,,,,15.8,1.8,raw/Somalia-2019-Post-Gu-FSNAU-Nutrition-Survey-Summary-Results.pdf p1,https://fsnau.org/nutrition/?season=2019/gu,
Gu 2019,2019,Gu,,,Guban Pastoral,,rural,SMART,,,8.2,,,1.5,,,2.9,,,0.3,0.92,,,0.3,,,html/nutrition_2019_gu.html,,,False,,,,,,8.2,1.5,raw/Somalia-2019-Post-Gu-FSNAU-Nutrition-Survey-Summary-Results.pdf p1,https://fsnau.org/nutrition/?season=2019/gu,
Gu 2019,2019,Gu,,,Hawd Pastoral NE,,rural,SMART,,,17.4,,,3.2,,,6.9,,,1.1,0.3,,,0.12,,,html/nutrition_2019_gu.html,,,False,,,,,,17.4,3.2,raw/Somalia-2019-Post-Gu-FSNAU-Nutrition-Survey-Summary-Results.pdf p1,https://fsnau.org/nutrition/?season=2019/gu,
Gu 2019,2019,Gu,,,Hawd Pastoral NW,,rural,SMART,,,10.8,,,1.8,,,4.0,,,0.8,0.44,,,0.32,,,html/nutrition_2019_gu.html,,,False,,,,,,10.8,1.8,raw/Somalia-2019-Post-Gu-FSNAU-Nutrition-Survey-Summary-Results.pdf p1,https://fsnau.org/nutrition/?season=2019/gu,
Gu 2019,2019,Gu,,,Lasanood(Sool),Sool,rural,SMART,,,9.8,,,2.8,,,3.0,,,1.1,0.21,,,0.0,,,html/nutrition_2019_gu.html,,,False,,,,,,9.8,2.8,raw/Somalia-2019-Post-Gu-FSNAU-Nutrition-Survey-Summary-Results.pdf p1,https://fsnau.org/nutrition/?season=2019/gu,
Gu 2019,2019,Gu,,,NW Agropastoral,,rural,SMART,,,9.6,,,2.2,,,1.1,,,0.7,0.77,,,0.46,,,html/nutrition_2019_gu.html,,,False,,,,,,9.6,2.2,raw/Somalia-2019-Post-Gu-FSNAU-Nutrition-Survey-Summary-Results.pdf p1,https://fsnau.org/nutrition/?season=2019/gu,
Gu 2019,2019,Gu,,,North Gedo Riverine,,rural,SMART,,,17.9,,,2.7,,,8.0,,,0.9,0.5,,,0.71,,,html/nutrition_2019_gu.html,,,False,,,,,,17.9,2.7,raw/Somalia-2019-Post-Gu-FSNAU-Nutrition-Survey-Summary-Results.pdf p1,https://fsnau.org/nutrition/?season=2019/gu,
Gu 2019,2019,Gu,,,North Gedo pastoral,,rural,SMART,,,16.4,,,2.5,,,3.4,,,0.5,0.5,,,0.75,,,html/nutrition_2019_gu.html,,,False,,,,,,16.4,2.5,raw/Somalia-2019-Post-Gu-FSNAU-Nutrition-Survey-Summary-Results.pdf p1,https://fsnau.org/nutrition/?season=2019/gu,
Gu 2019,2019,Gu,,,Northern Inland Pastoral NE,,rural,SMART,,,13.8,,,1.1,,,9.1,,,0.6,0.2,,,0.13,,,html/nutrition_2019_gu.html,,,False,,,,,,,,,https://fsnau.org/nutrition/?season=2019/gu,
Gu 2019,2019,Gu,,,Northern Inland Pastoral NW,,rural,SMART,,,14.6,,,2.3,,,7.1,,,2.4,0.38,,,0.31,,,html/nutrition_2019_gu.html,,,False,,,,,,,,,https://fsnau.org/nutrition/?season=2019/gu,
Gu 2019,2019,Gu,,,Shabelle Agro pastoral,,rural,SMART,,,15.9,,,2.4,,,4.8,,,0.5,0.4,,,1.15,,,html/nutrition_2019_gu.html,,,False,,,,,,15.9,2.4,raw/Somalia-2019-Post-Gu-FSNAU-Nutrition-Survey-Summary-Results.pdf p1,https://fsnau.org/nutrition/?season=2019/gu,
Gu 2019,2019,Gu,,,Shabelle Riverine,,rural,SMART,,,13.2,,,2.2,,,7.1,,,0.5,0.36,,,0.9,,,html/nutrition_2019_gu.html,,,False,,,,,,13.2,2.2,raw/Somalia-2019-Post-Gu-FSNAU-Nutrition-Survey-Summary-Results.pdf p1,https://fsnau.org/nutrition/?season=2019/gu,
Gu 2019,2019,Gu,,,West Golis Pastoral,,rural,SMART,,,10.4,,,1.6,,,3.4,,,0.5,0.6,,,0.49,,,html/nutrition_2019_gu.html,,,False,,,,,,10.4,1.6,raw/Somalia-2019-Post-Gu-FSNAU-Nutrition-Survey-Summary-Results.pdf p1,https://fsnau.org/nutrition/?season=2019/gu,
Gu 2019,2019,Gu,,,Beletwein Urban,,urban,SMART,,,17.4,,,4.2,,,7.8,,,1.7,0.49,,,1.26,,,html/nutrition_2019_gu.html,,,False,,,,,,17.4,4.2,raw/Somalia-2019-Post-Gu-FSNAU-Nutrition-Survey-Summary-Results.pdf p1,https://fsnau.org/nutrition/?season=2019/gu,
Gu 2019,2019,Gu,,,Kismayu Urban (L. Juba),L. Juba,urban,SMART,,,11.7,,,1.1,,,4.6,,,1.1,0.47,,,0.61,,,html/nutrition_2019_gu.html,,,False,,,,,,11.7,1.1,raw/Somalia-2019-Post-Gu-FSNAU-Nutrition-Survey-Summary-Results.pdf p1,https://fsnau.org/nutrition/?season=2019/gu,
Gu 2019,2019,Gu,,,Mogadishu urban (Banadir),Banadir,urban,SMART,,,14.6,,,2.5,,,5.0,,,0.8,0.2,,,0.4,,,html/nutrition_2019_gu.html,,,False,,,,,,,,,https://fsnau.org/nutrition/?season=2019/gu,
Deyr 2019/20,2019,Deyr,,,Baidoa IDPs (Bay),Bay,IDP,SMART,,,15.8,,,2.2,,,12.4,,,2.5,0.23,,,0.37,,,html/nutrition_2019_deyr.html,,,False,,,,,,15.8,2.2,raw/hdx/2019-post-deyr-assessment-key-nutrition-results-february-2020.xlsx p,https://fsnau.org/nutrition/?season=2019/deyr,
Deyr 2019/20,2019,Deyr,,,Bosasso IDPs (Bari),Bari,IDP,SMART,,,16.5,,,2.7,,,13.5,,,1.9,0.11,,,0.14,,,html/nutrition_2019_deyr.html,,,False,,,,,,16.5,2.7,raw/hdx/fsnau-survey-results-2017-2020.xlsx pcol 5,https://fsnau.org/nutrition/?season=2019/deyr,
Deyr 2019/20,2019,Deyr,,,Burao IDPs (Toghdeer),Toghdeer,IDP,SMART,,,7.1,,,0.4,,,0.9,,,0.1,0.33,,,0.29,,,html/nutrition_2019_deyr.html,,,False,,,,,,7.1,0.4,raw/hdx/fsnau-survey-results-2017-2020.xlsx pcol 5,https://fsnau.org/nutrition/?season=2019/deyr,
Deyr 2019/20,2019,Deyr,,,Dhusamareb IDPs (Galgadud),Galgadud,IDP,SMART,,,13.1,,,2.0,,,5.3,,,1.0,0.3,,,0.92,,,html/nutrition_2019_deyr.html,,,False,,,,,,13.1,2.0,raw/hdx/fsnau-survey-results-2017-2020.xlsx pcol 5,https://fsnau.org/nutrition/?season=2019/deyr,
Deyr 2019/20,2019,Deyr,,,Dolow IDPs (N Gedo),N Gedo,IDP,SMART,,,14.3,,,3.1,,,5.2,,,0.7,0.3,,,0.82,,,html/nutrition_2019_deyr.html,,,False,,,,,,14.3,3.1,raw/hdx/fsnau-survey-results-2017-2020.xlsx pcol 5,https://fsnau.org/nutrition/?season=2019/deyr,
Deyr 2019/20,2019,Deyr,,,Galkacyo IDPs (Mudug),Mudug,IDP,SMART,,,16.8,,,3.3,,,11.6,,,1.9,0.29,,,0.67,,,html/nutrition_2019_deyr.html,,,False,,,,,,16.8,3.3,raw/hdx/fsnau-survey-results-2017-2020.xlsx pcol 5,https://fsnau.org/nutrition/?season=2019/deyr,
Deyr 2019/20,2019,Deyr,,,Garowe IDPs (Nugaal),Nugaal,IDP,SMART,,,12.0,,,1.4,,,3.8,,,0.8,0.4,,,0.77,,,html/nutrition_2019_deyr.html,,,False,,,,,,12.0,1.4,raw/hdx/2019-post-deyr-assessment-key-nutrition-results-february-2020.xlsx p,https://fsnau.org/nutrition/?season=2019/deyr,
Deyr 2019/20,2019,Deyr,,,Hargeisa IDPs (W. Galbeed),W. Galbeed,IDP,SMART,,,7.6,,,1.2,,,4.4,,,1.5,0.35,,,0.82,,,html/nutrition_2019_deyr.html,,,False,,,,,,7.6,1.2,raw/hdx/fsnau-survey-results-2017-2020.xlsx pcol 5,https://fsnau.org/nutrition/?season=2019/deyr,
Deyr 2019/20,2019,Deyr,,,Kismayu IDPs (L. Juba),L. Juba,IDP,SMART,,,11.8,,,1.8,,,9.3,,,3.5,0.29,,,1.01,,,html/nutrition_2019_deyr.html,,,False,,,,,,11.8,1.8,raw/hdx/2019-post-deyr-assessment-key-nutrition-results-february-2020.xlsx p,https://fsnau.org/nutrition/?season=2019/deyr,
Deyr 2019/20,2019,Deyr,,,Lasanood IDPs (Sool),Sool,IDP,SMART,,,12.2,,,1.6,,,2.0,,,0.8,0.13,,,0.0,,,html/nutrition_2019_deyr.html,,,False,,,,,,12.2,1.6,raw/hdx/fsnau-survey-results-2017-2020.xlsx pcol 5,https://fsnau.org/nutrition/?season=2019/deyr,
Deyr 2019/20,2019,Deyr,,,Mogadishu IDPs (Banadir),Banadir,IDP,SMART,,,16.8,,,3.6,,,8.3,,,1.8,0.66,,,1.33,,,html/nutrition_2019_deyr.html,,,False,,,,,,16.8,3.6,raw/hdx/fsnau-survey-results-2017-2020.xlsx pcol 5,https://fsnau.org/nutrition/?season=2019/deyr,
Deyr 2019/20,2019,Deyr,,,Addun Pastoral,,rural,SMART,,,11.4,,,1.5,,,9.3,,,1.3,0.1,,,0.2,,,html/nutrition_2019_deyr.html,,,False,,,,,,11.4,1.5,raw/hdx/fsnau-survey-results-2017-2020.xlsx pcol 5,https://fsnau.org/nutrition/?season=2019/deyr,
Deyr 2019/20,2019,Deyr,,,Bay Agropastoral,,rural,SMART,,,17.4,,,3.3,,,12.7,,,1.8,0.34,,,0.46,,,html/nutrition_2019_deyr.html,,,False,,,,,,17.4,3.3,raw/hdx/fsnau-survey-results-2017-2020.xlsx pcol 5,https://fsnau.org/nutrition/?season=2019/deyr,
Deyr 2019/20,2019,Deyr,,,Beletwein District (Riverine),,rural,SMART,,,15.3,,,2.8,,,6.3,,,0.3,0.1,,,0.27,,,html/nutrition_2019_deyr.html,,,False,,,,,,15.3,2.8,raw/hdx/fsnau-survey-results-2017-2020.xlsx pcol 5,https://fsnau.org/nutrition/?season=2019/deyr,
Deyr 2019/20,2019,Deyr,,,Coastal Deeh NE,,rural,SMART,,,5.3,,,0.4,,,2.2,,,0.0,0.0,,,0.0,,,html/nutrition_2019_deyr.html,,,False,,,,,,5.3,0.4,raw/hdx/fsnau-survey-results-2017-2020.xlsx pcol 5,https://fsnau.org/nutrition/?season=2019/deyr,
Deyr 2019/20,2019,Deyr,,,East Golis,,rural,SMART,,,14.3,,,2.9,,,9.1,,,1.2,0.4,,,0.1,,,html/nutrition_2019_deyr.html,,,False,,,,,,14.3,2.9,raw/hdx/fsnau-survey-results-2017-2020.xlsx pcol 5,https://fsnau.org/nutrition/?season=2019/deyr,
Deyr 2019/20,2019,Deyr,,,Elberde District,,rural,SMART,,,20.4,,,5.0,,,12.6,,,2.2,0.15,,,0.4,,,html/nutrition_2019_deyr.html,,,False,,,,,,20.4,5.0,raw/hdx/2019-post-deyr-assessment-key-nutrition-results-february-2020.xlsx p,https://fsnau.org/nutrition/?season=2019/deyr,
Deyr 2019/20,2019,Deyr,,,Guban Pastoral,,rural,SMART,,,11.3,,,1.1,,,2.5,,,0.3,0.66,,,0.22,,,html/nutrition_2019_deyr.html,,,False,,,,,,11.3,1.1,raw/hdx/fsnau-survey-results-2017-2020.xlsx pcol 5,https://fsnau.org/nutrition/?season=2019/deyr,
Deyr 2019/20,2019,Deyr,,,Hawd Pastoral NE,,rural,SMART,,,14.4,,,3.4,,,9.3,,,0.6,0.2,,,0.22,,,html/nutrition_2019_deyr.html,,,False,,,,,,14.4,3.4,raw/hdx/fsnau-survey-results-2017-2020.xlsx pcol 5,https://fsnau.org/nutrition/?season=2019/deyr,
Deyr 2019/20,2019,Deyr,,,Hawd Pastoral NW,,rural,SMART,,,6.8,,,0.9,,,2.1,,,0.3,0.23,,,0.11,,,html/nutrition_2019_deyr.html,,,False,,,,,,6.8,0.9,raw/hdx/fsnau-survey-results-2017-2020.xlsx pcol 5,https://fsnau.org/nutrition/?season=2019/deyr,
Deyr 2019/20,2019,Deyr,,,NW Agropastoral,,rural,SMART,,,12.2,,,1.8,,,1.3,,,0.1,0.37,,,0.11,,,html/nutrition_2019_deyr.html,,,False,,,,,,12.2,1.8,raw/hdx/fsnau-survey-results-2017-2020.xlsx pcol 5,https://fsnau.org/nutrition/?season=2019/deyr,
Deyr 2019/20,2019,Deyr,,,North Gedo Riverine,,rural,SMART,,,13.8,,,2.4,,,5.8,,,0.9,0.17,,,0.47,,,html/nutrition_2019_deyr.html,,,False,,,,,,13.8,2.4,raw/hdx/fsnau-survey-results-2017-2020.xlsx pcol 5,https://fsnau.org/nutrition/?season=2019/deyr,
Deyr 2019/20,2019,Deyr,,,North Gedo pastoral,,rural,SMART,,,14.3,,,1.3,,,3.0,,,0.3,0.25,,,0.47,,,html/nutrition_2019_deyr.html,,,False,,,,,,14.3,1.3,raw/hdx/fsnau-survey-results-2017-2020.xlsx pcol 5,https://fsnau.org/nutrition/?season=2019/deyr,
Deyr 2019/20,2019,Deyr,,,Northern Inland Pastoral NE,,rural,SMART,,,7.4,,,0.8,,,4.7,,,0.3,0.1,,,0.12,,,html/nutrition_2019_deyr.html,,,False,,,,,,7.4,0.8,raw/hdx/2019-post-deyr-assessment-key-nutrition-results-february-2020.xlsx p,https://fsnau.org/nutrition/?season=2019/deyr,
Deyr 2019/20,2019,Deyr,,,Northern Inland Pastoral NW,,rural,SMART,,,13.9,,,1.6,,,5.0,,,0.9,0.79,,,0.26,,,html/nutrition_2019_deyr.html,,,False,,,,,,13.9,1.6,raw/hdx/2019-post-deyr-assessment-key-nutrition-results-february-2020.xlsx p,https://fsnau.org/nutrition/?season=2019/deyr,
Deyr 2019/20,2019,Deyr,,,Shabelle Agro pastoral,,rural,SMART,,,13.8,,,1.4,,,5.4,,,0.0,0.19,,,0.65,,,html/nutrition_2019_deyr.html,,,False,,,,,,13.8,1.4,raw/hdx/fsnau-survey-results-2017-2020.xlsx pcol 5,https://fsnau.org/nutrition/?season=2019/deyr,
Deyr 2019/20,2019,Deyr,,,Shabelle Riverine,,rural,SMART,,,15.0,,,2.0,,,4.8,,,0.4,0.37,,,1.03,,,html/nutrition_2019_deyr.html,,,False,,,,,,15.0,2.0,raw/hdx/fsnau-survey-results-2017-2020.xlsx pcol 5,https://fsnau.org/nutrition/?season=2019/deyr,
Deyr 2019/20,2019,Deyr,,,West Golis Pastoral,,rural,SMART,,,8.1,,,1.3,,,0.9,,,0.0,0.17,,,0.0,,,html/nutrition_2019_deyr.html,,,False,,,,,,8.1,1.3,raw/hdx/fsnau-survey-results-2017-2020.xlsx pcol 5,https://fsnau.org/nutrition/?season=2019/deyr,
Deyr 2019/20,2019,Deyr,,,Baidoa Urban (Bay),Bay,urban,SMART,,,11.5,,,3.0,,,11.7,,,2.0,0.24,,,0.15,,,html/nutrition_2019_deyr.html,,,False,,,,,,11.5,3.0,raw/hdx/2019-post-deyr-assessment-key-nutrition-results-february-2020.xlsx p,https://fsnau.org/nutrition/?season=2019/deyr,
Deyr 2019/20,2019,Deyr,,,Beletwein Urban,,urban,SMART,,,15.7,,,3.0,,,7.4,,,1.2,0.39,,,0.87,,,html/nutrition_2019_deyr.html,,,False,,,,,,15.7,3.0,raw/hdx/fsnau-survey-results-2017-2020.xlsx pcol 5,https://fsnau.org/nutrition/?season=2019/deyr,
Deyr 2019/20,2019,Deyr,,,Bosasso Urban (Bari),Bari,urban,SMART,,,10.5,,,2.0,,,6.2,,,0.6,0.04,,,0.0,,,html/nutrition_2019_deyr.html,,,False,,,,,,10.5,2.0,raw/hdx/fsnau-survey-results-2017-2020.xlsx pcol 5,https://fsnau.org/nutrition/?season=2019/deyr,
Deyr 2019/20,2019,Deyr,,,Burao Urban (Toghdeer),Toghdeer,urban,SMART,,,6.2,,,0.9,,,0.3,,,0.0,0.31,,,0.0,,,html/nutrition_2019_deyr.html,,,False,,,,,,6.2,0.9,raw/hdx/fsnau-survey-results-2017-2020.xlsx pcol 5,https://fsnau.org/nutrition/?season=2019/deyr,
Deyr 2019/20,2019,Deyr,,,Dhusamareb Urban (Galgadud),Galgadud,urban,SMART,,,14.9,,,4.0,,,4.1,,,1.2,0.2,,,0.5,,,html/nutrition_2019_deyr.html,,,False,,,,,,14.9,4.0,raw/hdx/fsnau-survey-results-2017-2020.xlsx pcol 5,https://fsnau.org/nutrition/?season=2019/deyr,
Deyr 2019/20,2019,Deyr,,,Dolow Urban (N Gedo),N Gedo,urban,SMART,,,13.1,,,0.5,,,2.5,,,0.2,0.35,,,0.47,,,html/nutrition_2019_deyr.html,,,False,,,,,,13.1,0.5,raw/hdx/fsnau-survey-results-2017-2020.xlsx pcol 5,https://fsnau.org/nutrition/?season=2019/deyr,
Deyr 2019/20,2019,Deyr,,,Galkacyo Urban (Mudug),Mudug,urban,SMART,,,14.2,,,2.8,,,3.5,,,0.3,0.15,,,0.15,,,html/nutrition_2019_deyr.html,,,False,,,,,,14.2,2.8,raw/hdx/fsnau-survey-results-2017-2020.xlsx pcol 5,https://fsnau.org/nutrition/?season=2019/deyr,
Deyr 2019/20,2019,Deyr,,,Garowe Urban (Nugaal),Nugaal,urban,SMART,,,6.2,,,0.3,,,0.5,,,0.0,0.14,,,0.0,,,html/nutrition_2019_deyr.html,,,False,,,,,,6.2,0.3,raw/hdx/2019-post-deyr-assessment-key-nutrition-results-february-2020.xlsx p,https://fsnau.org/nutrition/?season=2019/deyr,
Deyr 2019/20,2019,Deyr,,,Hargeisa Urban (W. Galbeed),W. Galbeed,urban,SMART,,,6.1,,,0.8,,,1.9,,,0.2,0.31,,,0.0,,,html/nutrition_2019_deyr.html,,,False,,,,,,6.1,0.8,raw/hdx/fsnau-survey-results-2017-2020.xlsx pcol 5,https://fsnau.org/nutrition/?season=2019/deyr,
Deyr 2019/20,2019,Deyr,,,Huddur Urban,,urban,SMART,,,8.7,,,1.0,,,,,,,,,,,,,html/nutrition_2019_deyr.html,,,False,,,,,,8.7,1.0,raw/hdx/2019-post-deyr-assessment-key-nutrition-results-february-2020.xlsx p,https://fsnau.org/nutrition/?season=2019/deyr,
Deyr 2019/20,2019,Deyr,,,Kismayu Urban (L. Juba),L. Juba,urban,SMART,,,11.5,,,1.5,,,4.7,,,0.9,0.11,,,0.28,,,html/nutrition_2019_deyr.html,,,False,,,,,,11.5,1.5,raw/hdx/2019-post-deyr-assessment-key-nutrition-results-february-2020.xlsx p,https://fsnau.org/nutrition/?season=2019/deyr,
Deyr 2019/20,2019,Deyr,,,Lasanood Urban (Sool),Sool,urban,SMART,,,11.4,,,1.8,,,1.3,,,0.0,0.3,,,0.0,,,html/nutrition_2019_deyr.html,,,False,,,,,,11.4,1.8,raw/hdx/fsnau-survey-results-2017-2020.xlsx pcol 5,https://fsnau.org/nutrition/?season=2019/deyr,
Deyr 2019/20,2019,Deyr,,,Mogadishu urban (Banadir),Banadir,urban,SMART,,,14.2,,,2.8,,,3.1,,,0.6,0.35,,,1.08,,,html/nutrition_2019_deyr.html,,,False,,,,,,14.2,2.8,raw/hdx/fsnau-survey-results-2017-2020.xlsx pcol 5,https://fsnau.org/nutrition/?season=2019/deyr,
Gu 2020,2020,Gu,,,Baidoa IDPs,,IDP,SMART,,,13.5,,,3.0,,,22.5,,,4.6,0.54,,,0.64,,,html/nutrition_2020_gu.html,,,False,,,,,,13.5,3.0,raw/Somalia_-2020-Post-Gu-Key-Nutrition-Results-Summary-30-Sep-2020.pdf p2,https://fsnau.org/nutrition/?season=2020/gu,
Gu 2020,2020,Gu,,,Bosasso IDPs,,IDP,SMART,,,15.8,,,3.3,,,23.7,,,6.3,0.32,,,0.87,,,html/nutrition_2020_gu.html,,,False,,,,,,15.8,3.3,raw/Somalia_-2020-Post-Gu-Key-Nutrition-Results-Summary-30-Sep-2020.pdf p1,https://fsnau.org/nutrition/?season=2020/gu,
Gu 2020,2020,Gu,,,Burao IDPs,,IDP,SMART,,,7.4,,,1.4,,,10.5,,,0.8,0.29,,,0.32,,,html/nutrition_2020_gu.html,,,False,,,,,,7.4,1.4,raw/Somalia_-2020-Post-Gu-Key-Nutrition-Results-Summary-30-Sep-2020.pdf p1,https://fsnau.org/nutrition/?season=2020/gu,
Gu 2020,2020,Gu,,,Dhusamareb IDPs,,IDP,SMART,,,12.2,,,1.5,,,18.8,,,11.6,0.05,,,0.0,,,html/nutrition_2020_gu.html,,,False,,,,,,12.2,1.5,raw/Somalia_-2020-Post-Gu-Key-Nutrition-Results-Summary-30-Sep-2020.pdf p1,https://fsnau.org/nutrition/?season=2020/gu,
Gu 2020,2020,Gu,,,Dolow IDPs,,IDP,SMART,,,12.5,,,2.3,,,6.3,,,1.9,0.27,,,1.06,,,html/nutrition_2020_gu.html,,,False,,,,,,12.5,2.3,raw/Somalia_-2020-Post-Gu-Key-Nutrition-Results-Summary-30-Sep-2020.pdf p2,https://fsnau.org/nutrition/?season=2020/gu,
Gu 2020,2020,Gu,,,Galkacyo IDPs,,IDP,SMART,,,15.6,,,3.3,,,25.0,,,18.6,0.11,,,0.0,,,html/nutrition_2020_gu.html,,,False,,,,,,15.6,3.3,raw/Somalia_-2020-Post-Gu-Key-Nutrition-Results-Summary-30-Sep-2020.pdf p1,https://fsnau.org/nutrition/?season=2020/gu,
Gu 2020,2020,Gu,,,Garowe IDPs,,IDP,SMART,,,18.8,,,3.9,,,7.7,,,1.6,0.61,,,0.58,,,html/nutrition_2020_gu.html,,,False,,,,,,18.8,3.9,raw/Somalia_-2020-Post-Gu-Key-Nutrition-Results-Summary-30-Sep-2020.pdf p1,https://fsnau.org/nutrition/?season=2020/gu,
Gu 2020,2020,Gu,,,Hargeisa IDPs,,IDP,SMART,,,5.8,,,0.4,,,2.2,,,5.8,0.1,,,0.0,,,html/nutrition_2020_gu.html,,,False,,,,,,5.8,0.4,raw/Somalia_-2020-Post-Gu-Key-Nutrition-Results-Summary-30-Sep-2020.pdf p1,https://fsnau.org/nutrition/?season=2020/gu,
Gu 2020,2020,Gu,,,Kismayu IDPs,,IDP,SMART,,,12.4,,,2.6,,,13.3,,,0.9,0.24,,,0.69,,,html/nutrition_2020_gu.html,,,False,,,,,,12.4,2.6,raw/Somalia_-2020-Post-Gu-Key-Nutrition-Results-Summary-30-Sep-2020.pdf p2,https://fsnau.org/nutrition/?season=2020/gu,
Gu 2020,2020,Gu,,,Mogadishu IDPs,,IDP,SMART,,,17.1,,,3.9,,,22.1,,,3.8,0.71,,,1.18,,,html/nutrition_2020_gu.html,,,False,,,,,,17.1,3.9,raw/Somalia_-2020-Post-Gu-Key-Nutrition-Results-Summary-30-Sep-2020.pdf p2,https://fsnau.org/nutrition/?season=2020/gu,
Gu 2020,2020,Gu,,,Addun Pastoral,,rural,SMART,,,9.9,,,1.1,,,6.2,,,19.2,0.09,,,0.11,,,html/nutrition_2020_gu.html,,,False,,,,,,9.9,1.1,raw/Somalia_-2020-Post-Gu-Key-Nutrition-Results-Summary-30-Sep-2020.pdf p1,https://fsnau.org/nutrition/?season=2020/gu,
Gu 2020,2020,Gu,,,Bay Agropastoral,,rural,SMART,,,12.0,,,2.1,,,22.5,,,4.2,0.36,,,0.23,,,html/nutrition_2020_gu.html,,,False,,,,,,12.0,2.1,raw/Somalia_-2020-Post-Gu-Key-Nutrition-Results-Summary-30-Sep-2020.pdf p2,https://fsnau.org/nutrition/?season=2020/gu,
Gu 2020,2020,Gu,,,Beletwein District(Riverine),,rural,SMART,,,13.6,,,2.4,,,7.4,,,1.1,0.23,,,0.57,,,html/nutrition_2020_gu.html,,,False,,,,,,13.6,2.4,raw/Somalia_-2020-Post-Gu-Key-Nutrition-Results-Summary-30-Sep-2020.pdf p1,https://fsnau.org/nutrition/?season=2020/gu,
Gu 2020,2020,Gu,,,Coastal Deeh NE,,rural,SMART,,,5.4,,,0.4,,,19.4,,,4.4,0.1,,,0.16,,,html/nutrition_2020_gu.html,,,False,,,,,,5.4,0.4,raw/Somalia_-2020-Post-Gu-Key-Nutrition-Results-Summary-30-Sep-2020.pdf p1,https://fsnau.org/nutrition/?season=2020/gu,
Gu 2020,2020,Gu,,,East Golis,,rural,SMART,,,16.2,,,2.2,,,25.4,,,10.4,0.63,,,0.23,,,html/nutrition_2020_gu.html,,,False,,,,,,16.2,2.2,raw/Somalia_-2020-Post-Gu-Key-Nutrition-Results-Summary-30-Sep-2020.pdf p1,https://fsnau.org/nutrition/?season=2020/gu,
Gu 2020,2020,Gu,,,Guban Pastoral,,rural,SMART,,,8.8,,,1.9,,,7.4,,,1.2,0.28,,,0.15,,,html/nutrition_2020_gu.html,,,False,,,,,,8.8,1.9,raw/Somalia_-2020-Post-Gu-Key-Nutrition-Results-Summary-30-Sep-2020.pdf p1,https://fsnau.org/nutrition/?season=2020/gu,
Gu 2020,2020,Gu,,,Hawd Pastoral NE,,rural,SMART,,,12.3,,,1.3,,,30.0,,,17.3,0.19,,,0.13,,,html/nutrition_2020_gu.html,,,False,,,,,,12.3,1.3,raw/Somalia_-2020-Post-Gu-Key-Nutrition-Results-Summary-30-Sep-2020.pdf p1,https://fsnau.org/nutrition/?season=2020/gu,
Gu 2020,2020,Gu,,,Hawd Pastoral NW,,rural,SMART,,,3.0,,,0.6,,,11.4,,,0.4,0.07,,,0.0,,,html/nutrition_2020_gu.html,,,False,,,,,,3.0,0.6,raw/Somalia_-2020-Post-Gu-Key-Nutrition-Results-Summary-30-Sep-2020.pdf p1,https://fsnau.org/nutrition/?season=2020/gu,
Gu 2020,2020,Gu,,,NW Agropastoral,,rural,SMART,,,6.4,,,1.0,,,0.9,,,0.0,0.21,,,0.12,,,html/nutrition_2020_gu.html,,,False,,,,,,6.4,1.0,raw/Somalia_-2020-Post-Gu-Key-Nutrition-Results-Summary-30-Sep-2020.pdf p1,https://fsnau.org/nutrition/?season=2020/gu,
Gu 2020,2020,Gu,,,North Gedo Riverine,,rural,SMART,,,11.8,,,1.9,,,21.3,,,4.7,0.27,,,0.51,,,html/nutrition_2020_gu.html,,,False,,,,,,11.8,1.9,raw/Somalia_-2020-Post-Gu-Key-Nutrition-Results-Summary-30-Sep-2020.pdf p2,https://fsnau.org/nutrition/?season=2020/gu,
Gu 2020,2020,Gu,,,North Gedo pastoral,,rural,SMART,,,12.9,,,2.1,,,16.1,,,5.9,0.39,,,0.74,,,html/nutrition_2020_gu.html,,,False,,,,,,12.9,2.1,raw/Somalia_-2020-Post-Gu-Key-Nutrition-Results-Summary-30-Sep-2020.pdf p2,https://fsnau.org/nutrition/?season=2020/gu,
Gu 2020,2020,Gu,,,Northern Inland Pastoral NE,,rural,SMART,,,6.2,,,0.2,,,8.8,,,3.6,0.08,,,0.28,,,html/nutrition_2020_gu.html,,,False,,,,,,6.2,0.2,raw/Somalia_-2020-Post-Gu-Key-Nutrition-Results-Summary-30-Sep-2020.pdf p1,https://fsnau.org/nutrition/?season=2020/gu,
Gu 2020,2020,Gu,,,Northern Inland Pastoral NW,,rural,SMART,,,9.0,,,1.8,,,17.4,,,6.8,0.31,,,0.0,,,html/nutrition_2020_gu.html,,,False,,,,,,9.0,1.8,raw/Somalia_-2020-Post-Gu-Key-Nutrition-Results-Summary-30-Sep-2020.pdf p1,https://fsnau.org/nutrition/?season=2020/gu,
Gu 2020,2020,Gu,,,Shabelle Agropastoral,,rural,SMART,,,14.0,,,2.4,,,12.9,,,3.6,0.17,,,0.57,,,html/nutrition_2020_gu.html,,,False,,,,,,14.0,2.4,raw/Somalia_-2020-Post-Gu-Key-Nutrition-Results-Summary-30-Sep-2020.pdf p1,https://fsnau.org/nutrition/?season=2020/gu,
Gu 2020,2020,Gu,,,Shabelle Riverine,,rural,SMART,,,16.0,,,2.8,,,14.2,,,5.2,0.33,,,0.54,,,html/nutrition_2020_gu.html,,,False,,,,,,16.0,2.8,raw/Somalia_-2020-Post-Gu-Key-Nutrition-Results-Summary-30-Sep-2020.pdf p1,https://fsnau.org/nutrition/?season=2020/gu,
Gu 2020,2020,Gu,,,West Golis,,rural,SMART,,,7.5,,,0.5,,,7.7,,,1.9,0.92,,,0.4,,,html/nutrition_2020_gu.html,,,False,,,,,,7.5,0.5,raw/Somalia_-2020-Post-Gu-Key-Nutrition-Results-Summary-30-Sep-2020.pdf p1,https://fsnau.org/nutrition/?season=2020/gu,
Gu 2020,2020,Gu,,,Baidoa Urban,,urban,SMART,,,10.7,,,1.7,,,15.4,,,4.8,0.39,,,0.48,,,html/nutrition_2020_gu.html,,,False,,,,,,10.7,1.7,raw/Somalia_-2020-Post-Gu-Key-Nutrition-Results-Summary-30-Sep-2020.pdf p2,https://fsnau.org/nutrition/?season=2020/gu,
Gu 2020,2020,Gu,,,Beletwein Urban,,urban,SMART,,,15.4,,,1.5,,,18.5,,,5.8,0.23,,,0.54,,,html/nutrition_2020_gu.html,,,False,,,,,,15.4,1.5,raw/Somalia_-2020-Post-Gu-Key-Nutrition-Results-Summary-30-Sep-2020.pdf p1,https://fsnau.org/nutrition/?season=2020/gu,
Gu 2020,2020,Gu,,,Bosasso Urban,,urban,SMART,,,10.5,,,1.8,,,10.9,,,0.7,0.04,,,0.18,,,html/nutrition_2020_gu.html,,,False,,,,,,10.5,1.8,raw/Somalia_-2020-Post-Gu-Key-Nutrition-Results-Summary-30-Sep-2020.pdf p1,https://fsnau.org/nutrition/?season=2020/gu,
Gu 2020,2020,Gu,,,Burao Urban,,urban,SMART,,,2.5,,,0.3,,,1.7,,,0.0,0.04,,,0.0,,,html/nutrition_2020_gu.html,,,False,,,,,,2.5,0.3,raw/Somalia_-2020-Post-Gu-Key-Nutrition-Results-Summary-30-Sep-2020.pdf p1,https://fsnau.org/nutrition/?season=2020/gu,
Gu 2020,2020,Gu,,,Dhusamareb Urban,,urban,SMART,,,9.5,,,1.1,,,3.4,,,19.4,0.27,,,0.87,,,html/nutrition_2020_gu.html,,,False,,,,,,9.5,1.1,raw/Somalia_-2020-Post-Gu-Key-Nutrition-Results-Summary-30-Sep-2020.pdf p1,https://fsnau.org/nutrition/?season=2020/gu,
Gu 2020,2020,Gu,,,Dolow Urban,,urban,SMART,,,9.2,,,0.9,,,5.3,,,1.3,0.26,,,0.32,,,html/nutrition_2020_gu.html,,,False,,,,,,9.2,0.9,raw/Somalia_-2020-Post-Gu-Key-Nutrition-Results-Summary-30-Sep-2020.pdf p2,https://fsnau.org/nutrition/?season=2020/gu,
Gu 2020,2020,Gu,,,Galkacyo Urban,,urban,SMART,,,12.8,,,1.1,,,12.2,,,2.8,0.07,,,0.0,,,html/nutrition_2020_gu.html,,,False,,,,,,12.8,1.1,raw/Somalia_-2020-Post-Gu-Key-Nutrition-Results-Summary-30-Sep-2020.pdf p1,https://fsnau.org/nutrition/?season=2020/gu,
Gu 2020,2020,Gu,,,Garowe Urban,,urban,SMART,,,7.8,,,0.7,,,6.6,,,3.0,0.66,,,0.54,,,html/nutrition_2020_gu.html,,,False,,,,,,7.8,0.7,raw/Somalia_-2020-Post-Gu-Key-Nutrition-Results-Summary-30-Sep-2020.pdf p1,https://fsnau.org/nutrition/?season=2020/gu,
Gu 2020,2020,Gu,,,Hargeisa Urban,,urban,SMART,,,3.4,,,0.2,,,2.5,,,5.0,0.29,,,0.14,,,html/nutrition_2020_gu.html,,,False,,,,,,3.4,0.2,raw/Somalia_-2020-Post-Gu-Key-Nutrition-Results-Summary-30-Sep-2020.pdf p1,https://fsnau.org/nutrition/?season=2020/gu,
Gu 2020,2020,Gu,,,Kismayu Urban,,urban,SMART,,,11.4,,,3.2,,,7.8,,,1.8,0.4,,,0.89,,,html/nutrition_2020_gu.html,,,False,,,,,,11.4,3.2,raw/Somalia_-2020-Post-Gu-Key-Nutrition-Results-Summary-30-Sep-2020.pdf p2,https://fsnau.org/nutrition/?season=2020/gu,
Gu 2020,2020,Gu,,,Mogadishu urban,,urban,SMART,,,14.8,,,2.2,,,8.2,,,3.3,0.46,,,0.2,,,html/nutrition_2020_gu.html,,,False,,,,,,14.8,2.2,raw/Somalia_-2020-Post-Gu-Key-Nutrition-Results-Summary-30-Sep-2020.pdf p2,https://fsnau.org/nutrition/?season=2020/gu,
Deyr 2020/21,2020,Deyr,,,Baidoa IDPs (Bay),Bay,IDP,SMART,,,11.9,,,2.1,,,10.2,,,1.3,0.25,,,0.13,,,html/nutrition_2020_deyr.html,,,False,,,,,,11.9,2.1,raw/2020-Post-Deyr-Key-Nutrition-Results-Summary-4-Feb-2021.pdf p2,https://fsnau.org/nutrition/?season=2020/deyr,
Deyr 2020/21,2020,Deyr,,,Bosasso IDPs (Bari),Bari,IDP,SMART,,,15.8,,,2.5,,,8.4,,,1.4,0.27,,,0.67,,,html/nutrition_2020_deyr.html,,,False,,,,,,15.8,2.5,raw/2020-Post-Deyr-Key-Nutrition-Results-Summary-4-Feb-2021.pdf p1,https://fsnau.org/nutrition/?season=2020/deyr,
Deyr 2020/21,2020,Deyr,,,Burao IDPs (Toghdeer),Toghdeer,IDP,SMART,,,5.8,,,1.8,,,1.6,,,0.6,0.09,,,0.0,,,html/nutrition_2020_deyr.html,,,False,,,,,,5.8,1.8,raw/2020-Post-Deyr-Key-Nutrition-Results-Summary-4-Feb-2021.pdf p1,https://fsnau.org/nutrition/?season=2020/deyr,
Deyr 2020/21,2020,Deyr,,,Dolow IDPs (N Gedo),N Gedo,IDP,SMART,,,13.6,,,1.6,,,5.4,,,1.1,0.33,,,0.92,,,html/nutrition_2020_deyr.html,,,False,,,,,,13.6,1.6,raw/2020-Post-Deyr-Key-Nutrition-Results-Summary-4-Feb-2021.pdf p2,https://fsnau.org/nutrition/?season=2020/deyr,
Deyr 2020/21,2020,Deyr,,,Galkacyo IDPs (Mudug),Mudug,IDP,SMART,,,10.8,,,2.2,,,5.3,,,0.9,0.23,,,0.27,,,html/nutrition_2020_deyr.html,,,False,,,,,,10.8,2.2,raw/2020-Post-Deyr-Key-Nutrition-Results-Summary-4-Feb-2021.pdf p1,https://fsnau.org/nutrition/?season=2020/deyr,
Deyr 2020/21,2020,Deyr,,,Garowe IDPs (Nugaal),Nugaal,IDP,SMART,,,15.8,,,1.9,,,6.8,,,1.4,0.68,,,1.04,,,html/nutrition_2020_deyr.html,,,False,,,,,,15.8,1.9,raw/2020-Post-Deyr-Key-Nutrition-Results-Summary-4-Feb-2021.pdf p1,https://fsnau.org/nutrition/?season=2020/deyr,
Deyr 2020/21,2020,Deyr,,,Hargeisa IDPs (W. Galbeed),W. Galbeed,IDP,SMART,,,9.2,,,1.2,,,3.0,,,0.7,0.24,,,0.33,,,html/nutrition_2020_deyr.html,,,False,,,,,,9.2,1.2,raw/2020-Post-Deyr-Key-Nutrition-Results-Summary-4-Feb-2021.pdf p1,https://fsnau.org/nutrition/?season=2020/deyr,
Deyr 2020/21,2020,Deyr,,,Kismayu IDPs (L. Juba),L. Juba,IDP,SMART,,,12.9,,,2.3,,,7.3,,,2.5,0.41,,,0.76,,,html/nutrition_2020_deyr.html,,,False,,,,,,12.9,2.3,raw/2020-Post-Deyr-Key-Nutrition-Results-Summary-4-Feb-2021.pdf p2,https://fsnau.org/nutrition/?season=2020/deyr,
Deyr 2020/21,2020,Deyr,,,Mogadishu IDPs (Banadir),Banadir,IDP,SMART,,,16.7,,,3.7,,,8.7,,,1.4,0.83,,,1.46,,,html/nutrition_2020_deyr.html,,,False,,,,,,16.7,3.7,raw/2020-Post-Deyr-Key-Nutrition-Results-Summary-4-Feb-2021.pdf p1,https://fsnau.org/nutrition/?season=2020/deyr,
Deyr 2020/21,2020,Deyr,,,Addun Pastoral,,rural,SMART,,,10.4,,,1.5,,,4.5,,,0.7,0.15,,,0.23,,,html/nutrition_2020_deyr.html,,,False,,,,,,10.4,1.5,raw/2020-Post-Deyr-Key-Nutrition-Results-Summary-4-Feb-2021.pdf p1,https://fsnau.org/nutrition/?season=2020/deyr,
Deyr 2020/21,2020,Deyr,,,Bakool district (ACF_Nov 2020,,rural,SMART,,,20.9,,,4.1,,,11.1,,,2.1,0.04,,,0.0,,,html/nutrition_2020_deyr.html,,,False,,,,,,20.9,4.1,raw/2020-Post-Deyr-Key-Nutrition-Results-Summary-4-Feb-2021.pdf p2,https://fsnau.org/nutrition/?season=2020/deyr,
Deyr 2020/21,2020,Deyr,,,Bay Agropastoral,,rural,SMART,,,14.4,,,2.4,,,8.9,,,1.2,0.3,,,0.4,,,html/nutrition_2020_deyr.html,,,False,,,,,,14.4,2.4,raw/2020-Post-Deyr-Key-Nutrition-Results-Summary-4-Feb-2021.pdf p1,https://fsnau.org/nutrition/?season=2020/deyr,
Deyr 2020/21,2020,Deyr,,,Coastal Deeh Pastoral of Northeast,,rural,SMART,,,5.1,,,0.0,,,2.6,,,0.2,0.06,,,0.21,,,html/nutrition_2020_deyr.html,,,False,,,,,,5.1,0.0,raw/2020-Post-Deyr-Key-Nutrition-Results-Summary-4-Feb-2021.pdf p1,https://fsnau.org/nutrition/?season=2020/deyr,
Deyr 2020/21,2020,Deyr,,,East Golis Pastoral,,rural,SMART,,,11.8,,,1.9,,,5.6,,,0.7,0.34,,,0.27,,,html/nutrition_2020_deyr.html,,,False,,,,,,11.8,1.9,raw/2020-Post-Deyr-Key-Nutrition-Results-Summary-4-Feb-2021.pdf p1,https://fsnau.org/nutrition/?season=2020/deyr,
Deyr 2020/21,2020,Deyr,,,Guban Pastoral,,rural,SMART,,,5.9,,,0.6,,,1.5,,,0.9,0.3,,,0.15,,,html/nutrition_2020_deyr.html,,,False,,,,,,5.9,0.6,raw/2020-Post-Deyr-Key-Nutrition-Results-Summary-4-Feb-2021.pdf p1,https://fsnau.org/nutrition/?season=2020/deyr,
Deyr 2020/21,2020,Deyr,,,Hawd Pastoral of Central,,rural,SMART,,,14.9,,,3.5,,,9.3,,,1.5,0.27,,,0.57,,,html/nutrition_2020_deyr.html,,,False,,,,,,14.9,3.5,raw/2020-Post-Deyr-Key-Nutrition-Results-Summary-4-Feb-2021.pdf p1,https://fsnau.org/nutrition/?season=2020/deyr,
Deyr 2020/21,2020,Deyr,,,Hawd Pastoral of Northwest,,rural,SMART,,,6.6,,,1.3,,,2.2,,,0.2,0.35,,,0.0,,,html/nutrition_2020_deyr.html,,,False,,,,,,6.6,1.3,raw/2020-Post-Deyr-Key-Nutrition-Results-Summary-4-Feb-2021.pdf p1,https://fsnau.org/nutrition/?season=2020/deyr,
Deyr 2020/21,2020,Deyr,,,North Gedo Pastoral,,rural,SMART,,,12.5,,,1.7,,,3.8,,,0.3,0.31,,,0.48,,,html/nutrition_2020_deyr.html,,,False,,,,,,12.5,1.7,raw/2020-Post-Deyr-Key-Nutrition-Results-Summary-4-Feb-2021.pdf p2,https://fsnau.org/nutrition/?season=2020/deyr,
Deyr 2020/21,2020,Deyr,,,North Gedo Riverine,,rural,SMART,,,14.8,,,1.9,,,3.5,,,0.7,0.36,,,0.81,,,html/nutrition_2020_deyr.html,,,False,,,,,,14.8,1.9,raw/2020-Post-Deyr-Key-Nutrition-Results-Summary-4-Feb-2021.pdf p2,https://fsnau.org/nutrition/?season=2020/deyr,
Deyr 2020/21,2020,Deyr,,,Northern Inland Pastoral of Northeas,,rural,SMART,,,7.7,,,1.0,,,6.3,,,0.3,0.05,,,0.0,,,html/nutrition_2020_deyr.html,,,False,,,,,,7.7,1.0,raw/2020-Post-Deyr-Key-Nutrition-Results-Summary-4-Feb-2021.pdf p1,https://fsnau.org/nutrition/?season=2020/deyr,
Deyr 2020/21,2020,Deyr,,,Northern Inland Pastoral of Northwes,,rural,SMART,,,11.2,,,2.0,,,5.1,,,1.3,0.62,,,0.35,,,html/nutrition_2020_deyr.html,,,False,,,,,,11.2,2.0,raw/2020-Post-Deyr-Key-Nutrition-Results-Summary-4-Feb-2021.pdf p1,https://fsnau.org/nutrition/?season=2020/deyr,
Deyr 2020/21,2020,Deyr,,,Northwest Agropastoral,,rural,SMART,,,5.9,,,0.5,,,1.6,,,0.3,0.16,,,0.0,,,html/nutrition_2020_deyr.html,,,False,,,,,,5.9,0.5,raw/2020-Post-Deyr-Key-Nutrition-Results-Summary-4-Feb-2021.pdf p1,https://fsnau.org/nutrition/?season=2020/deyr,
Deyr 2020/21,2020,Deyr,,,Shabelle Agropastoral,,rural,SMART,,,14.9,,,2.9,,,9.6,,,0.9,0.47,,,1.07,,,html/nutrition_2020_deyr.html,,,False,,,,,,14.9,2.9,raw/2020-Post-Deyr-Key-Nutrition-Results-Summary-4-Feb-2021.pdf p1,https://fsnau.org/nutrition/?season=2020/deyr,
Deyr 2020/21,2020,Deyr,,,Shabelle Riverine,,rural,SMART,,,15.4,,,2.5,,,3.9,,,0.4,0.76,,,1.51,,,html/nutrition_2020_deyr.html,,,False,,,,,,15.4,2.5,raw/2020-Post-Deyr-Key-Nutrition-Results-Summary-4-Feb-2021.pdf p1,https://fsnau.org/nutrition/?season=2020/deyr,
Deyr 2020/21,2020,Deyr,,,West Golis Pastoral,,rural,SMART,,,7.8,,,0.7,,,2.2,,,0.5,0.31,,,0.0,,,html/nutrition_2020_deyr.html,,,False,,,,,,7.8,0.7,raw/2020-Post-Deyr-Key-Nutrition-Results-Summary-4-Feb-2021.pdf p1,https://fsnau.org/nutrition/?season=2020/deyr,
Deyr 2020/21,2020,Deyr,,,Baidoa Urban (Bay),Bay,urban,SMART,,,9.0,,,1.2,,,4.1,,,0.6,0.24,,,0.32,,,html/nutrition_2020_deyr.html,,,False,,,,,,9.0,1.2,raw/2020-Post-Deyr-Key-Nutrition-Results-Summary-4-Feb-2021.pdf p2,https://fsnau.org/nutrition/?season=2020/deyr,
Deyr 2020/21,2020,Deyr,,,Bosasso Urban (Bari),Bari,urban,SMART,,,7.5,,,1.3,,,5.7,,,0.2,0.04,,,0.18,,,html/nutrition_2020_deyr.html,,,False,,,,,,7.5,1.3,raw/2020-Post-Deyr-Key-Nutrition-Results-Summary-4-Feb-2021.pdf p1,https://fsnau.org/nutrition/?season=2020/deyr,
Deyr 2020/21,2020,Deyr,,,Burao Urban (Toghdeer),Toghdeer,urban,SMART,,,4.3,,,0.5,,,0.3,,,0.0,0.43,,,0.0,,,html/nutrition_2020_deyr.html,,,False,,,,,,4.3,0.5,raw/2020-Post-Deyr-Key-Nutrition-Results-Summary-4-Feb-2021.pdf p1,https://fsnau.org/nutrition/?season=2020/deyr,
Deyr 2020/21,2020,Deyr,,,Dhusamareb Urban (Galgadud),Galgadud,urban,SMART,,,5.8,,,0.2,,,3.6,,,0.7,0.0,,,0.0,,,html/nutrition_2020_deyr.html,,,False,,,,,,5.8,0.2,raw/2020-Post-Deyr-Key-Nutrition-Results-Summary-4-Feb-2021.pdf p1,https://fsnau.org/nutrition/?season=2020/deyr,
Deyr 2020/21,2020,Deyr,,,Dolow Urban (N Gedo),N Gedo,urban,SMART,,,12.4,,,0.8,,,4.9,,,0.3,0.29,,,0.66,,,html/nutrition_2020_deyr.html,,,False,,,,,,12.4,0.8,raw/2020-Post-Deyr-Key-Nutrition-Results-Summary-4-Feb-2021.pdf p2,https://fsnau.org/nutrition/?season=2020/deyr,
Deyr 2020/21,2020,Deyr,,,Galkacyo Urban (Mudug),Mudug,urban,SMART,,,11.8,,,1.4,,,3.5,,,0.4,0.18,,,0.0,,,html/nutrition_2020_deyr.html,,,False,,,,,,11.8,1.4,raw/2020-Post-Deyr-Key-Nutrition-Results-Summary-4-Feb-2021.pdf p1,https://fsnau.org/nutrition/?season=2020/deyr,
Deyr 2020/21,2020,Deyr,,,Garowe Urban (Nugaal),Nugaal,urban,SMART,,,5.2,,,0.3,,,3.8,,,0.2,0.34,,,0.16,,,html/nutrition_2020_deyr.html,,,False,,,,,,5.2,0.3,raw/2020-Post-Deyr-Key-Nutrition-Results-Summary-4-Feb-2021.pdf p1,https://fsnau.org/nutrition/?season=2020/deyr,
Deyr 2020/21,2020,Deyr,,,Hargeisa Urban (W. Galbeed),W. Galbeed,urban,SMART,,,6.4,,,1.1,,,1.1,,,0.5,0.16,,,0.0,,,html/nutrition_2020_deyr.html,,,False,,,,,,6.4,1.1,raw/2020-Post-Deyr-Key-Nutrition-Results-Summary-4-Feb-2021.pdf p1,https://fsnau.org/nutrition/?season=2020/deyr,
Deyr 2020/21,2020,Deyr,,,Huddur Urban,,urban,SMART,,,16.4,,,5.8,,,14.4,,,5.5,0.5,,,0.36,,,html/nutrition_2020_deyr.html,,,False,,,,,,16.4,5.8,raw/2020-Post-Deyr-Key-Nutrition-Results-Summary-4-Feb-2021.pdf p2,https://fsnau.org/nutrition/?season=2020/deyr,
Deyr 2020/21,2020,Deyr,,,Kismayu Urban (L. Juba),L. Juba,urban,SMART,,,12.2,,,2.4,,,4.4,,,1.3,0.35,,,0.52,,,html/nutrition_2020_deyr.html,,,False,,,,,,12.2,2.4,raw/2020-Post-Deyr-Key-Nutrition-Results-Summary-4-Feb-2021.pdf p2,https://fsnau.org/nutrition/?season=2020/deyr,
Deyr 2020/21,2020,Deyr,,,Mogadishu Urban (Banadir),Banadir,urban,SMART,,,13.2,,,2.3,,,4.0,,,0.2,0.55,,,0.58,,,html/nutrition_2020_deyr.html,,,False,,,,,,13.2,2.3,raw/2020-Post-Deyr-Key-Nutrition-Results-Summary-4-Feb-2021.pdf p1,https://fsnau.org/nutrition/?season=2020/deyr,
Gu 2021,2021,Gu,,,Baidoa IDPs (Bay),Bay,IDP,SMART,,,11.3,,,2.1,,,11.4,,,1.4,0.81,,,1.19,,,html/nutrition_2021_gu.html,,,False,,,,,,11.3,2.1,raw/2021-Post-Gu-Key-Nutrition-Results-Summary-9-Sep-2021.pdf p2,https://fsnau.org/nutrition/?season=2021/gu,
Gu 2021,2021,Gu,,,Bosasso IDPs (Bari),Bari,IDP,SMART,,,14.0,,,2.9,,,12.2,,,0.8,0.07,,,0.29,,,html/nutrition_2021_gu.html,,,False,,,,,,14.0,2.9,raw/2021-Post-Gu-Key-Nutrition-Results-Summary-9-Sep-2021.pdf p1,https://fsnau.org/nutrition/?season=2021/gu,
Gu 2021,2021,Gu,,,Burao IDPs (Toghdeer),Toghdeer,IDP,SMART,,,6.4,,,0.6,,,1.1,,,0.0,0.43,,,0.35,,,html/nutrition_2021_gu.html,,,False,,,,,,6.4,0.6,raw/2021-Post-Gu-Key-Nutrition-Results-Summary-9-Sep-2021.pdf p1,https://fsnau.org/nutrition/?season=2021/gu,
Gu 2021,2021,Gu,,,Dhusamareb IDPs (Galgadud),Galgadud,IDP,SMART,,,12.7,,,1.1,,,8.3,,,2.2,0.08,,,0.0,,,html/nutrition_2021_gu.html,,,False,,,,,,12.7,1.1,raw/2021-Post-Gu-Key-Nutrition-Results-Summary-9-Sep-2021.pdf p1,https://fsnau.org/nutrition/?season=2021/gu,
Gu 2021,2021,Gu,,,Dolow IDPs (N Gedo),N Gedo,IDP,SMART,,,10.4,,,0.8,,,3.4,,,0.8,0.27,,,0.31,,,html/nutrition_2021_gu.html,,,False,,,,,,10.4,0.8,raw/2021-Post-Gu-Key-Nutrition-Results-Summary-9-Sep-2021.pdf p2,https://fsnau.org/nutrition/?season=2021/gu,
Gu 2021,2021,Gu,,,Galkacyo IDPs (Mudug),Mudug,IDP,SMART,,,17.6,,,3.4,,,9.4,,,1.8,0.04,,,0.0,,,html/nutrition_2021_gu.html,,,False,,,,,,17.6,3.4,raw/2021-Post-Gu-Key-Nutrition-Results-Summary-9-Sep-2021.pdf p1,https://fsnau.org/nutrition/?season=2021/gu,
Gu 2021,2021,Gu,,,Garowe IDPs (Nugaal),Nugaal,IDP,SMART,,,7.5,,,0.6,,,5.8,,,0.5,0.35,,,0.59,,,html/nutrition_2021_gu.html,,,False,,,,,,7.5,0.6,raw/2021-Post-Gu-Key-Nutrition-Results-Summary-9-Sep-2021.pdf p1,https://fsnau.org/nutrition/?season=2021/gu,
Gu 2021,2021,Gu,,,Hargeisa IDPs (W. Galbeed),W. Galbeed,IDP,SMART,,,8.0,,,0.6,,,2.9,,,0.6,0.18,,,0.0,,,html/nutrition_2021_gu.html,,,False,,,,,,8.0,0.6,raw/2021-Post-Gu-Key-Nutrition-Results-Summary-9-Sep-2021.pdf p1,https://fsnau.org/nutrition/?season=2021/gu,
Gu 2021,2021,Gu,,,Kismayu IDPs (L. Juba),L. Juba,IDP,SMART,,,11.1,,,3.3,,,8.9,,,2.6,0.47,,,0.49,,,html/nutrition_2021_gu.html,,,False,,,,,,11.1,3.3,raw/2021-Post-Gu-Key-Nutrition-Results-Summary-9-Sep-2021.pdf p2,https://fsnau.org/nutrition/?season=2021/gu,
Gu 2021,2021,Gu,,,Mogadishu IDPs (Banadir),Banadir,IDP,SMART,,,16.5,,,3.9,,,9.2,,,2.1,0.82,,,1.35,,,html/nutrition_2021_gu.html,,,False,,,,,,16.5,3.9,raw/2021-Post-Gu-Key-Nutrition-Results-Summary-9-Sep-2021.pdf p2,https://fsnau.org/nutrition/?season=2021/gu,
Gu 2021,2021,Gu,,,Addun Pastoral,,rural,SMART,,,10.1,,,1.1,,,3.6,,,0.3,0.08,,,0.14,,,html/nutrition_2021_gu.html,,,False,,,,,,10.1,1.1,raw/2021-Post-Gu-Key-Nutrition-Results-Summary-9-Sep-2021.pdf p1,https://fsnau.org/nutrition/?season=2021/gu,
Gu 2021,2021,Gu,,,Bay Agropastoral,,rural,SMART,,,12.7,,,2.7,,,7.5,,,2.4,0.5,,,0.15,,,html/nutrition_2021_gu.html,,,False,,,,,,12.7,2.7,raw/2021-Post-Gu-Key-Nutrition-Results-Summary-9-Sep-2021.pdf p2,https://fsnau.org/nutrition/?season=2021/gu,
Gu 2021,2021,Gu,,,Coastal Deeh Pastoral of Northeast,,rural,SMART,,,5.4,,,0.8,,,2.3,,,0.4,0.23,,,0.62,,,html/nutrition_2021_gu.html,,,False,,,,,,5.4,0.8,raw/2021-Post-Gu-Key-Nutrition-Results-Summary-9-Sep-2021.pdf p1,https://fsnau.org/nutrition/?season=2021/gu,
Gu 2021,2021,Gu,,,East Golis Pastoral,,rural,SMART,,,7.9,,,1.0,,,5.2,,,0.9,0.45,,,0.17,,,html/nutrition_2021_gu.html,,,False,,,,,,7.9,1.0,raw/2021-Post-Gu-Key-Nutrition-Results-Summary-9-Sep-2021.pdf p1,https://fsnau.org/nutrition/?season=2021/gu,
Gu 2021,2021,Gu,,,Guban Pastoral,,rural,SMART,,,7.4,,,0.7,,,2.1,,,0.3,0.61,,,0.35,,,html/nutrition_2021_gu.html,,,False,,,,,,7.4,0.7,raw/2021-Post-Gu-Key-Nutrition-Results-Summary-9-Sep-2021.pdf p1,https://fsnau.org/nutrition/?season=2021/gu,
Gu 2021,2021,Gu,,,Hawd Pastoral of Central,,rural,SMART,,,14.4,,,2.6,,,11.3,,,0.4,0.14,,,0.28,,,html/nutrition_2021_gu.html,,,False,,,,,,14.4,2.6,raw/2021-Post-Gu-Key-Nutrition-Results-Summary-9-Sep-2021.pdf p1,https://fsnau.org/nutrition/?season=2021/gu,
Gu 2021,2021,Gu,,,Hawd Pastoral of Northwest,,rural,SMART,,,7.2,,,1.2,,,3.6,,,0.0,0.61,,,0.0,,,html/nutrition_2021_gu.html,,,False,,,,,,7.2,1.2,raw/2021-Post-Gu-Key-Nutrition-Results-Summary-9-Sep-2021.pdf p1,https://fsnau.org/nutrition/?season=2021/gu,
Gu 2021,2021,Gu,,,North Gedo Pastoral,,rural,SMART,,,12.9,,,2.1,,,2.5,,,0.3,0.32,,,0.36,,,html/nutrition_2021_gu.html,,,False,,,,,,12.9,2.1,raw/2021-Post-Gu-Key-Nutrition-Results-Summary-9-Sep-2021.pdf p2,https://fsnau.org/nutrition/?season=2021/gu,
Gu 2021,2021,Gu,,,North Gedo Riverine,,rural,SMART,,,15.1,,,1.9,,,5.3,,,0.6,0.14,,,0.17,,,html/nutrition_2021_gu.html,,,False,,,,,,15.1,1.9,raw/2021-Post-Gu-Key-Nutrition-Results-Summary-9-Sep-2021.pdf p2,https://fsnau.org/nutrition/?season=2021/gu,
Gu 2021,2021,Gu,,,Northern Inland Pastoral of Northeas,,rural,SMART,,,11.7,,,0.4,,,9.9,,,0.5,0.11,,,0.0,,,html/nutrition_2021_gu.html,,,False,,,,,,11.7,0.4,raw/2021-Post-Gu-Key-Nutrition-Results-Summary-9-Sep-2021.pdf p1,https://fsnau.org/nutrition/?season=2021/gu,
Gu 2021,2021,Gu,,,Northern Inland Pastoral of Northwes,,rural,SMART,,,9.5,,,0.5,,,3.5,,,0.5,0.23,,,0.72,,,html/nutrition_2021_gu.html,,,False,,,,,,9.5,0.5,raw/2021-Post-Gu-Key-Nutrition-Results-Summary-9-Sep-2021.pdf p1,https://fsnau.org/nutrition/?season=2021/gu,
Gu 2021,2021,Gu,,,Northwest Agropastoral,,rural,SMART,,,10.7,,,1.5,,,1.8,,,0.7,0.09,,,0.14,,,html/nutrition_2021_gu.html,,,False,,,,,,10.7,1.5,raw/2021-Post-Gu-Key-Nutrition-Results-Summary-9-Sep-2021.pdf p1,https://fsnau.org/nutrition/?season=2021/gu,
Gu 2021,2021,Gu,,,Shabelle Agropastoral,,rural,SMART,,,14.6,,,4.1,,,6.3,,,0.3,0.63,,,1.91,,,html/nutrition_2021_gu.html,,,False,,,,,,14.6,4.1,raw/2021-Post-Gu-Key-Nutrition-Results-Summary-9-Sep-2021.pdf p1,https://fsnau.org/nutrition/?season=2021/gu,
Gu 2021,2021,Gu,,,Shabelle Riverine,,rural,SMART,,,15.9,,,3.1,,,3.7,,,0.2,0.59,,,1.68,,,html/nutrition_2021_gu.html,,,False,,,,,,15.9,3.1,raw/2021-Post-Gu-Key-Nutrition-Results-Summary-9-Sep-2021.pdf p1,https://fsnau.org/nutrition/?season=2021/gu,
Gu 2021,2021,Gu,,,West Golis Pastoral,,rural,SMART,,,11.5,,,2.5,,,2.1,,,0.2,0.27,,,0.18,,,html/nutrition_2021_gu.html,,,False,,,,,,11.5,2.5,raw/2021-Post-Gu-Key-Nutrition-Results-Summary-9-Sep-2021.pdf p1,https://fsnau.org/nutrition/?season=2021/gu,
Gu 2021,2021,Gu,,,Baidoa Urban (Bay),Bay,urban,SMART,,,8.5,,,1.6,,,7.6,,,1.6,0.54,,,0.8,,,html/nutrition_2021_gu.html,,,False,,,,,,8.5,1.6,raw/2021-Post-Gu-Key-Nutrition-Results-Summary-9-Sep-2021.pdf p2,https://fsnau.org/nutrition/?season=2021/gu,
Gu 2021,2021,Gu,,,Bosasso Urban (Bari),Bari,urban,SMART,,,12.8,,,1.4,,,6.5,,,1.0,0.09,,,0.4,,,html/nutrition_2021_gu.html,,,False,,,,,,12.8,1.4,raw/2021-Post-Gu-Key-Nutrition-Results-Summary-9-Sep-2021.pdf p1,https://fsnau.org/nutrition/?season=2021/gu,
Gu 2021,2021,Gu,,,Burao Urban (Toghdeer),Toghdeer,urban,SMART,,,3.6,,,0.0,,,0.7,,,0.2,0.29,,,0.0,,,html/nutrition_2021_gu.html,,,False,,,,,,3.6,0.0,raw/2021-Post-Gu-Key-Nutrition-Results-Summary-9-Sep-2021.pdf p1,https://fsnau.org/nutrition/?season=2021/gu,
Gu 2021,2021,Gu,,,Dhusamareb Urban (Galgadud),Galgadud,urban,SMART,,,11.1,,,1.6,,,4.7,,,1.0,0.17,,,0.39,,,html/nutrition_2021_gu.html,,,False,,,,,,11.1,1.6,raw/2021-Post-Gu-Key-Nutrition-Results-Summary-9-Sep-2021.pdf p1,https://fsnau.org/nutrition/?season=2021/gu,
Gu 2021,2021,Gu,,,Dolow Urban (N Gedo),N Gedo,urban,SMART,,,9.0,,,0.7,,,3.3,,,0.4,0.43,,,0.18,,,html/nutrition_2021_gu.html,,,False,,,,,,9.0,0.7,raw/2021-Post-Gu-Key-Nutrition-Results-Summary-9-Sep-2021.pdf p2,https://fsnau.org/nutrition/?season=2021/gu,
Gu 2021,2021,Gu,,,Galkacyo Urban (Mudug),Mudug,urban,SMART,,,9.4,,,1.2,,,4.9,,,0.5,0.0,,,0.0,,,html/nutrition_2021_gu.html,,,False,,,,,,9.4,1.2,raw/2021-Post-Gu-Key-Nutrition-Results-Summary-9-Sep-2021.pdf p1,https://fsnau.org/nutrition/?season=2021/gu,
Gu 2021,2021,Gu,,,Garowe Urban (Nugaal),Nugaal,urban,SMART,,,5.4,,,0.3,,,6.4,,,0.3,0.18,,,0.18,,,html/nutrition_2021_gu.html,,,False,,,,,,5.4,0.3,raw/2021-Post-Gu-Key-Nutrition-Results-Summary-9-Sep-2021.pdf p1,https://fsnau.org/nutrition/?season=2021/gu,
Gu 2021,2021,Gu,,,Hargeisa Urban (W. Galbeed),W. Galbeed,urban,SMART,,,9.6,,,1.9,,,1.7,,,0.7,0.1,,,0.0,,,html/nutrition_2021_gu.html,,,False,,,,,,9.6,1.9,raw/2021-Post-Gu-Key-Nutrition-Results-Summary-9-Sep-2021.pdf p1,https://fsnau.org/nutrition/?season=2021/gu,
Gu 2021,2021,Gu,,,Kismayu Urban (L. Juba),L. Juba,urban,SMART,,,11.4,,,3.0,,,5.7,,,1.2,0.27,,,0.38,,,html/nutrition_2021_gu.html,,,False,,,,,,11.4,3.0,raw/2021-Post-Gu-Key-Nutrition-Results-Summary-9-Sep-2021.pdf p2,https://fsnau.org/nutrition/?season=2021/gu,
Gu 2021,2021,Gu,,,Mogadishu Urban (Banadir),Banadir,urban,SMART,,,14.8,,,2.8,,,2.7,,,0.0,0.33,,,0.81,,,html/nutrition_2021_gu.html,,,False,,,,,,14.8,2.8,raw/2021-Post-Gu-Key-Nutrition-Results-Summary-9-Sep-2021.pdf p2,https://fsnau.org/nutrition/?season=2021/gu,
Deyr 2021/22,2021,Deyr,,,Baidoa IDPs (Bay),Bay,IDP,SMART,,,17.0,,,3.9,,,13.4,,,5.2,0.33,,,0.81,,,html/nutrition_2021_deyr.html,,,False,,,,,,17.0,3.9,raw/2021-Post-Deyr-Nutrition-Results-2022.pdf p2,https://fsnau.org/nutrition/?season=2021/deyr,
Deyr 2021/22,2021,Deyr,,,Bosasso IDPs (Bari),Bari,IDP,SMART,,,13.7,,,1.9,,,8.5,,,0.9,0.04,,,0.0,,,html/nutrition_2021_deyr.html,,,False,,,,,,13.7,1.9,raw/2021-Post-Deyr-Nutrition-Results-2022.pdf p1,https://fsnau.org/nutrition/?season=2021/deyr,
Deyr 2021/22,2021,Deyr,,,Burao IDPs (Toghdeer),Toghdeer,IDP,SMART,,,8.7,,,1.2,,,1.2,,,0.0,0.31,,,0.33,,,html/nutrition_2021_deyr.html,,,False,,,,,,8.7,1.2,raw/2021-Post-Deyr-Nutrition-Results-2022.pdf p1,https://fsnau.org/nutrition/?season=2021/deyr,
Deyr 2021/22,2021,Deyr,,,Dhusamareb IDPs (Galgadud),Galgadud,IDP,SMART,,,14.9,,,1.4,,,12.8,,,2.5,0.29,,,0.27,,,html/nutrition_2021_deyr.html,,,False,,,,,,14.9,1.4,raw/2021-Post-Deyr-Nutrition-Results-2022.pdf p1,https://fsnau.org/nutrition/?season=2021/deyr,
Deyr 2021/22,2021,Deyr,,,Dolow IDPs (N Gedo),N Gedo,IDP,SMART,,,14.9,,,2.5,,,4.7,,,0.7,0.35,,,0.68,,,html/nutrition_2021_deyr.html,,,False,,,,,,14.9,2.5,raw/2021-Post-Deyr-Nutrition-Results-2022.pdf p2,https://fsnau.org/nutrition/?season=2021/deyr,
Deyr 2021/22,2021,Deyr,,,Galkacyo IDPs (Mudug),Mudug,IDP,SMART,,,14.0,,,2.7,,,7.9,,,1.2,0.04,,,0.0,,,html/nutrition_2021_deyr.html,,,False,,,,,,14.0,2.7,raw/2021-Post-Deyr-Nutrition-Results-2022.pdf p1,https://fsnau.org/nutrition/?season=2021/deyr,
Deyr 2021/22,2021,Deyr,,,Garowe IDPs (Nugaal),Nugaal,IDP,SMART,,,11.2,,,0.9,,,3.3,,,0.7,0.09,,,0.27,,,html/nutrition_2021_deyr.html,,,False,,,,,,11.2,0.9,raw/2021-Post-Deyr-Nutrition-Results-2022.pdf p1,https://fsnau.org/nutrition/?season=2021/deyr,
Deyr 2021/22,2021,Deyr,,,Hargeisa IDPs (W. Galbeed),W. Galbeed,IDP,SMART,,,7.7,,,2.0,,,4.3,,,1.0,0.12,,,0.0,,,html/nutrition_2021_deyr.html,,,False,,,,,,7.7,2.0,raw/2021-Post-Deyr-Nutrition-Results-2022.pdf p1,https://fsnau.org/nutrition/?season=2021/deyr,
Deyr 2021/22,2021,Deyr,,,Kismayu IDPs (L. Juba),L. Juba,IDP,SMART,,,11.7,,,3.2,,,8.7,,,2.3,0.48,,,0.77,,,html/nutrition_2021_deyr.html,,,False,,,,,,11.7,3.2,raw/2021-Post-Deyr-Nutrition-Results-2022.pdf p2,https://fsnau.org/nutrition/?season=2021/deyr,
Deyr 2021/22,2021,Deyr,,,Mogadishu IDPs (Banadir),Banadir,IDP,SMART,,,17.0,,,3.9,,,8.3,,,2.3,0.57,,,1.81,,,html/nutrition_2021_deyr.html,,,False,,,,,,17.0,3.9,raw/2021-Post-Deyr-Nutrition-Results-2022.pdf p2,https://fsnau.org/nutrition/?season=2021/deyr,
Deyr 2021/22,2021,Deyr,,,Beletweyne Urban (Urban & IDP),,mixed,SMART,,,17.4,,,2.5,,,7.6,,,0.8,0.13,,,0.34,,,html/nutrition_2021_deyr.html,,,False,,,,,,17.4,2.5,raw/2021-Post-Deyr-Nutrition-Results-2022.pdf p2,https://fsnau.org/nutrition/?season=2021/deyr,
Deyr 2021/22,2021,Deyr,,,Addun Pastoral,,rural,SMART,,,13.0,,,1.5,,,5.5,,,0.3,0.26,,,0.43,,,html/nutrition_2021_deyr.html,,,False,,,,,,13.0,1.5,raw/2021-Post-Deyr-Nutrition-Results-2022.pdf p1,https://fsnau.org/nutrition/?season=2021/deyr,
Deyr 2021/22,2021,Deyr,,,Bay Agropastoral,,rural,SMART,,,13.9,,,2.9,,,10.2,,,2.4,0.37,,,0.67,,,html/nutrition_2021_deyr.html,,,False,,,,,,13.9,2.9,raw/2021-Post-Deyr-Nutrition-Results-2022.pdf p2,https://fsnau.org/nutrition/?season=2021/deyr,
Deyr 2021/22,2021,Deyr,,,Beletweyne District (Riverine& AP),,rural,SMART,,,18.3,,,3.5,,,5.9,,,1.3,0.09,,,0.36,,,html/nutrition_2021_deyr.html,,,False,,,,,,18.3,3.5,raw/2021-Post-Deyr-Nutrition-Results-2022.pdf p1,https://fsnau.org/nutrition/?season=2021/deyr,
Deyr 2021/22,2021,Deyr,,,Coastal Deeh Pastoral of Northeast,,rural,SMART,,,5.9,,,0.2,,,1.1,,,0.0,0.06,,,0.19,,,html/nutrition_2021_deyr.html,,,False,,,,,,5.9,0.2,raw/2021-Post-Deyr-Nutrition-Results-2022.pdf p1,https://fsnau.org/nutrition/?season=2021/deyr,
Deyr 2021/22,2021,Deyr,,,East Golis Pastoral,,rural,SMART,,,13.0,,,2.4,,,9.9,,,2.6,0.51,,,0.66,,,html/nutrition_2021_deyr.html,,,False,,,,,,13.0,2.4,raw/2021-Post-Deyr-Nutrition-Results-2022.pdf p1,https://fsnau.org/nutrition/?season=2021/deyr,
Deyr 2021/22,2021,Deyr,,,Elberde District (ACF),ACF,rural,SMART,,,24.0,,,3.6,,,16.1,,,1.8,0.86,,,0.51,,,html/nutrition_2021_deyr.html,,,False,,,,,,24.0,3.6,raw/2021-Post-Deyr-Nutrition-Results-2022.pdf p2,https://fsnau.org/nutrition/?season=2021/deyr,
Deyr 2021/22,2021,Deyr,,,Guban Pastoral,,rural,SMART,,,7.7,,,0.3,,,4.1,,,1.0,0.33,,,0.18,,,html/nutrition_2021_deyr.html,,,False,,,,,,7.7,0.3,raw/2021-Post-Deyr-Nutrition-Results-2022.pdf p1,https://fsnau.org/nutrition/?season=2021/deyr,
Deyr 2021/22,2021,Deyr,,,Hawd Pastoral of Central,,rural,SMART,,,19.7,,,3.7,,,6.4,,,0.3,0.03,,,0.0,,,html/nutrition_2021_deyr.html,,,False,,,,,,19.7,3.7,raw/2021-Post-Deyr-Nutrition-Results-2022.pdf p1,https://fsnau.org/nutrition/?season=2021/deyr,
Deyr 2021/22,2021,Deyr,,,Hawd Pastoral of Northwest,,rural,SMART,,,20.0,,,4.0,,,5.8,,,2.2,0.09,,,0.18,,,html/nutrition_2021_deyr.html,,,False,,,,,,20.0,4.0,raw/2021-Post-Deyr-Nutrition-Results-2022.pdf p1,https://fsnau.org/nutrition/?season=2021/deyr,
Deyr 2021/22,2021,Deyr,,,Median,,rural,SMART,,,13.0,,,2.1,,,5.5,,,,0.28,,,0.34,,,html/nutrition_2021_deyr.html,,,False,,,,,,,,,https://fsnau.org/nutrition/?season=2021/deyr,
Deyr 2021/22,2021,Deyr,,,North Gedo Pastoral,,rural,SMART,,,11.3,,,1.1,,,3.1,,,0.5,0.36,,,0.9,,,html/nutrition_2021_deyr.html,,,False,,,,,,11.3,1.1,raw/2021-Post-Deyr-Nutrition-Results-2022.pdf p2,https://fsnau.org/nutrition/?season=2021/deyr,
Deyr 2021/22,2021,Deyr,,,North Gedo Riverine,,rural,SMART,,,15.6,,,3.2,,,6.3,,,0.9,0.28,,,0.8,,,html/nutrition_2021_deyr.html,,,False,,,,,,15.6,3.2,raw/2021-Post-Deyr-Nutrition-Results-2022.pdf p2,https://fsnau.org/nutrition/?season=2021/deyr,
Deyr 2021/22,2021,Deyr,,,Northern Inland Pastoral of Northeas,,rural,SMART,,,7.8,,,0.3,,,5.5,,,0.0,0.1,,,0.18,,,html/nutrition_2021_deyr.html,,,False,,,,,,7.8,0.3,raw/2021-Post-Deyr-Nutrition-Results-2022.pdf p1,https://fsnau.org/nutrition/?season=2021/deyr,
Deyr 2021/22,2021,Deyr,,,Northern Inland Pastoral of Northwes,,rural,SMART,,,11.0,,,1.3,,,5.2,,,2.1,0.39,,,0.16,,,html/nutrition_2021_deyr.html,,,False,,,,,,11.0,1.3,raw/2021-Post-Deyr-Nutrition-Results-2022.pdf p1,https://fsnau.org/nutrition/?season=2021/deyr,
Deyr 2021/22,2021,Deyr,,,Northwest Agropastoral,,rural,SMART,,,6.3,,,1.3,,,1.3,,,0.3,0.03,,,0.0,,,html/nutrition_2021_deyr.html,,,False,,,,,,6.3,1.3,raw/2021-Post-Deyr-Nutrition-Results-2022.pdf p1,https://fsnau.org/nutrition/?season=2021/deyr,
Deyr 2021/22,2021,Deyr,,,Shabelle Agropastoral,,rural,SMART,,,14.1,,,2.4,,,7.6,,,0.7,0.29,,,0.49,,,html/nutrition_2021_deyr.html,,,False,,,,,,14.1,2.4,raw/2021-Post-Deyr-Nutrition-Results-2022.pdf p2,https://fsnau.org/nutrition/?season=2021/deyr,
Deyr 2021/22,2021,Deyr,,,Shabelle Riverine,,rural,SMART,,,15.2,,,2.9,,,6.5,,,1.3,0.39,,,0.85,,,html/nutrition_2021_deyr.html,,,False,,,,,,15.2,2.9,raw/2021-Post-Deyr-Nutrition-Results-2022.pdf p2,https://fsnau.org/nutrition/?season=2021/deyr,
Deyr 2021/22,2021,Deyr,,,West Golis Pastoral,,rural,SMART,,,6.6,,,0.8,,,1.5,,,0.2,0.15,,,0.19,,,html/nutrition_2021_deyr.html,,,False,,,,,,6.6,0.8,raw/2021-Post-Deyr-Nutrition-Results-2022.pdf p1,https://fsnau.org/nutrition/?season=2021/deyr,
Deyr 2021/22,2021,Deyr,,,Baidoa Urban (Bay),Bay,urban,SMART,,,8.4,,,2.0,,,9.8,,,2.4,0.46,,,0.64,,,html/nutrition_2021_deyr.html,,,False,,,,,,8.4,2.0,raw/2021-Post-Deyr-Nutrition-Results-2022.pdf p2,https://fsnau.org/nutrition/?season=2021/deyr,
Deyr 2021/22,2021,Deyr,,,Bosasso Urban (Bari),Bari,urban,SMART,,,14.5,,,2.1,,,5.1,,,0.6,0.04,,,0.0,,,html/nutrition_2021_deyr.html,,,False,,,,,,14.5,2.1,raw/2021-Post-Deyr-Nutrition-Results-2022.pdf p1,https://fsnau.org/nutrition/?season=2021/deyr,
Deyr 2021/22,2021,Deyr,,,Burao Urban (Toghdeer),Toghdeer,urban,SMART,,,4.1,,,0.5,,,0.7,,,0.2,0.69,,,0.0,,,html/nutrition_2021_deyr.html,,,False,,,,,,4.1,0.5,raw/2021-Post-Deyr-Nutrition-Results-2022.pdf p1,https://fsnau.org/nutrition/?season=2021/deyr,
Deyr 2021/22,2021,Deyr,,,Dhusamareb Urban (Galgadud),Galgadud,urban,SMART,,,9.6,,,2.0,,,4.9,,,0.8,0.28,,,0.39,,,html/nutrition_2021_deyr.html,,,False,,,,,,9.6,2.0,raw/2021-Post-Deyr-Nutrition-Results-2022.pdf p1,https://fsnau.org/nutrition/?season=2021/deyr,
Deyr 2021/22,2021,Deyr,,,Dolow Urban (N Gedo),N Gedo,urban,SMART,,,9.7,,,1.1,,,1.8,,,0.2,0.31,,,0.53,,,html/nutrition_2021_deyr.html,,,False,,,,,,9.7,1.1,raw/2021-Post-Deyr-Nutrition-Results-2022.pdf p2,https://fsnau.org/nutrition/?season=2021/deyr,
Deyr 2021/22,2021,Deyr,,,Galkacyo Urban (Mudug),Mudug,urban,SMART,,,15.5,,,2.3,,,5.0,,,0.3,0.07,,,0.0,,,html/nutrition_2021_deyr.html,,,False,,,,,,15.5,2.3,raw/2021-Post-Deyr-Nutrition-Results-2022.pdf p1,https://fsnau.org/nutrition/?season=2021/deyr,
Deyr 2021/22,2021,Deyr,,,Garowe Urban (Nugaal),Nugaal,urban,SMART,,,5.8,,,0.0,,,1.5,,,0.0,0.1,,,0.35,,,html/nutrition_2021_deyr.html,,,False,,,,,,5.8,0.0,raw/2021-Post-Deyr-Nutrition-Results-2022.pdf p1,https://fsnau.org/nutrition/?season=2021/deyr,
Deyr 2021/22,2021,Deyr,,,Hargeisa Urban (W. Galbeed),W. Galbeed,urban,SMART,,,7.3,,,0.7,,,0.9,,,0.2,0.04,,,0.0,,,html/nutrition_2021_deyr.html,,,False,,,,,,7.3,0.7,raw/2021-Post-Deyr-Nutrition-Results-2022.pdf p1,https://fsnau.org/nutrition/?season=2021/deyr,
Deyr 2021/22,2021,Deyr,,,Huddur urban(ACF),ACF,urban,SMART,,,19.1,,,4.0,,,16.4,,,3.7,0.16,,,0.08,,,html/nutrition_2021_deyr.html,,,False,,,,,,19.1,4.0,raw/2021-Post-Deyr-Nutrition-Results-2022.pdf p2,https://fsnau.org/nutrition/?season=2021/deyr,
Deyr 2021/22,2021,Deyr,,,Kismayu Urban (L. Juba),L. Juba,urban,SMART,,,12.0,,,2.1,,,5.2,,,0.6,0.52,,,0.59,,,html/nutrition_2021_deyr.html,,,False,,,,,,12.0,2.1,raw/2021-Post-Deyr-Nutrition-Results-2022.pdf p2,https://fsnau.org/nutrition/?season=2021/deyr,
Deyr 2021/22,2021,Deyr,,,Mogadishu Urban (Banadir),Banadir,urban,SMART,,,14.5,,,2.6,,,2.5,,,0.0,0.56,,,0.43,,,html/nutrition_2021_deyr.html,,,False,,,,,,14.5,2.6,raw/2021-Post-Deyr-Nutrition-Results-2022.pdf p2,https://fsnau.org/nutrition/?season=2021/deyr,
Gu 2022,2022,Gu,,,Baidoa IDPs (Bay),Bay,IDP,SMART,,,28.6,,,10.2,,,28.5,,,10.4,1.11,,,2.43,,,html/nutrition_2022_gu.html,,,False,,,,,,28.6,10.2,raw/Somalia-2022-Post-Gu-Nutrition-Results-Summary-13-Sep-2022.pdf p1,https://fsnau.org/nutrition/?season=2022/gu,
Gu 2022,2022,Gu,,,Bosasso IDPs (Bari),Bari,IDP,SMART,,,15.9,,,3.4,,,14.1,,,2.4,0.19,,,0.43,,,html/nutrition_2022_gu.html,,,False,,,,,,15.9,3.4,raw/Somalia-2022-Post-Gu-Nutrition-Results-Summary-13-Sep-2022.pdf p1,https://fsnau.org/nutrition/?season=2022/gu,
Gu 2022,2022,Gu,,,Dhusamareb IDPs (Galgadud),Galgadud,IDP,SMART,,,16.1,,,3.0,,,11.6,,,3.3,0.31,,,0.0,,,html/nutrition_2022_gu.html,,,False,,,,,,16.1,3.0,raw/Somalia-2022-Post-Gu-Nutrition-Results-Summary-13-Sep-2022.pdf p1,https://fsnau.org/nutrition/?season=2022/gu,
Gu 2022,2022,Gu,,,Dolow IDPs (N Gedo),N Gedo,IDP,SMART,,,18.2,,,4.7,,,8.2,,,2.9,0.37,,,1.1,,,html/nutrition_2022_gu.html,,,False,,,,,,18.2,4.7,raw/Somalia-2022-Post-Gu-Nutrition-Results-Summary-13-Sep-2022.pdf p1,https://fsnau.org/nutrition/?season=2022/gu,
Gu 2022,2022,Gu,,,Galkacyo IDPs (Mudug),Mudug,IDP,SMART,,,20.6,,,3.4,,,9.5,,,2.3,0.22,,,0.36,,,html/nutrition_2022_gu.html,,,False,,,,,,20.6,3.4,raw/Somalia-2022-Post-Gu-Nutrition-Results-Summary-13-Sep-2022.pdf p1,https://fsnau.org/nutrition/?season=2022/gu,
Gu 2022,2022,Gu,,,Garowe IDPs (Nugaal),Nugaal,IDP,SMART,,,17.2,,,4.1,,,6.1,,,1.6,0.1,,,0.14,,,html/nutrition_2022_gu.html,,,False,,,,,,17.2,4.1,raw/Somalia-2022-Post-Gu-Nutrition-Results-Summary-13-Sep-2022.pdf p1,https://fsnau.org/nutrition/?season=2022/gu,
Gu 2022,2022,Gu,,,Kismayu IDPs (L. Juba),L. Juba,IDP,SMART,,,18.2,,,3.2,,,13.8,,,5.4,0.69,,,1.21,,,html/nutrition_2022_gu.html,,,False,,,,,,18.2,3.2,raw/Somalia-2022-Post-Gu-Nutrition-Results-Summary-13-Sep-2022.pdf p1,https://fsnau.org/nutrition/?season=2022/gu,
Gu 2022,2022,Gu,,,Mogadishu IDPs (Banadir),Banadir,IDP,SMART,,,26.6,,,6.3,,,15.1,,,4.6,0.87,,,1.94,,,html/nutrition_2022_gu.html,,,False,,,,,,26.6,6.3,raw/Somalia-2022-Post-Gu-Nutrition-Results-Summary-13-Sep-2022.pdf p1,https://fsnau.org/nutrition/?season=2022/gu,
Gu 2022,2022,Gu,,,Beletweyne Urban (Urban & IDP)**Apri,,mixed,SMART,,,23.1,,,6.5,,,9.5,,,1.6,0.12,,,0.14,,,html/nutrition_2022_gu.html,,,False,,,,,,23.1,6.5,raw/Somalia-2022-Post-Gu-Nutrition-Results-Summary-13-Sep-2022.pdf p1,https://fsnau.org/nutrition/?season=2022/gu,
Gu 2022,2022,Gu,,,Addun Pastoral**April/May Survey**,,rural,SMART,,,15.2,,,1.9,,,3.5,,,0.1,0.1,,,0.0,,,html/nutrition_2022_gu.html,,,False,,,,,,15.2,1.9,raw/Somalia-2022-Post-Gu-Nutrition-Results-Summary-13-Sep-2022.pdf p1,https://fsnau.org/nutrition/?season=2022/gu,
Gu 2022,2022,Gu,,,Bay Agro Pastoral -Baidoa & Burhakab,,rural,SMART,,,24.9,,,6.9,,,28.8,,,12.5,1.69,,,3.72,,,html/nutrition_2022_gu.html,,,False,,,,,,24.9,6.9,raw/Somalia-2022-Post-Gu-Nutrition-Results-Summary-13-Sep-2022.pdf p1,https://fsnau.org/nutrition/?season=2022/gu,
Gu 2022,2022,Gu,,,Bay Agro Pastoral -Qansah Dhere & Di,,rural,SMART,,,15.4,,,3.1,,,17.3,,,5.1,1.04,,,1.4,,,html/nutrition_2022_gu.html,,,False,,,,,,15.4,3.1,raw/Somalia-2022-Post-Gu-Nutrition-Results-Summary-13-Sep-2022.pdf p1,https://fsnau.org/nutrition/?season=2022/gu,
Gu 2022,2022,Gu,,,Beletweyne District (Riverine& AP)**,,rural,SMART,,,20.9,,,4.5,,,8.9,,,2.2,0.14,,,0.32,,,html/nutrition_2022_gu.html,,,False,,,,,,20.9,4.5,raw/Somalia-2022-Post-Gu-Nutrition-Results-Summary-13-Sep-2022.pdf p1,https://fsnau.org/nutrition/?season=2022/gu,
Gu 2022,2022,Gu,,,Coastal Deeh Pastoral of Northeast,,rural,SMART,,,10.7,,,1.4,,,3.8,,,1.0,0.0,,,0.0,,,html/nutrition_2022_gu.html,,,False,,,,,,10.7,1.4,raw/Somalia-2022-Post-Gu-Nutrition-Results-Summary-13-Sep-2022.pdf p1,https://fsnau.org/nutrition/?season=2022/gu,
Gu 2022,2022,Gu,,,East Golis Pastoral,,rural,SMART,,,11.1,,,0.8,,,3.4,,,0.4,0.14,,,0.3,,,html/nutrition_2022_gu.html,,,False,,,,,,11.1,0.8,raw/Somalia-2022-Post-Gu-Nutrition-Results-Summary-13-Sep-2022.pdf p1,https://fsnau.org/nutrition/?season=2022/gu,
Gu 2022,2022,Gu,,,Hawd Pastoral of Central**April/May,,rural,SMART,,,19.0,,,3.7,,,5.9,,,0.4,0.11,,,0.27,,,html/nutrition_2022_gu.html,,,False,,,,,,19.0,3.7,raw/Somalia-2022-Post-Gu-Nutrition-Results-Summary-13-Sep-2022.pdf p1,https://fsnau.org/nutrition/?season=2022/gu,
Gu 2022,2022,Gu,,,Median,,rural,SMART,,,15.9,,,3.1,,,8.2,,,1.6,0.22,,,0.43,,,html/nutrition_2022_gu.html,,,False,,,,,,,,,https://fsnau.org/nutrition/?season=2022/gu,
Gu 2022,2022,Gu,,,North Gedo Pastoral,,rural,SMART,,,15.4,,,1.7,,,4.0,,,0.4,0.66,,,1.38,,,html/nutrition_2022_gu.html,,,False,,,,,,15.4,1.7,raw/Somalia-2022-Post-Gu-Nutrition-Results-Summary-13-Sep-2022.pdf p1,https://fsnau.org/nutrition/?season=2022/gu,
Gu 2022,2022,Gu,,,North Gedo Riverine,,rural,SMART,,,15.0,,,1.9,,,8.0,,,2.5,0.45,,,0.96,,,html/nutrition_2022_gu.html,,,False,,,,,,15.0,1.9,raw/Somalia-2022-Post-Gu-Nutrition-Results-Summary-13-Sep-2022.pdf p1,https://fsnau.org/nutrition/?season=2022/gu,
Gu 2022,2022,Gu,,,Northern Inland Pastoral of Northeas,,rural,SMART,,,11.3,,,1.4,,,8.4,,,0.4,0.15,,,0.0,,,html/nutrition_2022_gu.html,,,False,,,,,,11.3,1.4,raw/Somalia-2022-Post-Gu-Nutrition-Results-Summary-13-Sep-2022.pdf p1,https://fsnau.org/nutrition/?season=2022/gu,
Gu 2022,2022,Gu,,,Shabelle Agropastoral,,rural,SMART,,,17.1,,,4.3,,,6.4,,,0.7,1.06,,,2.51,,,html/nutrition_2022_gu.html,,,False,,,,,,17.1,4.3,raw/Somalia-2022-Post-Gu-Nutrition-Results-Summary-13-Sep-2022.pdf p1,https://fsnau.org/nutrition/?season=2022/gu,
Gu 2022,2022,Gu,,,Shabelle Riverine,,rural,SMART,,,16.8,,,3.1,,,8.2,,,1.0,1.06,,,2.22,,,html/nutrition_2022_gu.html,,,False,,,,,,16.8,3.1,raw/Somalia-2022-Post-Gu-Nutrition-Results-Summary-13-Sep-2022.pdf p1,https://fsnau.org/nutrition/?season=2022/gu,
Gu 2022,2022,Gu,,,Baidoa Urban (Bay),Bay,urban,SMART,,,11.3,,,2.0,,,12.5,,,3.1,0.34,,,0.45,,,html/nutrition_2022_gu.html,,,False,,,,,,11.3,2.0,raw/Somalia-2022-Post-Gu-Nutrition-Results-Summary-13-Sep-2022.pdf p1,https://fsnau.org/nutrition/?season=2022/gu,
Gu 2022,2022,Gu,,,Bosasso Urban (Bari),Bari,urban,SMART,,,17.2,,,2.3,,,9.5,,,0.4,0.09,,,0.2,,,html/nutrition_2022_gu.html,,,False,,,,,,17.2,2.3,raw/Somalia-2022-Post-Gu-Nutrition-Results-Summary-13-Sep-2022.pdf p1,https://fsnau.org/nutrition/?season=2022/gu,
Gu 2022,2022,Gu,,,Dhusamareb Urban (Galgadud),Galgadud,urban,SMART,,,10.6,,,2.0,,,6.1,,,1.2,0.22,,,0.85,,,html/nutrition_2022_gu.html,,,False,,,,,,10.6,2.0,raw/Somalia-2022-Post-Gu-Nutrition-Results-Summary-13-Sep-2022.pdf p1,https://fsnau.org/nutrition/?season=2022/gu,
Gu 2022,2022,Gu,,,Dolow Urban (N Gedo),N Gedo,urban,SMART,,,13.3,,,1.6,,,0.6,,,0.2,0.26,,,0.57,,,html/nutrition_2022_gu.html,,,False,,,,,,13.3,1.6,raw/Somalia-2022-Post-Gu-Nutrition-Results-Summary-13-Sep-2022.pdf p1,https://fsnau.org/nutrition/?season=2022/gu,
Gu 2022,2022,Gu,,,Galkacyo Urban (Mudug),Mudug,urban,SMART,,,13.8,,,2.0,,,5.1,,,0.5,0.07,,,0.0,,,html/nutrition_2022_gu.html,,,False,,,,,,13.8,2.0,raw/Somalia-2022-Post-Gu-Nutrition-Results-Summary-13-Sep-2022.pdf p1,https://fsnau.org/nutrition/?season=2022/gu,
Gu 2022,2022,Gu,,,Garowe Urban (Nugaal),Nugaal,urban,SMART,,,8.4,,,0.9,,,2.4,,,1.7,0.16,,,0.0,,,html/nutrition_2022_gu.html,,,False,,,,,,8.4,0.9,raw/Somalia-2022-Post-Gu-Nutrition-Results-Summary-13-Sep-2022.pdf p1,https://fsnau.org/nutrition/?season=2022/gu,
Gu 2022,2022,Gu,,,Kismayu Urban (L. Juba),L. Juba,urban,SMART,,,14.0,,,3.9,,,9.9,,,2.2,0.2,,,0.18,,,html/nutrition_2022_gu.html,,,False,,,,,,14.0,3.9,raw/Somalia-2022-Post-Gu-Nutrition-Results-Summary-13-Sep-2022.pdf p1,https://fsnau.org/nutrition/?season=2022/gu,
Gu 2022,2022,Gu,,,Mogadishu Urban (Banadir),Banadir,urban,SMART,,,14.4,,,3.2,,,6.7,,,0.4,0.49,,,0.97,,,html/nutrition_2022_gu.html,,,False,,,,,,14.4,3.2,raw/Somalia-2022-Post-Gu-Nutrition-Results-Summary-13-Sep-2022.pdf p1,https://fsnau.org/nutrition/?season=2022/gu,
Deyr 2022/23,2022,Deyr,,,Baidoa IDPs (Bay),Bay,IDP,SMART,,,21.2,18.0,24.6,5.9,,,19.6,,,9.6,1.84,,,4.86,,,html/nutrition_2022_deyr.html,,raw/IPC-Somalia-Acute-Food-Insecurity-Malnutrition-Jan-Jun-2024-Report.pdf p21 (previous-year comparison),False,,,,,,21.2,5.9,raw/Somalia-2022-Post-Deyr-Nutrition-Results-Summary-28-Feb-2023.pdf p1,https://fsnau.org/nutrition/?season=2022/deyr,
Deyr 2022/23,2022,Deyr,,,Beletweyne IDPs,,IDP,SMART,,,16.4,13.0,20.4,2.6,,,8.9,,,0.8,0.66,,,0.84,,,html/nutrition_2022_deyr.html,,raw/IPC-Somalia-Acute-Food-Insecurity-Malnutrition-Jan-Jun-2024-Report.pdf p21 (previous-year comparison),False,,,,,,16.4,2.6,raw/Somalia-2022-Post-Deyr-Nutrition-Results-Summary-28-Feb-2023.pdf p1,https://fsnau.org/nutrition/?season=2022/deyr,
Deyr 2022/23,2022,Deyr,,,Bosasso IDPs (Bari),Bari,IDP,SMART,,,13.8,11.3,16.8,2.4,,,9.2,,,0.6,0.24,,,0.69,,,html/nutrition_2022_deyr.html,,raw/IPC-Somalia-Acute-Food-Insecurity-Malnutrition-Jan-Jun-2024-Report.pdf p21 (previous-year comparison),False,,,,,,13.8,2.4,raw/Somalia-2022-Post-Deyr-Nutrition-Results-Summary-28-Feb-2023.pdf p1,https://fsnau.org/nutrition/?season=2022/deyr,
Deyr 2022/23,2022,Deyr,,,Dhusamareb IDPs (Galgadud),Galgadud,IDP,SMART,,,12.1,,,2.9,,,7.0,,,1.5,0.56,,,0.8,,,html/nutrition_2022_deyr.html,,,False,,,,,,12.1,2.9,raw/Somalia-2022-Post-Deyr-Nutrition-Results-Summary-28-Feb-2023.pdf p1,https://fsnau.org/nutrition/?season=2022/deyr,
Deyr 2022/23,2022,Deyr,,,Dollow IDPs (N Gedo),N Gedo,IDP,SMART,,,15.2,12.5,18.5,2.0,,,5.5,,,0.5,0.25,,,0.81,,,html/nutrition_2022_deyr.html,,raw/IPC-Somalia-Acute-Food-Insecurity-Malnutrition-Jan-Jun-2024-Report.pdf p21 (previous-year comparison),False,,,,,,15.2,2.0,raw/Somalia-2022-Post-Deyr-Nutrition-Results-Summary-28-Feb-2023.pdf p1,https://fsnau.org/nutrition/?season=2022/deyr,
Deyr 2022/23,2022,Deyr,,,Galkacyo IDPs (Mudug),Mudug,IDP,SMART,,,15.4,12.3,19.1,3.8,,,7.7,,,0.6,0.07,,,0.0,,,html/nutrition_2022_deyr.html,,raw/IPC-Somalia-Acute-Food-Insecurity-Malnutrition-Jan-Jun-2024-Report.pdf p21 (previous-year comparison),False,,,,,,15.4,3.8,raw/Somalia-2022-Post-Deyr-Nutrition-Results-Summary-28-Feb-2023.pdf p1,https://fsnau.org/nutrition/?season=2022/deyr,
Deyr 2022/23,2022,Deyr,,,Garowe IDPs (Nugaal),Nugaal,IDP,SMART,,,16.9,13.2,21.4,3.6,,,2.4,,,0.8,0.4,,,0.64,,,html/nutrition_2022_deyr.html,,raw/IPC-Somalia-Acute-Food-Insecurity-Malnutrition-Jan-Jun-2024-Report.pdf p21 (previous-year comparison),False,,,,,,16.9,3.6,raw/Somalia-2022-Post-Deyr-Nutrition-Results-Summary-28-Feb-2023.pdf p1,https://fsnau.org/nutrition/?season=2022/deyr,
Deyr 2022/23,2022,Deyr,,,Kismayu IDPs (L. Juba),L. Juba,IDP,SMART,,,15.2,12.6,18.2,2.8,,,11.0,,,3.4,0.6,,,0.79,,,html/nutrition_2022_deyr.html,,raw/IPC-Somalia-Acute-Food-Insecurity-Malnutrition-Jan-Jun-2024-Report.pdf p21 (previous-year comparison),False,,,,,,15.2,2.8,raw/Somalia-2022-Post-Deyr-Nutrition-Results-Summary-28-Feb-2023.pdf p1,https://fsnau.org/nutrition/?season=2022/deyr,
Deyr 2022/23,2022,Deyr,,,Mogadishu IDPs (Banadir),Banadir,IDP,SMART,,,24.5,20.6,28.9,6.5,,,11.0,,,2.8,1.48,,,4.19,,,html/nutrition_2022_deyr.html,,raw/IPC-Somalia-Acute-Food-Insecurity-Malnutrition-Jan-Jun-2024-Report.pdf p21 (previous-year comparison),False,,,,,,24.5,6.5,raw/Somalia-2022-Post-Deyr-Nutrition-Results-Summary-28-Feb-2023.pdf p1,https://fsnau.org/nutrition/?season=2022/deyr,
Deyr 2022/23,2022,Deyr,,,Burao Urban&IDPS(SCI),SCI,mixed,SMART,,,10.2,,,1.2,,,2.2,,,0.6,0.26,,,0.0,,,html/nutrition_2022_deyr.html,,,False,,,,,,10.2,1.2,raw/Somalia-2022-Post-Deyr-Nutrition-Results-Summary-28-Feb-2023.pdf p1,https://fsnau.org/nutrition/?season=2022/deyr,
Deyr 2022/23,2022,Deyr,,,Adado District (SCI),SCI,rural,SMART,,,11.2,,,2.3,,,4.0,,,0.1,0.12,,,0.0,,,html/nutrition_2022_deyr.html,,,False,,,,,,11.2,2.3,raw/Somalia-2022-Post-Deyr-Nutrition-Results-Summary-28-Feb-2023.pdf p1,https://fsnau.org/nutrition/?season=2022/deyr,
Deyr 2022/23,2022,Deyr,,,Addun Pastoral,,rural,SMART,,,13.9,,,2.2,,,5.4,,,0.4,0.0,,,0.0,,,html/nutrition_2022_deyr.html,,,False,,,,,,13.9,2.2,raw/Somalia-2022-Post-Deyr-Nutrition-Results-Summary-28-Feb-2023.pdf p1,https://fsnau.org/nutrition/?season=2022/deyr,
Deyr 2022/23,2022,Deyr,,,Baidoa & Burhakaba Agropastoral,,rural,SMART,,,19.8,,,4.1,,,19.0,,,8.0,1.16,,,1.95,,,html/nutrition_2022_deyr.html,,,False,,,,,,19.8,4.1,raw/Somalia-2022-Post-Deyr-Nutrition-Results-Summary-28-Feb-2023.pdf p1,https://fsnau.org/nutrition/?season=2022/deyr,
Deyr 2022/23,2022,Deyr,,,Bay Agro Pastoral -Qansah Dhere & Di,,rural,SMART,,,14.5,,,2.6,,,13.4,,,4.2,0.67,,,1.63,,,html/nutrition_2022_deyr.html,,,False,,,,,,14.5,2.6,raw/Somalia-2022-Post-Deyr-Nutrition-Results-Summary-28-Feb-2023.pdf p1,https://fsnau.org/nutrition/?season=2022/deyr,
Deyr 2022/23,2022,Deyr,,,Beletweyne District (Riverine& AP),,rural,SMART,,,17.7,14.1,21.8,3.7,,,11.3,,,2.4,0.57,,,0.56,,,html/nutrition_2022_deyr.html,,raw/IPC-Somalia-Acute-Food-Insecurity-Malnutrition-Jan-Jun-2024-Report.pdf p21 (previous-year comparison),False,,,,,,17.7,3.7,raw/Somalia-2022-Post-Deyr-Nutrition-Results-Summary-28-Feb-2023.pdf p1,https://fsnau.org/nutrition/?season=2022/deyr,
Deyr 2022/23,2022,Deyr,,,Coastal Deeh Pastoral of Northeast,,rural,SMART,,,9.5,5.9,14.9,1.8,,,1.2,,,0.0,0.0,,,0.0,,,html/nutrition_2022_deyr.html,,raw/IPC-Somalia-Acute-Food-Insecurity-Malnutrition-Jan-Jun-2024-Report.pdf p21 (previous-year comparison),False,,,,,,9.5,1.8,raw/Somalia-2022-Post-Deyr-Nutrition-Results-Summary-28-Feb-2023.pdf p1,https://fsnau.org/nutrition/?season=2022/deyr,
Deyr 2022/23,2022,Deyr,,,Dhobley district(SCI),SCI,rural,SMART,,,15.4,,,2.6,,,9.4,,,1.8,0.27,,,0.16,,,html/nutrition_2022_deyr.html,,,False,,,,,,15.4,2.6,raw/Somalia-2022-Post-Deyr-Nutrition-Results-Summary-28-Feb-2023.pdf p1,https://fsnau.org/nutrition/?season=2022/deyr,
Deyr 2022/23,2022,Deyr,,,East Golis Pastoral,,rural,SMART,,,18.6,15.1,22.7,2.4,,,6.7,,,0.2,0.07,,,0.29,,,html/nutrition_2022_deyr.html,,raw/IPC-Somalia-Acute-Food-Insecurity-Malnutrition-Jan-Jun-2024-Report.pdf p21 (previous-year comparison),False,,,,,,18.6,2.4,raw/Somalia-2022-Post-Deyr-Nutrition-Results-Summary-28-Feb-2023.pdf p1,https://fsnau.org/nutrition/?season=2022/deyr,
Deyr 2022/23,2022,Deyr,,,Guban (Zeilac District-SCI),Zeilac District-SCI,rural,SMART,,,19.7,,,2.1,,,4.6,,,1.0,0.3,,,0.0,,,html/nutrition_2022_deyr.html,,,False,,,,,,19.7,2.1,raw/Somalia-2022-Post-Deyr-Nutrition-Results-Summary-28-Feb-2023.pdf p1,https://fsnau.org/nutrition/?season=2022/deyr,
Deyr 2022/23,2022,Deyr,,,Hawd Pastoral of Central* October su,,rural,SMART,,,20.2,16.0,25.3,3.9,,,9.2,,,0.5,0.46,,,1.06,,,html/nutrition_2022_deyr.html,,raw/IPC-Somalia-Acute-Food-Insecurity-Malnutrition-Jan-Jun-2024-Report.pdf p21 (previous-year comparison),False,,,,,,20.2,3.9,raw/Somalia-2022-Post-Deyr-Nutrition-Results-Summary-28-Feb-2023.pdf p1,https://fsnau.org/nutrition/?season=2022/deyr,
Deyr 2022/23,2022,Deyr,,,Hawd Pastoral-NW Odweyne District(SC,,rural,SMART,,,12.2,,,2.3,,,1.8,,,0.2,0.18,,,0.19,,,html/nutrition_2022_deyr.html,,,False,,,,,,12.2,2.3,raw/Somalia-2022-Post-Deyr-Nutrition-Results-Summary-28-Feb-2023.pdf p1,https://fsnau.org/nutrition/?season=2022/deyr,
Deyr 2022/23,2022,Deyr,,,North Gedo Pastoral,,rural,SMART,,,12.9,10.2,16.0,2.5,,,5.0,,,1.4,0.39,,,1.05,,,html/nutrition_2022_deyr.html,,raw/IPC-Somalia-Acute-Food-Insecurity-Malnutrition-Jan-Jun-2024-Report.pdf p21 (previous-year comparison),False,,,,,,12.9,2.5,raw/Somalia-2022-Post-Deyr-Nutrition-Results-Summary-28-Feb-2023.pdf p1,https://fsnau.org/nutrition/?season=2022/deyr,
Deyr 2022/23,2022,Deyr,,,North Gedo Riverine,,rural,SMART,,,15.4,11.9,19.6,3.5,,,4.8,,,1.2,0.34,,,1.06,,,html/nutrition_2022_deyr.html,,raw/IPC-Somalia-Acute-Food-Insecurity-Malnutrition-Jan-Jun-2024-Report.pdf p21 (previous-year comparison),False,,,,,,15.4,3.5,raw/Somalia-2022-Post-Deyr-Nutrition-Results-Summary-28-Feb-2023.pdf p1,https://fsnau.org/nutrition/?season=2022/deyr,
Deyr 2022/23,2022,Deyr,,,Northern Inland Pastoral of Northeas,,rural,SMART,,,11.9,8.5,16.4,1.1,,,10.3,,,0.9,0.28,,,0.0,,,html/nutrition_2022_deyr.html,,raw/IPC-Somalia-Acute-Food-Insecurity-Malnutrition-Jan-Jun-2024-Report.pdf p21 (previous-year comparison),False,,,,,,11.9,1.1,raw/Somalia-2022-Post-Deyr-Nutrition-Results-Summary-28-Feb-2023.pdf p1,https://fsnau.org/nutrition/?season=2022/deyr,
Deyr 2022/23,2022,Deyr,,,Sorghum High potential-Middle Shabel,,rural,SMART,,,19.1,,,5.5,,,9.3,,,2.8,1.11,,,2.37,,,html/nutrition_2022_deyr.html,,,False,,,,,,19.1,5.5,raw/Somalia-2022-Post-Deyr-Nutrition-Results-Summary-28-Feb-2023.pdf p1,https://fsnau.org/nutrition/?season=2022/deyr,
Gu 2023,2023,Gu,,,Baidoa IDPs (Bay),Bay,IDP,SMART,,,10.8,8.8,13.2,2.1,,,13.3,,,3.9,0.4,,,0.84,,,html/nutrition_2023_gu.html,,raw/Somalia-2024-Post-Gu-IPC-communication-report_0.pdf p26 (previous-year comparison),False,,,,,,10.8,2.1,raw/Somalia-2023-Post-Gu-Nutrition-Results-Summary-18-Sep-2023.pdf p1,https://fsnau.org/nutrition/?season=2023/gu,
Gu 2023,2023,Gu,,,Bosasso IDPs (Bari),Bari,IDP,SMART,,,18.9,15.6,22.6,4.0,,,8.6,,,1.0,0.13,,,0.33,,,html/nutrition_2023_gu.html,,raw/Somalia-2024-Post-Gu-IPC-communication-report_0.pdf p26 (previous-year comparison),False,,,,,,18.9,4.0,raw/Somalia-2023-Post-Gu-Nutrition-Results-Summary-18-Sep-2023.pdf p1,https://fsnau.org/nutrition/?season=2023/gu,
Gu 2023,2023,Gu,,,Dhusamareb IDPs (Galgadud),Galgadud,IDP,SMART,,,11.7,,,1.8,,,6.4,,,0.3,0.13,,,0.0,,,html/nutrition_2023_gu.html,,,False,,,,,,11.7,1.8,raw/Somalia-2023-Post-Gu-Nutrition-Results-Summary-18-Sep-2023.pdf p1,https://fsnau.org/nutrition/?season=2023/gu,
Gu 2023,2023,Gu,,,Dolow IDPs (N Gedo),N Gedo,IDP,SMART,,,16.1,13.6,18.9,1.9,,,7.2,,,1.6,0.33,,,1.17,,,html/nutrition_2023_gu.html,,raw/Somalia-2024-Post-Gu-IPC-communication-report_0.pdf p26 (previous-year comparison),False,,,,,,16.1,1.9,raw/Somalia-2023-Post-Gu-Nutrition-Results-Summary-18-Sep-2023.pdf p1,https://fsnau.org/nutrition/?season=2023/gu,
Gu 2023,2023,Gu,,,Galkacyo IDPs (Mudug),Mudug,IDP,SMART,,,19.1,16.0,22.5,3.3,,,9.8,,,1.2,0.0,,,0.0,,,html/nutrition_2023_gu.html,,raw/Somalia-2024-Post-Gu-IPC-communication-report_0.pdf p26 (previous-year comparison),False,,,,,,19.1,3.3,raw/Somalia-2023-Post-Gu-Nutrition-Results-Summary-18-Sep-2023.pdf p1,https://fsnau.org/nutrition/?season=2023/gu,
Gu 2023,2023,Gu,,,Garowe IDPs (Nugaal),Nugaal,IDP,SMART,,,13.3,10.1,17.2,2.1,,,2.4,,,0.4,0.2,,,0.57,,,html/nutrition_2023_gu.html,,raw/Somalia-2024-Post-Gu-IPC-communication-report_0.pdf p26 (previous-year comparison),False,,,,,,13.3,2.1,raw/Somalia-2023-Post-Gu-Nutrition-Results-Summary-18-Sep-2023.pdf p1,https://fsnau.org/nutrition/?season=2023/gu,
Gu 2023,2023,Gu,,,Hargeisa IDPs (W. Galbeed),W. Galbeed,IDP,SMART,,,9.6,6.8,13.5,1.1,,,4.1,,,1.4,0.35,,,0.0,,,html/nutrition_2023_gu.html,,raw/Somalia-2024-Post-Gu-IPC-communication-report_0.pdf p26 (previous-year comparison),False,,,,,,9.6,1.1,raw/Somalia-2023-Post-Gu-Nutrition-Results-Summary-18-Sep-2023.pdf p1,https://fsnau.org/nutrition/?season=2023/gu,
Gu 2023,2023,Gu,,,Kismayu IDPs (L. Juba),L. Juba,IDP,SMART,,,17.0,13.8,20.8,2.9,,,13.8,,,4.5,0.51,,,1.12,,,html/nutrition_2023_gu.html,,raw/Somalia-2024-Post-Gu-IPC-communication-report_0.pdf p26 (previous-year comparison),False,,,,,,17.0,2.9,raw/Somalia-2023-Post-Gu-Nutrition-Results-Summary-18-Sep-2023.pdf p2,https://fsnau.org/nutrition/?season=2023/gu,
Gu 2023,2023,Gu,,,Mogadishu IDPs (Banadir),Banadir,IDP,SMART,,,18.4,14.7,22.9,3.9,,,9.3,,,2.1,0.78,,,1.62,,,html/nutrition_2023_gu.html,,raw/Somalia-2024-Post-Gu-IPC-communication-report_0.pdf p26 (previous-year comparison),False,,,,,,18.4,3.9,raw/Somalia-2023-Post-Gu-Nutrition-Results-Summary-18-Sep-2023.pdf p1,https://fsnau.org/nutrition/?season=2023/gu,
Gu 2023,2023,Gu,,,Beletweyne Urban (Urban & IDP),,mixed,SMART,,,10.8,8.8,13.1,2.3,,,7.5,,,1.4,0.52,,,1.12,,,html/nutrition_2023_gu.html,,raw/Somalia-2024-Post-Gu-IPC-communication-report_0.pdf p26 (previous-year comparison),False,,,,,,10.8,2.3,raw/Somalia-2023-Post-Gu-Nutrition-Results-Summary-18-Sep-2023.pdf p1,https://fsnau.org/nutrition/?season=2023/gu,
Gu 2023,2023,Gu,,,Addun Pastoral,,rural,SMART,,,11.0,,,0.7,,,2.3,,,0.0,0.4,,,0.66,,,html/nutrition_2023_gu.html,,,False,,,,,,11.0,0.7,raw/Somalia-2023-Post-Gu-Nutrition-Results-Summary-18-Sep-2023.pdf p1,https://fsnau.org/nutrition/?season=2023/gu,
Gu 2023,2023,Gu,,,Bay Agro Pastoral Lz,,rural,SMART,,,9.8,7.6,12.7,1.0,,,10.9,,,2.9,0.3,,,0.38,,,html/nutrition_2023_gu.html,,raw/Somalia-2024-Post-Gu-IPC-communication-report_0.pdf p26 (previous-year comparison),False,,,,,,9.8,1.0,raw/Somalia-2023-Post-Gu-Nutrition-Results-Summary-18-Sep-2023.pdf p1,https://fsnau.org/nutrition/?season=2023/gu,
Gu 2023,2023,Gu,,,Beletweyne Rural (Riverine & AP),,rural,SMART,,,17.7,13.7,22.5,3.8,,,10.6,,,1.6,0.79,,,1.62,,,html/nutrition_2023_gu.html,,raw/Somalia-2024-Post-Gu-IPC-communication-report_0.pdf p26 (previous-year comparison),False,,,,,,17.7,3.8,raw/Somalia-2023-Post-Gu-Nutrition-Results-Summary-18-Sep-2023.pdf p1,https://fsnau.org/nutrition/?season=2023/gu,
Gu 2023,2023,Gu,,,Coastal Deeh Pastoral of NE,,rural,SMART,,,6.5,3.9,10.5,0.6,,,4.2,,,0.2,0.12,,,0.43,,,html/nutrition_2023_gu.html,,raw/Somalia-2024-Post-Gu-IPC-communication-report_0.pdf p26 (previous-year comparison),False,,,,,,6.5,0.6,raw/Somalia-2023-Post-Gu-Nutrition-Results-Summary-18-Sep-2023.pdf p1,https://fsnau.org/nutrition/?season=2023/gu,
Gu 2023,2023,Gu,,,East Golis Pastoral,,rural,SMART,,,9.3,6.8,12.7,1.9,,,3.0,,,0.2,0.35,,,0.83,,,html/nutrition_2023_gu.html,,raw/Somalia-2024-Post-Gu-IPC-communication-report_0.pdf p26 (previous-year comparison),False,,,,,,9.3,1.9,raw/Somalia-2023-Post-Gu-Nutrition-Results-Summary-18-Sep-2023.pdf p1,https://fsnau.org/nutrition/?season=2023/gu,
Gu 2023,2023,Gu,,,Guban Pastoral,,rural,SMART,,,5.9,3.6,9.5,0.7,,,4.3,,,0.3,0.63,,,0.0,,,html/nutrition_2023_gu.html,,raw/Somalia-2024-Post-Gu-IPC-communication-report_0.pdf p26 (previous-year comparison),False,,,,,,5.9,0.7,raw/Somalia-2023-Post-Gu-Nutrition-Results-Summary-18-Sep-2023.pdf p1,https://fsnau.org/nutrition/?season=2023/gu,
Gu 2023,2023,Gu,,,Hawd Pastoral of Central,,rural,SMART,,,12.6,9.9,16.0,1.3,,,1.1,,,0.0,0.38,,,0.78,,,html/nutrition_2023_gu.html,,raw/Somalia-2024-Post-Gu-IPC-communication-report_0.pdf p26 (previous-year comparison),False,,,,,,12.6,1.3,raw/Somalia-2023-Post-Gu-Nutrition-Results-Summary-18-Sep-2023.pdf p1,https://fsnau.org/nutrition/?season=2023/gu,
Gu 2023,2023,Gu,,,Hawd Pastoral of Northwest,,rural,SMART,,,10.2,7.2,14.2,0.5,,,1.8,,,0.0,0.08,,,0.0,,,html/nutrition_2023_gu.html,,raw/Somalia-2024-Post-Gu-IPC-communication-report_0.pdf p26 (previous-year comparison),False,,,,,,10.2,0.5,raw/Somalia-2023-Post-Gu-Nutrition-Results-Summary-18-Sep-2023.pdf p1,https://fsnau.org/nutrition/?season=2023/gu,
Gu 2023,2023,Gu,,,North Gedo Pastoral (SIP),SIP,rural,SMART,,,14.3,11.4,17.9,1.8,,,2.6,,,0.4,0.21,,,0.59,,,html/nutrition_2023_gu.html,,raw/Somalia-2024-Post-Gu-IPC-communication-report_0.pdf p26 (previous-year comparison),False,,,,,,14.3,1.8,raw/Somalia-2023-Post-Gu-Nutrition-Results-Summary-18-Sep-2023.pdf p2,https://fsnau.org/nutrition/?season=2023/gu,
Gu 2023,2023,Gu,,,North Gedo Riverine,,rural,SMART,,,15.3,12.4,18.7,1.6,,,7.3,,,2.1,0.37,,,0.78,,,html/nutrition_2023_gu.html,,raw/Somalia-2024-Post-Gu-IPC-communication-report_0.pdf p26 (previous-year comparison),False,,,,,,15.3,1.6,raw/Somalia-2023-Post-Gu-Nutrition-Results-Summary-18-Sep-2023.pdf p2,https://fsnau.org/nutrition/?season=2023/gu,
Gu 2023,2023,Gu,,,Northern Inland Pastoral of NE,,rural,SMART,,,5.2,3.4,7.9,0.8,,,5.3,,,0.2,0.0,,,0.0,,,html/nutrition_2023_gu.html,,raw/Somalia-2024-Post-Gu-IPC-communication-report_0.pdf p26 (previous-year comparison),False,,,,,,5.2,0.8,raw/Somalia-2023-Post-Gu-Nutrition-Results-Summary-18-Sep-2023.pdf p1,https://fsnau.org/nutrition/?season=2023/gu,
Gu 2023,2023,Gu,,,Northern Inland Pastoral of NW,,rural,SMART,,,11.6,8.7,15.4,1.5,,,6.1,,,0.8,1.07,,,0.96,,,html/nutrition_2023_gu.html,,raw/Somalia-2024-Post-Gu-IPC-communication-report_0.pdf p26 (previous-year comparison),False,,,,,,11.6,1.5,raw/Somalia-2023-Post-Gu-Nutrition-Results-Summary-18-Sep-2023.pdf p1,https://fsnau.org/nutrition/?season=2023/gu,
Gu 2023,2023,Gu,,,Northwest Agropastoral,,rural,SMART,,,10.9,8.7,13.5,1.4,,,1.7,,,0.3,0.25,,,0.14,,,html/nutrition_2023_gu.html,,raw/Somalia-2024-Post-Gu-IPC-communication-report_0.pdf p26 (previous-year comparison),False,,,,,,10.9,1.4,raw/Somalia-2023-Post-Gu-Nutrition-Results-Summary-18-Sep-2023.pdf p1,https://fsnau.org/nutrition/?season=2023/gu,
Gu 2023,2023,Gu,,,Shabelle Agropastoral,,rural,SMART,,,13.1,9.8,17.4,2.7,,,8.9,,,0.6,0.7,,,1.18,,,html/nutrition_2023_gu.html,,raw/Somalia-2024-Post-Gu-IPC-communication-report_0.pdf p26 (previous-year comparison),False,,,,,,13.1,2.7,raw/Somalia-2023-Post-Gu-Nutrition-Results-Summary-18-Sep-2023.pdf p1,https://fsnau.org/nutrition/?season=2023/gu,
Gu 2023,2023,Gu,,,Shabelle Riverine,,rural,SMART,,,12.4,9.4,16.1,2.6,,,6.6,,,1.4,0.42,,,0.68,,,html/nutrition_2023_gu.html,,raw/Somalia-2024-Post-Gu-IPC-communication-report_0.pdf p26 (previous-year comparison),False,,,,,,12.4,2.6,raw/Somalia-2023-Post-Gu-Nutrition-Results-Summary-18-Sep-2023.pdf p1,https://fsnau.org/nutrition/?season=2023/gu,
Gu 2023,2023,Gu,,,West Golis Pastoral,,rural,SMART,,,16.4,,,3.5,,,3.6,,,0.9,0.58,,,0.18,,,html/nutrition_2023_gu.html,,,False,,,,,,16.4,3.5,raw/Somalia-2023-Post-Gu-Nutrition-Results-Summary-18-Sep-2023.pdf p1,https://fsnau.org/nutrition/?season=2023/gu,
Gu 2023,2023,Gu,,,Baidoa Urban (Bay),Bay,urban,SMART,,,9.3,7.0,12.2,0.9,,,6.8,,,1.6,0.16,,,0.29,,,html/nutrition_2023_gu.html,,raw/Somalia-2024-Post-Gu-IPC-communication-report_0.pdf p26 (previous-year comparison),False,,,,,,9.3,0.9,raw/Somalia-2023-Post-Gu-Nutrition-Results-Summary-18-Sep-2023.pdf p1,https://fsnau.org/nutrition/?season=2023/gu,
Gu 2023,2023,Gu,,,Bosasso Urban (Bari),Bari,urban,SMART,,,14.4,10.2,19.8,3.6,,,7.4,,,0.0,0.08,,,0.0,,,html/nutrition_2023_gu.html,,raw/Somalia-2024-Post-Gu-IPC-communication-report_0.pdf p26 (previous-year comparison),False,,,,,,14.4,3.6,raw/Somalia-2023-Post-Gu-Nutrition-Results-Summary-18-Sep-2023.pdf p1,https://fsnau.org/nutrition/?season=2023/gu,
Gu 2023,2023,Gu,,,Dhusamareb Urban (Galgadud),Galgadud,urban,SMART,,,12.4,,,2.3,,,6.5,,,1.5,0.42,,,0.38,,,html/nutrition_2023_gu.html,,,False,,,,,,12.4,2.3,raw/Somalia-2023-Post-Gu-Nutrition-Results-Summary-18-Sep-2023.pdf p1,https://fsnau.org/nutrition/?season=2023/gu,
Gu 2023,2023,Gu,,,Dolow Urban (N Gedo),N Gedo,urban,SMART,,,12.5,9.3,16.7,1.7,,,1.6,,,0.7,0.24,,,0.66,,,html/nutrition_2023_gu.html,,raw/Somalia-2024-Post-Gu-IPC-communication-report_0.pdf p26 (previous-year comparison),False,,,,,,12.5,1.7,raw/Somalia-2023-Post-Gu-Nutrition-Results-Summary-18-Sep-2023.pdf p1,https://fsnau.org/nutrition/?season=2023/gu,
Gu 2023,2023,Gu,,,Galkacyo Urban (Mudug),Mudug,urban,SMART,,,17.6,14.4,21.3,2.0,,,5.1,,,0.0,0.08,,,0.0,,,html/nutrition_2023_gu.html,,raw/Somalia-2024-Post-Gu-IPC-communication-report_0.pdf p26 (previous-year comparison),False,,,,,,17.6,2.0,raw/Somalia-2023-Post-Gu-Nutrition-Results-Summary-18-Sep-2023.pdf p1,https://fsnau.org/nutrition/?season=2023/gu,
Gu 2023,2023,Gu,,,Garowe Urban (Nugaal),Nugaal,urban,SMART,,,5.4,3.5,8.0,0.4,,,,,,0.0,0.06,,,0.18,,,html/nutrition_2023_gu.html,,raw/Somalia-2024-Post-Gu-IPC-communication-report_0.pdf p26 (previous-year comparison),False,,,,,,5.4,0.4,raw/Somalia-2023-Post-Gu-Nutrition-Results-Summary-18-Sep-2023.pdf p1,https://fsnau.org/nutrition/?season=2023/gu,
Gu 2023,2023,Gu,,,Hargeisa Urban (W. Galbeed),W. Galbeed,urban,SMART,,,5.4,3.6,7.9,0.3,,,2.2,,,0.7,0.19,,,0.0,,,html/nutrition_2023_gu.html,,raw/Somalia-2024-Post-Gu-IPC-communication-report_0.pdf p26 (previous-year comparison),False,,,,,,5.4,0.3,raw/Somalia-2023-Post-Gu-Nutrition-Results-Summary-18-Sep-2023.pdf p1,https://fsnau.org/nutrition/?season=2023/gu,
Gu 2023,2023,Gu,,,Kismayu Urban (L. Juba),L. Juba,urban,SMART,,,10.3,7.5,14.0,2.4,,,7.0,,,1.1,0.12,,,0.18,,,html/nutrition_2023_gu.html,,raw/Somalia-2024-Post-Gu-IPC-communication-report_0.pdf p26 (previous-year comparison),False,,,,,,10.3,2.4,raw/Somalia-2023-Post-Gu-Nutrition-Results-Summary-18-Sep-2023.pdf p2,https://fsnau.org/nutrition/?season=2023/gu,
Gu 2023,2023,Gu,,,Mogadishu Urban (Banadir),Banadir,urban,SMART,,,14.8,11.5,18.9,3.1,,,4.8,,,0.2,0.1,,,0.19,,,html/nutrition_2023_gu.html,,raw/Somalia-2024-Post-Gu-IPC-communication-report_0.pdf p26 (previous-year comparison),False,,,,,,14.8,3.1,raw/Somalia-2023-Post-Gu-Nutrition-Results-Summary-18-Sep-2023.pdf p1,https://fsnau.org/nutrition/?season=2023/gu,
Deyr 2023/24,2023,Deyr,,,Baidoa IDPs (Bay),Bay,IDP,SMART,,,13.5,11.0,16.5,2.7,,,12.4,,,3.8,0.2,,,0.38,,,html/nutrition_2023_deyr.html,,raw/IPC-Somalia-Acute-Food-Insecurity-Malnutrition-Jan-Jun-2024-Report.pdf p21 (current),False,,,,,,13.5,2.7,raw/Somalia-2023-Post-Deyr-Nutrition-Results-Summary.pdf p1,https://fsnau.org/nutrition/?season=2023/deyr,
Deyr 2023/24,2023,Deyr,,,Bosasso IDPs (Bari),Bari,IDP,SMART,,,18.0,14.7,21.8,3.7,,,11.9,,,1.1,0.17,,,0.45,,,html/nutrition_2023_deyr.html,,raw/IPC-Somalia-Acute-Food-Insecurity-Malnutrition-Jan-Jun-2024-Report.pdf p21 (current),False,,,,,,18.0,3.7,raw/Somalia-2023-Post-Deyr-Nutrition-Results-Summary.pdf p1,https://fsnau.org/nutrition/?season=2023/deyr,
Deyr 2023/24,2023,Deyr,,,Burao IDPs (Togdheer),Togdheer,IDP,SMART,,,11.4,9.0,14.5,1.5,,,0.2,,,0.0,0.43,,,0.78,,,html/nutrition_2023_deyr.html,,raw/IPC_Somalia_Acute_Food_Insecurity_Malnutrition_Jan_Jun2025_Report_0.pdf p30 (previous-year comparison),False,,,,,,11.4,1.5,raw/Somalia-2023-Post-Deyr-Nutrition-Results-Summary.pdf p1,https://fsnau.org/nutrition/?season=2023/deyr,
Deyr 2023/24,2023,Deyr,,,Dhusamareb IDPs (Galgadud),Galgadud,IDP,SMART,,,16.5,,,2.4,,,6.2,,,0.7,0.62,,,0.72,,,html/nutrition_2023_deyr.html,,,False,,,,,,16.5,2.4,raw/Somalia-2023-Post-Deyr-Nutrition-Results-Summary.pdf p1,https://fsnau.org/nutrition/?season=2023/deyr,
Deyr 2023/24,2023,Deyr,,,Dolow IDPs (N Gedo),N Gedo,IDP,SMART,,,15.3,12.5,18.6,3.8,,,6.6,,,1.2,0.28,,,0.38,,,html/nutrition_2023_deyr.html,,raw/IPC-Somalia-Acute-Food-Insecurity-Malnutrition-Jan-Jun-2024-Report.pdf p21 (current),False,,,,,,15.3,3.8,raw/Somalia-2023-Post-Deyr-Nutrition-Results-Summary.pdf p1,https://fsnau.org/nutrition/?season=2023/deyr,
Deyr 2023/24,2023,Deyr,,,Galkacyo IDPs (Mudug),Mudug,IDP,SMART,,,18.0,14.9,21.5,3.4,,,12.7,,,2.5,0.08,,,0.24,,,html/nutrition_2023_deyr.html,,raw/IPC-Somalia-Acute-Food-Insecurity-Malnutrition-Jan-Jun-2024-Report.pdf p21 (current),False,,,,,,18.0,3.4,raw/Somalia-2023-Post-Deyr-Nutrition-Results-Summary.pdf p1,https://fsnau.org/nutrition/?season=2023/deyr,
Deyr 2023/24,2023,Deyr,,,Garowe IDPs (Nugaal),Nugaal,IDP,SMART,,,7.6,5.5,10.4,0.9,,,1.7,,,0.7,0.09,,,0.0,,,html/nutrition_2023_deyr.html,,raw/IPC-Somalia-Acute-Food-Insecurity-Malnutrition-Jan-Jun-2024-Report.pdf p21 (current),False,,,,,,7.6,0.9,raw/Somalia-2023-Post-Deyr-Nutrition-Results-Summary.pdf p1,https://fsnau.org/nutrition/?season=2023/deyr,
Deyr 2023/24,2023,Deyr,,,Hargeisa IDPs (W. Galbeed),W. Galbeed,IDP,SMART,,,10.3,8.0,13.1,1.4,,,2.8,,,1.0,0.15,,,0.28,,,html/nutrition_2023_deyr.html,,raw/IPC_Somalia_Acute_Food_Insecurity_Malnutrition_Jan_Jun2025_Report_0.pdf p30 (previous-year comparison),False,,,,,,10.3,1.4,raw/Somalia-2023-Post-Deyr-Nutrition-Results-Summary.pdf p1,https://fsnau.org/nutrition/?season=2023/deyr,
Deyr 2023/24,2023,Deyr,,,Kismayu IDPs (L. Juba),L. Juba,IDP,SMART,,,17.0,14.2,20.2,5.2,,,12.5,,,2.0,0.36,,,0.56,,,html/nutrition_2023_deyr.html,,raw/IPC-Somalia-Acute-Food-Insecurity-Malnutrition-Jan-Jun-2024-Report.pdf p21 (current),False,,,,,,17.0,5.2,raw/Somalia-2023-Post-Deyr-Nutrition-Results-Summary.pdf p1,https://fsnau.org/nutrition/?season=2023/deyr,
Deyr 2023/24,2023,Deyr,,,Mogadishu IDPs (Banadir),Banadir,IDP,SMART,,,16.2,13.2,19.8,2.7,,,5.4,,,1.1,0.58,,,0.95,,,html/nutrition_2023_deyr.html,,raw/IPC-Somalia-Acute-Food-Insecurity-Malnutrition-Jan-Jun-2024-Report.pdf p21 (current),False,,,,,,16.2,2.7,raw/Somalia-2023-Post-Deyr-Nutrition-Results-Summary.pdf p1,https://fsnau.org/nutrition/?season=2023/deyr,
Deyr 2023/24,2023,Deyr,,,Beletweyne Urban (Urban & IDP),,mixed,SMART,,,20.3,16.4,24.9,3.5,,,6.8,,,1.2,0.34,,,0.29,,,html/nutrition_2023_deyr.html,,raw/IPC-Somalia-Acute-Food-Insecurity-Malnutrition-Jan-Jun-2024-Report.pdf p21 (current),False,,,,,,20.3,3.5,raw/Somalia-2023-Post-Deyr-Nutrition-Results-Summary.pdf p1,https://fsnau.org/nutrition/?season=2023/deyr,
Deyr 2023/24,2023,Deyr,,,Addun Pastoral,,rural,SMART,,,14.6,,,2.0,,,4.1,,,0.7,0.14,,,0.27,,,html/nutrition_2023_deyr.html,,,False,,,,,,14.6,2.0,raw/Somalia-2023-Post-Deyr-Nutrition-Results-Summary.pdf p1,https://fsnau.org/nutrition/?season=2023/deyr,
Deyr 2023/24,2023,Deyr,,,Badhan District-CARE,,rural,SMART,,,6.9,,,0.5,,,0.9,,,0.1,0.12,,,0.1,,,html/nutrition_2023_deyr.html,,,False,,,,,,6.9,0.5,raw/Somalia-2023-Post-Deyr-Nutrition-Results-Summary.pdf p1,https://fsnau.org/nutrition/?season=2023/deyr,
Deyr 2023/24,2023,Deyr,,,Bay Agro Pastoral Lz,,rural,SMART,,,15.6,12.6,19.1,2.8,,,10.3,,,2.7,0.8,,,1.31,,,html/nutrition_2023_deyr.html,,raw/IPC-Somalia-Acute-Food-Insecurity-Malnutrition-Jan-Jun-2024-Report.pdf p21 (current),False,,,,,,15.6,2.8,raw/Somalia-2023-Post-Deyr-Nutrition-Results-Summary.pdf p1,https://fsnau.org/nutrition/?season=2023/deyr,
Deyr 2023/24,2023,Deyr,,,Beletweyne District (Riverine& AP),,rural,SMART,,,15.5,10.8,21.7,3.8,,,4.7,,,0.1,0.43,,,0.16,,,html/nutrition_2023_deyr.html,,raw/IPC-Somalia-Acute-Food-Insecurity-Malnutrition-Jan-Jun-2024-Report.pdf p21 (current),False,,,,,,15.5,3.8,raw/Somalia-2023-Post-Deyr-Nutrition-Results-Summary.pdf p1,https://fsnau.org/nutrition/?season=2023/deyr,
Deyr 2023/24,2023,Deyr,,,Coastal Deeh Pastoral of Northeast,,rural,SMART,,,7.6,4.9,11.7,0.6,,,2.6,,,0.0,0.12,,,0.21,,,html/nutrition_2023_deyr.html,,raw/IPC-Somalia-Acute-Food-Insecurity-Malnutrition-Jan-Jun-2024-Report.pdf p21 (current),False,,,,,,7.6,0.6,raw/Somalia-2023-Post-Deyr-Nutrition-Results-Summary.pdf p1,https://fsnau.org/nutrition/?season=2023/deyr,
Deyr 2023/24,2023,Deyr,,,East Golis Pastoral,,rural,SMART,,,7.2,5.0,10.1,0.5,,,2.4,,,0.0,0.26,,,0.0,,,html/nutrition_2023_deyr.html,,raw/IPC-Somalia-Acute-Food-Insecurity-Malnutrition-Jan-Jun-2024-Report.pdf p21 (current),False,,,,,,7.2,0.5,raw/Somalia-2023-Post-Deyr-Nutrition-Results-Summary.pdf p1,https://fsnau.org/nutrition/?season=2023/deyr,
Deyr 2023/24,2023,Deyr,,,Ergavo District _CARE,,rural,SMART,,,8.1,,,0.4,,,0.9,,,0.0,0.32,,,0.0,,,html/nutrition_2023_deyr.html,,,False,,,,,,8.1,0.4,raw/Somalia-2023-Post-Deyr-Nutrition-Results-Summary.pdf p1,https://fsnau.org/nutrition/?season=2023/deyr,
Deyr 2023/24,2023,Deyr,,,Guban Pastoral,,rural,SMART,,,5.0,3.1,8.0,0.6,,,3.4,,,0.6,0.37,,,0.16,,,html/nutrition_2023_deyr.html,,raw/IPC_Somalia_Acute_Food_Insecurity_Malnutrition_Jan_Jun2025_Report_0.pdf p30 (previous-year comparison),False,,,,,,5.0,0.6,raw/Somalia-2023-Post-Deyr-Nutrition-Results-Summary.pdf p1,https://fsnau.org/nutrition/?season=2023/deyr,
Deyr 2023/24,2023,Deyr,,,Hawd Pastoral of Central,,rural,SMART,,,18.0,15.6,20.8,2.4,,,4.4,,,0.4,0.17,,,0.29,,,html/nutrition_2023_deyr.html,,raw/IPC_Somalia_Acute_Food_Insecurity_Malnutrition_Jan_Jun2025_Report_0.pdf p30 (previous-year comparison),False,,,,,,18.0,2.4,raw/Somalia-2023-Post-Deyr-Nutrition-Results-Summary.pdf p1,https://fsnau.org/nutrition/?season=2023/deyr,
Deyr 2023/24,2023,Deyr,,,Hawd Pastoral of Northwest,,rural,SMART,,,7.8,5.6,10.7,1.2,,,1.7,,,0.5,0.22,,,0.0,,,html/nutrition_2023_deyr.html,,raw/IPC_Somalia_Acute_Food_Insecurity_Malnutrition_Jan_Jun2025_Report_0.pdf p30 (previous-year comparison),False,,,,,,7.8,1.2,raw/Somalia-2023-Post-Deyr-Nutrition-Results-Summary.pdf p1,https://fsnau.org/nutrition/?season=2023/deyr,
Deyr 2023/24,2023,Deyr,,,Hudur District - ACF,,rural,SMART,,,17.9,,,4.1,,,15.5,,,3.9,0.09,,,0.0,,,html/nutrition_2023_deyr.html,,,False,,,,,,17.9,4.1,raw/Somalia-2023-Post-Deyr-Nutrition-Results-Summary.pdf p1,https://fsnau.org/nutrition/?season=2023/deyr,
Deyr 2023/24,2023,Deyr,,,Juba SIP pastoral- Dhobely district,,rural,SMART,,,14.9,,,2.5,,,8.3,,,1.9,0.38,,,0.0,,,html/nutrition_2023_deyr.html,,,False,,,,,,,,,https://fsnau.org/nutrition/?season=2023/deyr,
Deyr 2023/24,2023,Deyr,,,Median,,rural,SMART,,,12.9,,,2.3,,,4.9,,,0.7,0.23,,,0.27,,,html/nutrition_2023_deyr.html,,,False,,,,,,,,,https://fsnau.org/nutrition/?season=2023/deyr,
Deyr 2023/24,2023,Deyr,,,North Gedo Pastoral,,rural,SMART,,,14.4,11.1,18.4,1.6,,,3.5,,,0.6,0.29,,,0.58,,,html/nutrition_2023_deyr.html,,raw/IPC-Somalia-Acute-Food-Insecurity-Malnutrition-Jan-Jun-2024-Report.pdf p21 (current),False,,,,,,14.4,1.6,raw/Somalia-2023-Post-Deyr-Nutrition-Results-Summary.pdf p1,https://fsnau.org/nutrition/?season=2023/deyr,
Deyr 2023/24,2023,Deyr,,,North Gedo Riverine,,rural,SMART,,,15.5,12.5,19.1,3.1,,,4.6,,,1.7,0.44,,,0.7,,,html/nutrition_2023_deyr.html,,raw/IPC-Somalia-Acute-Food-Insecurity-Malnutrition-Jan-Jun-2024-Report.pdf p21 (current),False,,,,,,15.5,3.1,raw/Somalia-2023-Post-Deyr-Nutrition-Results-Summary.pdf p1,https://fsnau.org/nutrition/?season=2023/deyr,
Deyr 2023/24,2023,Deyr,,,Northern Inland Pastoral of Northeas,,rural,SMART,,,8.0,5.2,12.1,1.2,,,4.9,,,0.0,0.1,,,0.0,,,html/nutrition_2023_deyr.html,,raw/IPC-Somalia-Acute-Food-Insecurity-Malnutrition-Jan-Jun-2024-Report.pdf p21 (current),False,,,,,,,,,https://fsnau.org/nutrition/?season=2023/deyr,
Deyr 2023/24,2023,Deyr,,,Northern Inland Pastoral of Northwes,,rural,SMART,,,6.1,4.2,8.6,0.7,,,2.5,,,0.3,0.31,,,0.36,,,html/nutrition_2023_deyr.html,,raw/IPC_Somalia_Acute_Food_Insecurity_Malnutrition_Jan_Jun2025_Report_0.pdf p30 (previous-year comparison),False,,,,,,,,,https://fsnau.org/nutrition/?season=2023/deyr,
Deyr 2023/24,2023,Deyr,,,Northwest Agropastoral,,rural,SMART,,,9.3,7.2,11.8,1.5,,,1.8,,,0.7,0.09,,,0.29,,,html/nutrition_2023_deyr.html,,raw/IPC_Somalia_Acute_Food_Insecurity_Malnutrition_Jan_Jun2025_Report_0.pdf p30 (previous-year comparison),False,,,,,,9.3,1.5,raw/Somalia-2023-Post-Deyr-Nutrition-Results-Summary.pdf p1,https://fsnau.org/nutrition/?season=2023/deyr,
Deyr 2023/24,2023,Deyr,,,Shabelle Agropastoral,,rural,SMART,,,15.4,11.1,21.0,5.1,,,5.2,,,1.6,0.32,,,0.42,,,html/nutrition_2023_deyr.html,,raw/IPC_Somalia_Acute_Food_Insecurity_Malnutrition_Jan_Jun2025_Report_0.pdf p30 (previous-year comparison),False,,,,,,15.4,5.1,raw/Somalia-2023-Post-Deyr-Nutrition-Results-Summary.pdf p1,https://fsnau.org/nutrition/?season=2023/deyr,
Deyr 2023/24,2023,Deyr,,,Shabelle Riverine,,rural,SMART,,,15.9,13.2,19.2,3.3,,,6.0,,,0.9,0.35,,,0.55,,,html/nutrition_2023_deyr.html,,raw/IPC_Somalia_Acute_Food_Insecurity_Malnutrition_Jan_Jun2025_Report_0.pdf p30 (previous-year comparison),False,,,,,,15.9,3.3,raw/Somalia-2023-Post-Deyr-Nutrition-Results-Summary.pdf p1,https://fsnau.org/nutrition/?season=2023/deyr,
Deyr 2023/24,2023,Deyr,,,Southern inland pastoral ( Elberde D,,rural,SMART,,,26.4,,,7.3,,,22.3,,,6.1,0.43,,,0.0,,,html/nutrition_2023_deyr.html,,,False,,,,,,12.3,2.0,raw/Somalia-2023-Post-Deyr-Nutrition-Results-Summary.pdf p2,https://fsnau.org/nutrition/?season=2023/deyr,"GAM differs from the matched summary-table row (likely a different table, e.g. MUAC); portal kept"
Deyr 2023/24,2023,Deyr,,,Wajid District-ACF,,rural,SMART,,,11.5,,,2.3,,,11.7,,,3.4,0.19,,,0.28,,,html/nutrition_2023_deyr.html,,,False,,,,,,11.5,2.3,raw/Somalia-2023-Post-Deyr-Nutrition-Results-Summary.pdf p1,https://fsnau.org/nutrition/?season=2023/deyr,
Deyr 2023/24,2023,Deyr,,,West Golis Pastoral,,rural,SMART,,,12.7,8.9,17.7,2.3,,,1.3,,,0.0,0.26,,,0.18,,,html/nutrition_2023_deyr.html,,raw/IPC_Somalia_Acute_Food_Insecurity_Malnutrition_Jan_Jun2025_Report_0.pdf p30 (previous-year comparison),False,,,,,,12.7,2.3,raw/Somalia-2023-Post-Deyr-Nutrition-Results-Summary.pdf p1,https://fsnau.org/nutrition/?season=2023/deyr,
Deyr 2023/24,2023,Deyr,,,Baidoa Urban (Bay),Bay,urban,SMART,,,10.6,,,1.9,,,6.4,,,1.4,0.08,,,0.15,,,html/nutrition_2023_deyr.html,,,False,,,,,,10.6,1.9,raw/Somalia-2023-Post-Deyr-Nutrition-Results-Summary.pdf p1,https://fsnau.org/nutrition/?season=2023/deyr,
Deyr 2023/24,2023,Deyr,,,Bosasso Urban (Bari),Bari,urban,SMART,,,10.0,6.6,14.9,2.4,,,7.9,,,0.6,0.1,,,0.0,,,html/nutrition_2023_deyr.html,,raw/IPC_Somalia_Acute_Food_Insecurity_Malnutrition_Jan_Jun2025_Report_0.pdf p30 (previous-year comparison),False,,,,,,10.0,2.4,raw/Somalia-2023-Post-Deyr-Nutrition-Results-Summary.pdf p1,https://fsnau.org/nutrition/?season=2023/deyr,
Deyr 2023/24,2023,Deyr,,,Burao Urban (Togdheer),Togdheer,urban,SMART,,,5.3,3.9,7.2,0.9,,,0.8,,,0.2,0.04,,,0.0,,,html/nutrition_2023_deyr.html,,raw/IPC_Somalia_Acute_Food_Insecurity_Malnutrition_Jan_Jun2025_Report_0.pdf p30 (previous-year comparison),False,,,,,,5.3,0.9,raw/Somalia-2023-Post-Deyr-Nutrition-Results-Summary.pdf p1,https://fsnau.org/nutrition/?season=2023/deyr,
Deyr 2023/24,2023,Deyr,,,Dhusamareb Urban (Galgadud),Galgadud,urban,SMART,,,8.7,,,1.5,,,5.7,,,0.7,0.42,,,0.71,,,html/nutrition_2023_deyr.html,,,False,,,,,,8.7,1.5,raw/Somalia-2023-Post-Deyr-Nutrition-Results-Summary.pdf p1,https://fsnau.org/nutrition/?season=2023/deyr,
Deyr 2023/24,2023,Deyr,,,Dolow Urban (N Gedo),N Gedo,urban,SMART,,,14.1,,,1.5,,,1.9,,,0.0,0.22,,,0.48,,,html/nutrition_2023_deyr.html,,,False,,,,,,14.1,1.5,raw/Somalia-2023-Post-Deyr-Nutrition-Results-Summary.pdf p1,https://fsnau.org/nutrition/?season=2023/deyr,
Deyr 2023/24,2023,Deyr,,,Galkacyo Urban (Mudug),Mudug,urban,SMART,,,12.9,9.8,16.9,1.5,,,5.2,,,0.6,0.04,,,0.0,,,html/nutrition_2023_deyr.html,,raw/IPC_Somalia_Acute_Food_Insecurity_Malnutrition_Jan_Jun2025_Report_0.pdf p30 (previous-year comparison),False,,,,,,12.9,1.5,raw/Somalia-2023-Post-Deyr-Nutrition-Results-Summary.pdf p1,https://fsnau.org/nutrition/?season=2023/deyr,
Deyr 2023/24,2023,Deyr,,,Garowe Urban (Nugaal),Nugaal,urban,SMART,,,5.1,3.5,7.3,0.7,,,0.9,,,0.3,0.17,,,0.0,,,html/nutrition_2023_deyr.html,,raw/IPC_Somalia_Acute_Food_Insecurity_Malnutrition_Jan_Jun2025_Report_0.pdf p30 (previous-year comparison),False,,,,,,5.1,0.7,raw/Somalia-2023-Post-Deyr-Nutrition-Results-Summary.pdf p1,https://fsnau.org/nutrition/?season=2023/deyr,
Deyr 2023/24,2023,Deyr,,,Hargeisa Urban (W. Galbeed),W. Galbeed,urban,SMART,,,7.9,5.7,10.9,1.2,,,1.9,,,1.5,0.09,,,0.0,,,html/nutrition_2023_deyr.html,,raw/IPC_Somalia_Acute_Food_Insecurity_Malnutrition_Jan_Jun2025_Report_0.pdf p30 (previous-year comparison),False,,,,,,7.9,1.2,raw/Somalia-2023-Post-Deyr-Nutrition-Results-Summary.pdf p1,https://fsnau.org/nutrition/?season=2023/deyr,
Deyr 2023/24,2023,Deyr,,,Kismayu Urban (L. Juba),L. Juba,urban,SMART,,,11.6,,,2.7,,,7.4,,,1.2,0.23,,,0.21,,,html/nutrition_2023_deyr.html,,,False,,,,,,11.6,2.7,raw/Somalia-2023-Post-Deyr-Nutrition-Results-Summary.pdf p1,https://fsnau.org/nutrition/?season=2023/deyr,
Deyr 2023/24,2023,Deyr,,,Mogadishu Urban (Banadir),Banadir,urban,SMART,,,13.8,10.6,17.8,3.2,,,5.4,,,0.6,0.54,,,0.59,,,html/nutrition_2023_deyr.html,,raw/IPC_Somalia_Acute_Food_Insecurity_Malnutrition_Jan_Jun2025_Report_0.pdf p30 (previous-year comparison),False,,,,,,13.8,3.2,raw/Somalia-2023-Post-Deyr-Nutrition-Results-Summary.pdf p1,https://fsnau.org/nutrition/?season=2023/deyr,
Gu 2024,2024,Gu,,,Baidoa IDPs (Bay),Bay,IDP,SMART,,,15.0,12.5,17.7,3.1,,,12.8,,,5.4,0.72,,,0.49,,,html/nutrition_2024_gu.html,,raw/Somalia-2024-Post-Gu-IPC-communication-report_0.pdf p26 (current),False,,,,,,,,,https://fsnau.org/nutrition/?season=2024/gu,
Gu 2024,2024,Gu,,,Bosasso IDPs (Bari),Bari,IDP,SMART,,,17.5,14.6,20.8,3.8,,,8.5,,,1.1,0.05,,,0.18,,,html/nutrition_2024_gu.html,,raw/Somalia-2024-Post-Gu-IPC-communication-report_0.pdf p26 (current),False,,,,,,,,,https://fsnau.org/nutrition/?season=2024/gu,
Gu 2024,2024,Gu,,,Burao IDPs (Togdheer),Togdheer,IDP,SMART,,,11.7,8.6,15.8,1.5,,,1.6,,,0.4,0.04,,,0.0,,,html/nutrition_2024_gu.html,,raw/Somalia-2024-Post-Gu-IPC-communication-report_0.pdf p26 (current),False,,,,,,,,,https://fsnau.org/nutrition/?season=2024/gu,
Gu 2024,2024,Gu,,,Dhusamareb IDPs (Galgadud),Galgadud,IDP,SMART,,,12.6,,,3.6,,,10.1,,,1.5,0.0,,,0.0,,,html/nutrition_2024_gu.html,,,False,,,,,,,,,https://fsnau.org/nutrition/?season=2024/gu,
Gu 2024,2024,Gu,,,Dolow IDPs (N Gedo),N Gedo,IDP,SMART,,,14.3,12.0,17.1,2.5,,,5.6,,,1.3,0.26,,,0.56,,,html/nutrition_2024_gu.html,,raw/Somalia-2024-Post-Gu-IPC-communication-report_0.pdf p26 (current),False,,,,,,,,,https://fsnau.org/nutrition/?season=2024/gu,
Gu 2024,2024,Gu,,,Galkacyo IDPs (Mudug),Mudug,IDP,SMART,,,24.7,20.8,29.0,4.9,,,14.9,,,1.7,0.0,,,0.0,,,html/nutrition_2024_gu.html,,raw/Somalia-2024-Post-Gu-IPC-communication-report_0.pdf p26 (current),False,,,,,,,,,https://fsnau.org/nutrition/?season=2024/gu,
Gu 2024,2024,Gu,,,Garowe IDPs (Nugaal),Nugaal,IDP,SMART,,,6.8,4.8,9.7,1.3,,,0.9,,,0.3,0.2,,,0.15,,,html/nutrition_2024_gu.html,,raw/Somalia-2024-Post-Gu-IPC-communication-report_0.pdf p26 (current),False,,,,,,,,,https://fsnau.org/nutrition/?season=2024/gu,
Gu 2024,2024,Gu,,,Hargeisa IDPs (W. Galbeed),W. Galbeed,IDP,SMART,,,10.4,7.4,14.4,3.1,,,2.9,,,1.1,0.12,,,0.0,,,html/nutrition_2024_gu.html,,raw/Somalia-2024-Post-Gu-IPC-communication-report_0.pdf p26 (current),False,,,,,,,,,https://fsnau.org/nutrition/?season=2024/gu,
Gu 2024,2024,Gu,,,Kismayu IDPs (L. Juba),L. Juba,IDP,SMART,,,18.7,15.1,22.9,5.6,,,12.9,,,3.0,0.67,,,1.05,,,html/nutrition_2024_gu.html,,raw/Somalia-2024-Post-Gu-IPC-communication-report_0.pdf p26 (current),False,,,,,,,,,https://fsnau.org/nutrition/?season=2024/gu,
Gu 2024,2024,Gu,,,Mogadishu IDPs (Banadir),Banadir,IDP,SMART,,,16.8,13.6,20.6,4.1,,,10.7,,,1.4,0.8,,,1.77,,,html/nutrition_2024_gu.html,,raw/Somalia-2024-Post-Gu-IPC-communication-report_0.pdf p26 (current),False,,,,,,,,,https://fsnau.org/nutrition/?season=2024/gu,
Gu 2024,2024,Gu,,,Bardheer Urban/IDPs(Concern Wordwide,,mixed,SMART,,,14.2,,,2.3,,,13.2,,,3.0,0.99,,,1.78,,,html/nutrition_2024_gu.html,,,False,,,,,,,,,https://fsnau.org/nutrition/?season=2024/gu,
Gu 2024,2024,Gu,,,Beletweyne Urban (Urban & IDP),,mixed,SMART,,,12.3,9.8,15.3,3.0,,,7.8,,,1.3,0.13,,,0.16,,,html/nutrition_2024_gu.html,,raw/Somalia-2024-Post-Gu-IPC-communication-report_0.pdf p26 (current),False,,,,,,,,,https://fsnau.org/nutrition/?season=2024/gu,
Gu 2024,2024,Gu,,,Adaado District-SCI,,rural,SMART,,,9.3,,,0.4,,,1.5,,,0.2,0.44,,,0.74,,,html/nutrition_2024_gu.html,,,False,,,,,,,,,https://fsnau.org/nutrition/?season=2024/gu,
Gu 2024,2024,Gu,,,Addun Pastoral,,rural,SMART,,,10.4,,,0.6,,,3.3,,,0.6,0.47,,,0.29,,,html/nutrition_2024_gu.html,,,False,,,,,,,,,https://fsnau.org/nutrition/?season=2024/gu,
Gu 2024,2024,Gu,,,Bay Agro Pastoral Lz,,rural,SMART,,,12.1,9.3,15.6,2.3,,,12.8,,,3.4,0.46,,,0.38,,,html/nutrition_2024_gu.html,,raw/Somalia-2024-Post-Gu-IPC-communication-report_0.pdf p26 (current),False,,,,,,,,,https://fsnau.org/nutrition/?season=2024/gu,
Gu 2024,2024,Gu,,,Beletweyne District (Riverine& AP),,rural,SMART,,,10.2,7.3,14.0,1.8,,,12.6,,,2.1,0.21,,,0.3,,,html/nutrition_2024_gu.html,,raw/Somalia-2024-Post-Gu-IPC-communication-report_0.pdf p26 (current),False,,,,,,,,,https://fsnau.org/nutrition/?season=2024/gu,
Gu 2024,2024,Gu,,,Coastal Deeh Pastoral of Northeast,,rural,SMART,,,8.5,4.6,15.3,1.5,,,1.7,,,0.0,0.0,,,0.0,,,html/nutrition_2024_gu.html,,raw/Somalia-2024-Post-Gu-IPC-communication-report_0.pdf p26 (current),False,,,,,,,,,https://fsnau.org/nutrition/?season=2024/gu,
Gu 2024,2024,Gu,,,East Golis Pastoral,,rural,SMART,,,9.4,6.8,12.9,1.3,,,5.5,,,1.1,0.27,,,0.33,,,html/nutrition_2024_gu.html,,raw/Somalia-2024-Post-Gu-IPC-communication-report_0.pdf p26 (current),False,,,,,,,,,https://fsnau.org/nutrition/?season=2024/gu,
Gu 2024,2024,Gu,,,Guban Pastoral,,rural,SMART,,,6.4,4.4,9.4,0.2,,,4.2,,,0.3,0.21,,,0.16,,,html/nutrition_2024_gu.html,,raw/Somalia-2024-Post-Gu-IPC-communication-report_0.pdf p26 (current),False,,,,,,,,,https://fsnau.org/nutrition/?season=2024/gu,
Gu 2024,2024,Gu,,,Hawd Pastoral of Central,,rural,SMART,,,16.2,12.7,20.3,1.5,,,2.3,,,0.3,0.39,,,0.28,,,html/nutrition_2024_gu.html,,raw/Somalia-2024-Post-Gu-IPC-communication-report_0.pdf p26 (current),False,,,,,,,,,https://fsnau.org/nutrition/?season=2024/gu,
Gu 2024,2024,Gu,,,Hawd Pastoral of Northwest,,rural,SMART,,,6.8,4.7,9.9,0.2,,,0.2,,,0.0,0.13,,,0.17,,,html/nutrition_2024_gu.html,,raw/Somalia-2024-Post-Gu-IPC-communication-report_0.pdf p26 (current),False,,,,,,,,,https://fsnau.org/nutrition/?season=2024/gu,
Gu 2024,2024,Gu,,,North Gedo Pastoral,,rural,SMART,,,10.3,7.8,13.6,1.5,,,4.3,,,1.1,0.34,,,0.63,,,html/nutrition_2024_gu.html,,raw/Somalia-2024-Post-Gu-IPC-communication-report_0.pdf p26 (current),False,,,,,,,,,https://fsnau.org/nutrition/?season=2024/gu,
Gu 2024,2024,Gu,,,North Gedo Riverine,,rural,SMART,,,17.1,14.6,20.0,2.4,,,4.0,,,2.2,0.22,,,0.57,,,html/nutrition_2024_gu.html,,raw/Somalia-2024-Post-Gu-IPC-communication-report_0.pdf p26 (current),False,,,,,,,,,https://fsnau.org/nutrition/?season=2024/gu,
Gu 2024,2024,Gu,,,Northern Inland Pastoral of Northeas,,rural,SMART,,,8.3,5.6,12.1,0.6,,,1.4,,,0.2,0.0,,,0.0,,,html/nutrition_2024_gu.html,,raw/Somalia-2024-Post-Gu-IPC-communication-report_0.pdf p26 (current),False,,,,,,,,,https://fsnau.org/nutrition/?season=2024/gu,
Gu 2024,2024,Gu,,,Northern Inland Pastoral of Northwes,,rural,SMART,,,8.6,5.7,12.6,1.0,,,2.7,,,0.3,0.46,,,0.66,,,html/nutrition_2024_gu.html,,raw/Somalia-2024-Post-Gu-IPC-communication-report_0.pdf p26 (current),False,,,,,,,,,https://fsnau.org/nutrition/?season=2024/gu,
Gu 2024,2024,Gu,,,Northwest Agropastoral,,rural,SMART,,,10.1,8.2,12.3,1.5,,,1.9,,,0.4,0.23,,,0.12,,,html/nutrition_2024_gu.html,,raw/Somalia-2024-Post-Gu-IPC-communication-report_0.pdf p26 (current),False,,,,,,,,,https://fsnau.org/nutrition/?season=2024/gu,
Gu 2024,2024,Gu,,,Shabelle Agropastoral,,rural,SMART,,,14.4,10.6,19.3,2.2,,,7.5,,,0.4,0.61,,,1.6,,,html/nutrition_2024_gu.html,,raw/Somalia-2024-Post-Gu-IPC-communication-report_0.pdf p26 (current),False,,,,,,,,,https://fsnau.org/nutrition/?season=2024/gu,
Gu 2024,2024,Gu,,,Shabelle Riverine,,rural,SMART,,,13.7,11.0,17.0,3.0,,,6.0,,,1.2,0.44,,,1.03,,,html/nutrition_2024_gu.html,,raw/Somalia-2024-Post-Gu-IPC-communication-report_0.pdf p26 (current),False,,,,,,,,,https://fsnau.org/nutrition/?season=2024/gu,
Gu 2024,2024,Gu,,,West Golis Pastoral,,rural,SMART,,,11.0,9.0,13.4,2.1,,,2.2,,,0.7,0.07,,,0.0,,,html/nutrition_2024_gu.html,,raw/Somalia-2024-Post-Gu-IPC-communication-report_0.pdf p26 (current),False,,,,,,,,,https://fsnau.org/nutrition/?season=2024/gu,
Gu 2024,2024,Gu,,,Baidoa Urban (Bay),Bay,urban,SMART,,,11.8,9.1,15.3,3.0,,,8.1,,,1.6,0.22,,,0.44,,,html/nutrition_2024_gu.html,,raw/Somalia-2024-Post-Gu-IPC-communication-report_0.pdf p26 (current),False,,,,,,,,,https://fsnau.org/nutrition/?season=2024/gu,
Gu 2024,2024,Gu,,,Bosasso Urban (Bari),Bari,urban,SMART,,,15.0,11.5,19.3,5.6,,,5.9,,,1.0,0.1,,,0.24,,,html/nutrition_2024_gu.html,,raw/Somalia-2024-Post-Gu-IPC-communication-report_0.pdf p26 (current),False,,,,,,,,,https://fsnau.org/nutrition/?season=2024/gu,
Gu 2024,2024,Gu,,,Burao Urban (Togdheer),Togdheer,urban,SMART,,,4.1,2.2,7.3,0.4,,,0.7,,,0.2,0.0,,,0.0,,,html/nutrition_2024_gu.html,,raw/Somalia-2024-Post-Gu-IPC-communication-report_0.pdf p26 (current),False,,,,,,,,,https://fsnau.org/nutrition/?season=2024/gu,
Gu 2024,2024,Gu,,,Dhusamareb Urban (Galgadud),Galgadud,urban,SMART,,,12.0,,,2.2,,,6.8,,,1.5,0.17,,,0.0,,,html/nutrition_2024_gu.html,,,False,,,,,,,,,https://fsnau.org/nutrition/?season=2024/gu,
Gu 2024,2024,Gu,,,Dolow Urban (N Gedo),N Gedo,urban,SMART,,,10.9,7.7,15.2,0.5,,,4.0,,,0.7,0.34,,,0.72,,,html/nutrition_2024_gu.html,,raw/Somalia-2024-Post-Gu-IPC-communication-report_0.pdf p26 (current),False,,,,,,,,,https://fsnau.org/nutrition/?season=2024/gu,
Gu 2024,2024,Gu,,,Galkacyo Urban (Mudug),Mudug,urban,SMART,,,14.1,11.4,17.4,1.7,,,3.9,,,0.7,0.0,,,0.0,,,html/nutrition_2024_gu.html,,raw/Somalia-2024-Post-Gu-IPC-communication-report_0.pdf p26 (current),False,,,,,,,,,https://fsnau.org/nutrition/?season=2024/gu,
Gu 2024,2024,Gu,,,Garowe Urban (Nugaal),Nugaal,urban,SMART,,,6.2,3.9,9.7,0.4,,,0.4,,,0.0,0.0,,,0.0,,,html/nutrition_2024_gu.html,,raw/Somalia-2024-Post-Gu-IPC-communication-report_0.pdf p26 (current),False,,,,,,,,,https://fsnau.org/nutrition/?season=2024/gu,
Gu 2024,2024,Gu,,,Hargeisa Urban (W. Galbeed),W. Galbeed,urban,SMART,,,7.9,5.9,10.5,0.3,,,2.5,,,0.9,0.11,,,0.0,,,html/nutrition_2024_gu.html,,raw/Somalia-2024-Post-Gu-IPC-communication-report_0.pdf p26 (current),False,,,,,,,,,https://fsnau.org/nutrition/?season=2024/gu,
Gu 2024,2024,Gu,,,Kismayu Urban (L. Juba),L. Juba,urban,SMART,,,10.5,7.9,13.9,1.2,,,4.7,,,0.6,0.34,,,0.59,,,html/nutrition_2024_gu.html,,raw/Somalia-2024-Post-Gu-IPC-communication-report_0.pdf p26 (current),False,,,,,,,,,https://fsnau.org/nutrition/?season=2024/gu,
Gu 2024,2024,Gu,,,Mogadishu Urban (Banadir),Banadir,urban,SMART,,,15.5,12.6,18.8,2.1,,,3.6,,,0.3,0.18,,,0.36,,,html/nutrition_2024_gu.html,,raw/Somalia-2024-Post-Gu-IPC-communication-report_0.pdf p26 (current),False,,,,,,,,,https://fsnau.org/nutrition/?season=2024/gu,
Deyr 2024/25,2024,Deyr,,,Baidoa IDPs (Bay),Bay,IDP,SMART,,,11.1,,,2.0,,,14.4,,,6.4,0.73,,,0.99,,,html/nutrition_2024_deyr.html,,,False,,,,,,11.1,2.0,raw/2024_Post_Deyr_Key_Summary_results_revised_Feb_24_2025_fnl.pdf p1,https://fsnau.org/nutrition/?season=2024/deyr,
Deyr 2024/25,2024,Deyr,,,Bosasso IDPs (Bari),Bari,IDP,SMART,,,17.9,14.6,21.7,3.4,,,13.8,,,2.7,0.36,,,0.44,,,html/nutrition_2024_deyr.html,,raw/IPC_Somalia_Acute_Food_Insecurity_Malnutrition_Jan_Jun2025_Report_0.pdf p30 (current),False,,,,,,17.9,3.4,raw/2024_Post_Deyr_Key_Summary_results_revised_Feb_24_2025_fnl.pdf p1,https://fsnau.org/nutrition/?season=2024/deyr,
Deyr 2024/25,2024,Deyr,,,Burao IDPs (Togdheer),Togdheer,IDP,SMART,,,5.2,3.7,7.4,0.5,,,2.1,,,0.5,0.47,,,0.34,,,html/nutrition_2024_deyr.html,,raw/IPC_Somalia_Acute_Food_Insecurity_Malnutrition_Jan_Jun2025_Report_0.pdf p30 (current),False,,,,,,5.2,0.5,raw/2024_Post_Deyr_Key_Summary_results_revised_Feb_24_2025_fnl.pdf p1,https://fsnau.org/nutrition/?season=2024/deyr,
Deyr 2024/25,2024,Deyr,,,Dhusamareb IDPs (Galgadud),Galgadud,IDP,SMART,,,13.1,,,3.4,,,5.2,,,0.6,0.33,,,0.22,,,html/nutrition_2024_deyr.html,,,False,,,,,,13.1,3.4,raw/2024_Post_Deyr_Key_Summary_results_revised_Feb_24_2025_fnl.pdf p1,https://fsnau.org/nutrition/?season=2024/deyr,
Deyr 2024/25,2024,Deyr,,,Dolow IDPs (N Gedo),N Gedo,IDP,SMART,,,14.2,,,2.1,,,1.9,,,1.0,,,,0.41,,,html/nutrition_2024_deyr.html,,,False,,,,,,14.2,2.1,raw/2024_Post_Deyr_Key_Summary_results_revised_Feb_24_2025_fnl.pdf p1,https://fsnau.org/nutrition/?season=2024/deyr,
Deyr 2024/25,2024,Deyr,,,Dolow IDPs (N Gedo),N Gedo,IDP,SMART,,,,,,,,,,,,,0.27,,,,,,html/nutrition_2024_deyr.html,,,False,,,,,,28.9,80.5,raw/2024_Post_Deyr_Key_Summary_results_revised_Feb_24_2025_fnl.pdf p3,https://fsnau.org/nutrition/?season=2024/deyr,
Deyr 2024/25,2024,Deyr,,,Galkacyo IDPs (Mudug),Mudug,IDP,SMART,,,19.1,15.9,22.7,2.4,,,10.3,,,0.8,0.4,,,0.24,,,html/nutrition_2024_deyr.html,,raw/IPC_Somalia_Acute_Food_Insecurity_Malnutrition_Jan_Jun2025_Report_0.pdf p30 (current),False,,,,,,19.1,2.4,raw/2024_Post_Deyr_Key_Summary_results_revised_Feb_24_2025_fnl.pdf p1,https://fsnau.org/nutrition/?season=2024/deyr,
Deyr 2024/25,2024,Deyr,,,Garowe IDPs (Nugaal),Nugaal,IDP,SMART,,,11.4,8.5,15.1,1.0,,,1.4,,,0.0,0.19,,,0.29,,,html/nutrition_2024_deyr.html,,raw/IPC_Somalia_Acute_Food_Insecurity_Malnutrition_Jan_Jun2025_Report_0.pdf p30 (current),False,,,,,,11.4,1.0,raw/2024_Post_Deyr_Key_Summary_results_revised_Feb_24_2025_fnl.pdf p1,https://fsnau.org/nutrition/?season=2024/deyr,
Deyr 2024/25,2024,Deyr,,,Hargeisa IDPs (W. Galbeed),W. Galbeed,IDP,SMART,,,11.0,8.3,14.3,1.3,,,3.6,,,0.6,0.19,,,0.61,,,html/nutrition_2024_deyr.html,,raw/IPC_Somalia_Acute_Food_Insecurity_Malnutrition_Jan_Jun2025_Report_0.pdf p30 (current),False,,,,,,11.0,1.3,raw/2024_Post_Deyr_Key_Summary_results_revised_Feb_24_2025_fnl.pdf p1,https://fsnau.org/nutrition/?season=2024/deyr,
Deyr 2024/25,2024,Deyr,,,Kismayu IDPs (L. Juba),L. Juba,IDP,SMART,,,12.6,,,2.2,,,7.8,,,1.9,0.31,,,0.76,,,html/nutrition_2024_deyr.html,,,False,,,,,,12.6,2.2,raw/2024_Post_Deyr_Key_Summary_results_revised_Feb_24_2025_fnl.pdf p2,https://fsnau.org/nutrition/?season=2024/deyr,
Deyr 2024/25,2024,Deyr,,,Mogadishu IDPs (Banadir),Banadir,IDP,SMART,,,16.1,13.4,19.4,3.5,,,4.4,,,0.9,0.35,,,0.64,,,html/nutrition_2024_deyr.html,,raw/IPC_Somalia_Acute_Food_Insecurity_Malnutrition_Jan_Jun2025_Report_0.pdf p30 (current),False,,,,,,16.1,3.5,raw/2024_Post_Deyr_Key_Summary_results_revised_Feb_24_2025_fnl.pdf p1,https://fsnau.org/nutrition/?season=2024/deyr,
Deyr 2024/25,2024,Deyr,,,Beletweyne Urban (Urban & IDP),,mixed,SMART,,,10.9,8.6,13.7,2.2,,,7.9,,,0.6,0.49,,,1.09,,,html/nutrition_2024_deyr.html,,raw/IPC_Somalia_Acute_Food_Insecurity_Malnutrition_Jan_Jun2025_Report_0.pdf p30 (current),False,,,,,,10.9,2.2,raw/2024_Post_Deyr_Key_Summary_results_revised_Feb_24_2025_fnl.pdf p1,https://fsnau.org/nutrition/?season=2024/deyr,
Deyr 2024/25,2024,Deyr,,,Addun Pastoral,,rural,SMART,,,13.7,,,1.7,,,2.9,,,0.0,0.22,,,0.41,,,html/nutrition_2024_deyr.html,,,False,,,,,,13.7,1.7,raw/2024_Post_Deyr_Key_Summary_results_revised_Feb_24_2025_fnl.pdf p1,https://fsnau.org/nutrition/?season=2024/deyr,
Deyr 2024/25,2024,Deyr,,,Bay Agro Pastoral Lz,,rural,SMART,,,18.7,,,5.2,,,18.6,,,8.5,,,,0.89,,,html/nutrition_2024_deyr.html,,,False,,,,,,18.7,5.2,raw/2024_Post_Deyr_Key_Summary_results_revised_Feb_24_2025_fnl.pdf p1,https://fsnau.org/nutrition/?season=2024/deyr,
Deyr 2024/25,2024,Deyr,,,Bay Agro Pastoral Lz,,rural,SMART,,,,,,,,,,,,,0.61,,,,,,html/nutrition_2024_deyr.html,,,False,,,,,,36.8,17.5,raw/2024_Post_Deyr_Key_Summary_results_revised_Feb_24_2025_fnl.pdf p3,https://fsnau.org/nutrition/?season=2024/deyr,
Deyr 2024/25,2024,Deyr,,,Beletweyne District (Riverine& AP),,rural,SMART,,,16.4,13.4,19.9,3.1,,,12.1,,,0.9,0.12,,,0.0,,,html/nutrition_2024_deyr.html,,raw/IPC_Somalia_Acute_Food_Insecurity_Malnutrition_Jan_Jun2025_Report_0.pdf p30 (current),False,,,,,,16.4,3.1,raw/2024_Post_Deyr_Key_Summary_results_revised_Feb_24_2025_fnl.pdf p1,https://fsnau.org/nutrition/?season=2024/deyr,
Deyr 2024/25,2024,Deyr,,,Coastal Deeh Pastoral of Northeast,,rural,SMART,,,7.1,4.7,10.5,0.2,,,1.9,,,0.4,0.17,,,0.42,,,html/nutrition_2024_deyr.html,,raw/IPC_Somalia_Acute_Food_Insecurity_Malnutrition_Jan_Jun2025_Report_0.pdf p30 (current),False,,,,,,7.1,0.2,raw/2024_Post_Deyr_Key_Summary_results_revised_Feb_24_2025_fnl.pdf p1,https://fsnau.org/nutrition/?season=2024/deyr,
Deyr 2024/25,2024,Deyr,,,East Golis Pastoral,,rural,SMART,,,9.3,7.0,12.2,1.5,,,2.4,,,0.1,0.14,,,0.0,,,html/nutrition_2024_deyr.html,,raw/IPC_Somalia_Acute_Food_Insecurity_Malnutrition_Jan_Jun2025_Report_0.pdf p30 (current),False,,,,,,9.3,1.5,raw/2024_Post_Deyr_Key_Summary_results_revised_Feb_24_2025_fnl.pdf p1,https://fsnau.org/nutrition/?season=2024/deyr,
Deyr 2024/25,2024,Deyr,,,Guban Pastoral,,rural,SMART,,,11.3,8.5,14.8,2.0,,,4.4,,,0.8,0.88,,,0.32,,,html/nutrition_2024_deyr.html,,raw/IPC_Somalia_Acute_Food_Insecurity_Malnutrition_Jan_Jun2025_Report_0.pdf p30 (current),False,,,,,,11.3,2.0,raw/2024_Post_Deyr_Key_Summary_results_revised_Feb_24_2025_fnl.pdf p1,https://fsnau.org/nutrition/?season=2024/deyr,
Deyr 2024/25,2024,Deyr,,,Hawd Pastoral of Central,,rural,SMART,,,13.4,10.4,17.1,2.1,,,3.1,,,0.0,0.46,,,0.46,,,html/nutrition_2024_deyr.html,,raw/IPC_Somalia_Acute_Food_Insecurity_Malnutrition_Jan_Jun2025_Report_0.pdf p30 (current),False,,,,,,13.4,2.1,raw/2024_Post_Deyr_Key_Summary_results_revised_Feb_24_2025_fnl.pdf p1,https://fsnau.org/nutrition/?season=2024/deyr,
Deyr 2024/25,2024,Deyr,,,Hawd Pastoral of Northwest,,rural,SMART,,,3.6,2.3,5.7,0.2,,,1.1,,,0.2,0.74,,,0.51,,,html/nutrition_2024_deyr.html,,raw/IPC_Somalia_Acute_Food_Insecurity_Malnutrition_Jan_Jun2025_Report_0.pdf p30 (current),False,,,,,,3.6,0.2,raw/2024_Post_Deyr_Key_Summary_results_revised_Feb_24_2025_fnl.pdf p1,https://fsnau.org/nutrition/?season=2024/deyr,
Deyr 2024/25,2024,Deyr,,,Matabaan District,,rural,SMART,,,17.4,,,1.0,,,2.3,,,0.6,0.59,,,0.79,,,html/nutrition_2024_deyr.html,,,False,,,,,,17.4,1.0,raw/2024_Post_Deyr_Key_Summary_results_revised_Feb_24_2025_fnl.pdf p1,https://fsnau.org/nutrition/?season=2024/deyr,
Deyr 2024/25,2024,Deyr,,,Medium,,rural,SMART,,,11.35,,,1.85,,,3.45,,,0.6,0.245,,,0.33,,,html/nutrition_2024_deyr.html,,,False,,,,,,,,,https://fsnau.org/nutrition/?season=2024/deyr,
Deyr 2024/25,2024,Deyr,,,North Gedo Pastoral,,rural,SMART,,,10.2,,,1.7,,,1.6,,,0.5,0.3,,,0.46,,,html/nutrition_2024_deyr.html,,,False,,,,,,10.2,1.7,raw/2024_Post_Deyr_Key_Summary_results_revised_Feb_24_2025_fnl.pdf p1,https://fsnau.org/nutrition/?season=2024/deyr,
Deyr 2024/25,2024,Deyr,,,North Gedo Riverine,,rural,SMART,,,13.8,,,1.8,,,6.1,,,1.6,0.26,,,0.53,,,html/nutrition_2024_deyr.html,,,False,,,,,,13.8,1.8,raw/2024_Post_Deyr_Key_Summary_results_revised_Feb_24_2025_fnl.pdf p1,https://fsnau.org/nutrition/?season=2024/deyr,
Deyr 2024/25,2024,Deyr,,,Northern Inland Pastoral of Northeast,,rural,SMART,,,8.4,6.3,11.0,0.4,,,3.3,,,0.2,0.09,,,0.19,,,html/nutrition_2024_deyr.html,,raw/IPC_Somalia_Acute_Food_Insecurity_Malnutrition_Jan_Jun2025_Report_0.pdf p30 (current),False,,,,,,8.4,0.4,raw/2024_Post_Deyr_Key_Summary_results_revised_Feb_24_2025_fnl.pdf p1,https://fsnau.org/nutrition/?season=2024/deyr,
Deyr 2024/25,2024,Deyr,,,Northern Inland Pastoral of Northwest,,rural,SMART,,,9.1,7.0,11.7,0.8,,,4.3,,,0.6,0.29,,,0.16,,,html/nutrition_2024_deyr.html,,raw/IPC_Somalia_Acute_Food_Insecurity_Malnutrition_Jan_Jun2025_Report_0.pdf p30 (current),False,,,,,,9.1,0.8,raw/2024_Post_Deyr_Key_Summary_results_revised_Feb_24_2025_fnl.pdf p1,https://fsnau.org/nutrition/?season=2024/deyr,
Deyr 2024/25,2024,Deyr,,,Northwest Agropastoral,,rural,SMART,,,7.4,5.7,9.6,0.5,,,2.3,,,0.5,0.1,,,0.22,,,html/nutrition_2024_deyr.html,,raw/IPC_Somalia_Acute_Food_Insecurity_Malnutrition_Jan_Jun2025_Report_0.pdf p30 (current),False,,,,,,7.4,0.5,raw/2024_Post_Deyr_Key_Summary_results_revised_Feb_24_2025_fnl.pdf p1,https://fsnau.org/nutrition/?season=2024/deyr,
Deyr 2024/25,2024,Deyr,,,Shabelle Agropastoral,,rural,SMART,,,14.8,12.2,17.9,2.1,,,6.6,,,1.4,0.23,,,0.54,,,html/nutrition_2024_deyr.html,,raw/IPC_Somalia_Acute_Food_Insecurity_Malnutrition_Jan_Jun2025_Report_0.pdf p30 (current),False,,,,,,14.8,2.1,raw/2024_Post_Deyr_Key_Summary_results_revised_Feb_24_2025_fnl.pdf p1,https://fsnau.org/nutrition/?season=2024/deyr,
Deyr 2024/25,2024,Deyr,,,Shabelle Riverine,,rural,SMART,,,16.0,12.9,19.7,2.8,,,8.2,,,1.5,0.44,,,0.67,,,html/nutrition_2024_deyr.html,,raw/IPC_Somalia_Acute_Food_Insecurity_Malnutrition_Jan_Jun2025_Report_0.pdf p30 (current),False,,,,,,16.0,2.8,raw/2024_Post_Deyr_Key_Summary_results_revised_Feb_24_2025_fnl.pdf p1,https://fsnau.org/nutrition/?season=2024/deyr,
Deyr 2024/25,2024,Deyr,,,West Golis Pastoral,,rural,SMART,,,7.8,5.2,11.5,2.3,,,1.9,,,0.2,0.52,,,0.0,,,html/nutrition_2024_deyr.html,,raw/IPC_Somalia_Acute_Food_Insecurity_Malnutrition_Jan_Jun2025_Report_0.pdf p30 (current),False,,,,,,7.8,2.3,raw/2024_Post_Deyr_Key_Summary_results_revised_Feb_24_2025_fnl.pdf p1,https://fsnau.org/nutrition/?season=2024/deyr,
Deyr 2024/25,2024,Deyr,,,Baidoa Urban (Bay),Bay,urban,SMART,,,9.4,,,2.0,,,6.1,,,0.9,0.13,,,0.15,,,html/nutrition_2024_deyr.html,,,False,,,,,,9.4,2.0,raw/2024_Post_Deyr_Key_Summary_results_revised_Feb_24_2025_fnl.pdf p1,https://fsnau.org/nutrition/?season=2024/deyr,
Deyr 2024/25,2024,Deyr,,,Bosasso Urban (Bari),Bari,urban,SMART,,,12.9,9.7,17.0,3.3,,,7.6,,,0.6,0.17,,,0.21,,,html/nutrition_2024_deyr.html,,raw/IPC_Somalia_Acute_Food_Insecurity_Malnutrition_Jan_Jun2025_Report_0.pdf p30 (current),False,,,,,,12.9,3.3,raw/2024_Post_Deyr_Key_Summary_results_revised_Feb_24_2025_fnl.pdf p1,https://fsnau.org/nutrition/?season=2024/deyr,
Deyr 2024/25,2024,Deyr,,,Burao Urban (Togdheer),Togdheer,urban,SMART,,,6.5,4.4,9.5,1.2,,,1.7,,,0.2,0.21,,,0.0,,,html/nutrition_2024_deyr.html,,raw/IPC_Somalia_Acute_Food_Insecurity_Malnutrition_Jan_Jun2025_Report_0.pdf p30 (current),False,,,,,,6.5,1.2,raw/2024_Post_Deyr_Key_Summary_results_revised_Feb_24_2025_fnl.pdf p1,https://fsnau.org/nutrition/?season=2024/deyr,
Deyr 2024/25,2024,Deyr,,,Dhusamareb Urban (Galgadud),Galgadud,urban,SMART,,,12.1,,,1.9,,,4.4,,,0.3,0.05,,,0.0,,,html/nutrition_2024_deyr.html,,,False,,,,,,12.1,1.9,raw/2024_Post_Deyr_Key_Summary_results_revised_Feb_24_2025_fnl.pdf p1,https://fsnau.org/nutrition/?season=2024/deyr,
Deyr 2024/25,2024,Deyr,,,Dolow Urban (N Gedo),N Gedo,urban,SMART,,,10.6,,,0.7,,,1.3,,,0.0,,,,0.84,,,html/nutrition_2024_deyr.html,,,False,,,,,,10.6,0.7,raw/2024_Post_Deyr_Key_Summary_results_revised_Feb_24_2025_fnl.pdf p1,https://fsnau.org/nutrition/?season=2024/deyr,
Deyr 2024/25,2024,Deyr,,,Dolow Urban (N Gedo),N Gedo,urban,SMART,,,,,,,,,,,,,0.22,,,,,,html/nutrition_2024_deyr.html,,,False,,,,,,21.2,83.1,raw/2024_Post_Deyr_Key_Summary_results_revised_Feb_24_2025_fnl.pdf p3,https://fsnau.org/nutrition/?season=2024/deyr,
Deyr 2024/25,2024,Deyr,,,Galkacyo Urban (Mudug),Mudug,urban,SMART,,,12.6,10.3,15.4,0.9,,,2.8,,,0.1,0.12,,,0.15,,,html/nutrition_2024_deyr.html,,raw/IPC_Somalia_Acute_Food_Insecurity_Malnutrition_Jan_Jun2025_Report_0.pdf p30 (current),False,,,,,,12.6,0.9,raw/2024_Post_Deyr_Key_Summary_results_revised_Feb_24_2025_fnl.pdf p1,https://fsnau.org/nutrition/?season=2024/deyr,
Deyr 2024/25,2024,Deyr,,,Garowe Urban (Nugaal),Nugaal,urban,SMART,,,6.7,4.4,10.1,0.4,,,0.2,,,0.0,0.06,,,0.0,,,html/nutrition_2024_deyr.html,,raw/IPC_Somalia_Acute_Food_Insecurity_Malnutrition_Jan_Jun2025_Report_0.pdf p30 (current),False,,,,,,6.7,0.4,raw/2024_Post_Deyr_Key_Summary_results_revised_Feb_24_2025_fnl.pdf p1,https://fsnau.org/nutrition/?season=2024/deyr,
Deyr 2024/25,2024,Deyr,,,Hargeisa Urban (W. Galbeed),W. Galbeed,urban,SMART,,,8.2,6.0,11.3,0.5,,,1.4,,,0.5,0.12,,,0.0,,,html/nutrition_2024_deyr.html,,raw/IPC_Somalia_Acute_Food_Insecurity_Malnutrition_Jan_Jun2025_Report_0.pdf p30 (current),False,,,,,,8.2,0.5,raw/2024_Post_Deyr_Key_Summary_results_revised_Feb_24_2025_fnl.pdf p1,https://fsnau.org/nutrition/?season=2024/deyr,
Deyr 2024/25,2024,Deyr,,,Kismayu Urban (L. Juba),L. Juba,urban,SMART,,,9.1,,,0.6,,,1.4,,,0.6,0.08,,,0.0,,,html/nutrition_2024_deyr.html,,,False,,,,,,9.1,0.6,raw/2024_Post_Deyr_Key_Summary_results_revised_Feb_24_2025_fnl.pdf p2,https://fsnau.org/nutrition/?season=2024/deyr,
Deyr 2024/25,2024,Deyr,,,Mogadishu Urban (Banadir),Banadir,urban,SMART,,,12.1,9.2,15.8,2.1,,,3.9,,,0.2,0.19,,,0.0,,,html/nutrition_2024_deyr.html,,raw/IPC_Somalia_Acute_Food_Insecurity_Malnutrition_Jan_Jun2025_Report_0.pdf p30 (current),False,,,,,,12.1,2.1,raw/2024_Post_Deyr_Key_Summary_results_revised_Feb_24_2025_fnl.pdf p1,https://fsnau.org/nutrition/?season=2024/deyr,
Gu 2025,2025,Gu,,,Baidoa IDPs (Bay),Bay,IDP,SMART,,,20.7,,,3.5,,,19.6,,,7.4,0.53,,,0.84,,,html/nutrition_2025_gu.html,,,False,,,,,,,,,https://fsnau.org/nutrition/?season=2025/gu,
Gu 2025,2025,Gu,,,Bosasso IDPs (Bari),Bari,IDP,SMART,,,24.2,,,5.8,,,7.7,,,0.9,0.29,,,0.36,,,html/nutrition_2025_gu.html,,,False,,,,,,,,,https://fsnau.org/nutrition/?season=2025/gu,
Gu 2025,2025,Gu,,,Burao IDPs (Togdheer),Togdheer,IDP,SMART,,,6.0,,,1.0,,,1.2,,,0.2,0.25,,,0.0,,,html/nutrition_2025_gu.html,,,False,,,,,,,,,https://fsnau.org/nutrition/?season=2025/gu,
Gu 2025,2025,Gu,,,Dhusamareb IDPs (Galgadud),Galgadud,IDP,SMART,,,20.7,,,4.3,,,8.3,,,1.6,0.54,,,0.47,,,html/nutrition_2025_gu.html,,,False,,,,,,,,,https://fsnau.org/nutrition/?season=2025/gu,
Gu 2025,2025,Gu,,,Dolow IDPs (N Gedo),N Gedo,IDP,SMART,,,14.4,,,0.4,,,6.5,,,1.2,0.23,,,0.38,,,html/nutrition_2025_gu.html,,,False,,,,,,,,,https://fsnau.org/nutrition/?season=2025/gu,
Gu 2025,2025,Gu,,,Galkacyo IDPs (Mudug),Mudug,IDP,SMART,,,24.8,,,6.1,,,15.4,,,2.4,0.11,,,0.12,,,html/nutrition_2025_gu.html,,,False,,,,,,,,,https://fsnau.org/nutrition/?season=2025/gu,
Gu 2025,2025,Gu,,,Garowe IDPs (Nugaal),Nugaal,IDP,SMART,,,13.6,,,1.7,,,2.7,,,0.7,0.25,,,0.44,,,html/nutrition_2025_gu.html,,,False,,,,,,,,,https://fsnau.org/nutrition/?season=2025/gu,
Gu 2025,2025,Gu,,,Hargeisa IDPs (W. Galbeed),W. Galbeed,IDP,SMART,,,9.3,,,1.8,,,3.5,,,0.6,0.1,,,0.0,,,html/nutrition_2025_gu.html,,,False,,,,,,,,,https://fsnau.org/nutrition/?season=2025/gu,
Gu 2025,2025,Gu,,,Kismayu IDPs (L. Juba),L. Juba,IDP,SMART,,,15.5,,,3.1,,,12.4,,,3.4,0.59,,,1.1,,,html/nutrition_2025_gu.html,,,False,,,,,,,,,https://fsnau.org/nutrition/?season=2025/gu,
Gu 2025,2025,Gu,,,Mogadishu IDPs (Banadir),Banadir,IDP,SMART,,,15.8,,,2.5,,,9.1,,,1.3,0.39,,,0.35,,,html/nutrition_2025_gu.html,,,False,,,,,,,,,https://fsnau.org/nutrition/?season=2025/gu,
Gu 2025,2025,Gu,,,Beletweyne Urban (Urban & IDP),,mixed,SMART,,,20.9,,,5.9,,,10.2,,,1.3,0.5,,,1.25,,,html/nutrition_2025_gu.html,,,False,,,,,,,,,https://fsnau.org/nutrition/?season=2025/gu,
Gu 2025,2025,Gu,,,Addun Pastoral,,rural,SMART,,,14.8,,,1.7,,,2.7,,,0.0,0.24,,,0.27,,,html/nutrition_2025_gu.html,,,False,,,,,,,,,https://fsnau.org/nutrition/?season=2025/gu,
Gu 2025,2025,Gu,,,Bay Agro Pastoral Lz,,rural,SMART,,,15.7,,,3.8,,,16.2,,,5.3,0.31,,,0.26,,,html/nutrition_2025_gu.html,,,False,,,,,,,,,https://fsnau.org/nutrition/?season=2025/gu,
Gu 2025,2025,Gu,,,Beletweyne District (Riverine& AP),,rural,SMART,,,18.8,,,3.9,,,12.5,,,2.1,0.19,,,0.15,,,html/nutrition_2025_gu.html,,,False,,,,,,,,,https://fsnau.org/nutrition/?season=2025/gu,
Gu 2025,2025,Gu,,,Coastal Deeh Pastoral of Northeast,,rural,SMART,,,12.6,,,3.0,,,1.8,,,0.0,0.43,,,0.0,,,html/nutrition_2025_gu.html,,,False,,,,,,,,,https://fsnau.org/nutrition/?season=2025/gu,
Gu 2025,2025,Gu,,,East Golis Pastoral,,rural,SMART,,,10.6,,,1.2,,,3.4,,,0.6,0.49,,,0.14,,,html/nutrition_2025_gu.html,,,False,,,,,,,,,https://fsnau.org/nutrition/?season=2025/gu,
Gu 2025,2025,Gu,,,Guban Pastoral,,rural,SMART,,,8.8,,,1.0,,,6.9,,,1.0,0.41,,,0.32,,,html/nutrition_2025_gu.html,,,False,,,,,,,,,https://fsnau.org/nutrition/?season=2025/gu,
Gu 2025,2025,Gu,,,Hawd Pastoral of Central,,rural,SMART,,,15.2,,,2.3,,,2.9,,,0.3,0.25,,,0.28,,,html/nutrition_2025_gu.html,,,False,,,,,,,,,https://fsnau.org/nutrition/?season=2025/gu,
Gu 2025,2025,Gu,,,Hawd Pastoral of Northwest,,rural,SMART,,,4.2,,,1.0,,,0.3,,,0.0,0.15,,,0.0,,,html/nutrition_2025_gu.html,,,False,,,,,,,,,https://fsnau.org/nutrition/?season=2025/gu,
Gu 2025,2025,Gu,,,Medium,,rural,SMART,,,14.3,,,1.8,,,4.7,,,0.6,0.25,,,0.27,,,html/nutrition_2025_gu.html,,,False,,,,,,,,,https://fsnau.org/nutrition/?season=2025/gu,
Gu 2025,2025,Gu,,,North Gedo Pastoral,,rural,SMART,,,12.0,,,0.9,,,2.0,,,0.2,0.32,,,0.68,,,html/nutrition_2025_gu.html,,,False,,,,,,,,,https://fsnau.org/nutrition/?season=2025/gu,
Gu 2025,2025,Gu,,,North Gedo Riverine,,rural,SMART,,,14.2,,,1.6,,,4.8,,,0.8,0.46,,,0.61,,,html/nutrition_2025_gu.html,,,False,,,,,,,,,https://fsnau.org/nutrition/?season=2025/gu,
Gu 2025,2025,Gu,,,Northern Inland Pastoral of Northeast,,rural,SMART,,,7.3,,,1.0,,,4.2,,,0.0,0.0,,,0.0,,,html/nutrition_2025_gu.html,,,False,,,,,,,,,https://fsnau.org/nutrition/?season=2025/gu,
Gu 2025,2025,Gu,,,Northern Inland Pastoral of Northwest,,rural,SMART,,,10.3,,,0.8,,,1.2,,,0.0,0.28,,,0.0,,,html/nutrition_2025_gu.html,,,False,,,,,,,,,https://fsnau.org/nutrition/?season=2025/gu,
Gu 2025,2025,Gu,,,Northwest Agropastoral,,rural,SMART,,,11.8,,,1.9,,,1.1,,,0.4,0.06,,,0.0,,,html/nutrition_2025_gu.html,,,False,,,,,,,,,https://fsnau.org/nutrition/?season=2025/gu,
Gu 2025,2025,Gu,,,Shabelle Agropastoral,,rural,SMART,,,17.4,,,2.8,,,6.3,,,0.0,0.6,,,1.19,,,html/nutrition_2025_gu.html,,,False,,,,,,,,,https://fsnau.org/nutrition/?season=2025/gu,
Gu 2025,2025,Gu,,,Shabelle Riverine,,rural,SMART,,,16.5,,,4.1,,,7.5,,,0.6,0.6,,,0.81,,,html/nutrition_2025_gu.html,,,False,,,,,,,,,https://fsnau.org/nutrition/?season=2025/gu,
Gu 2025,2025,Gu,,,West Golis Pastoral,,rural,SMART,,,18.8,,,2.6,,,2.9,,,0.5,0.67,,,0.52,,,html/nutrition_2025_gu.html,,,False,,,,,,,,,https://fsnau.org/nutrition/?season=2025/gu,
Gu 2025,2025,Gu,,,Baidoa Urban (Bay),Bay,urban,SMART,,,11.5,,,1.7,,,12.3,,,2.2,0.21,,,0.45,,,html/nutrition_2025_gu.html,,,False,,,,,,,,,https://fsnau.org/nutrition/?season=2025/gu,
Gu 2025,2025,Gu,,,Bosasso Urban (Bari),Bari,urban,SMART,,,17.7,,,4.1,,,6.9,,,1.0,0.1,,,0.25,,,html/nutrition_2025_gu.html,,,False,,,,,,,,,https://fsnau.org/nutrition/?season=2025/gu,
Gu 2025,2025,Gu,,,Burao Urban (Togdheer),Togdheer,urban,SMART,,,4.4,,,0.2,,,0.2,,,0.0,0.19,,,0.18,,,html/nutrition_2025_gu.html,,,False,,,,,,,,,https://fsnau.org/nutrition/?season=2025/gu,
Gu 2025,2025,Gu,,,Dhusamareb Urban (Galgadud),Galgadud,urban,SMART,,,15.4,,,2.7,,,6.1,,,0.9,0.2,,,0.16,,,html/nutrition_2025_gu.html,,,False,,,,,,,,,https://fsnau.org/nutrition/?season=2025/gu,
Gu 2025,2025,Gu,,,Dolow Urban (N Gedo),N Gedo,urban,SMART,,,12.9,,,1.3,,,2.5,,,0.2,0.3,,,0.62,,,html/nutrition_2025_gu.html,,,False,,,,,,,,,https://fsnau.org/nutrition/?season=2025/gu,
Gu 2025,2025,Gu,,,Galkacyo Urban (Mudug),Mudug,urban,SMART,,,14.8,,,1.0,,,1.8,,,0.1,0.04,,,0.0,,,html/nutrition_2025_gu.html,,,False,,,,,,,,,https://fsnau.org/nutrition/?season=2025/gu,
Gu 2025,2025,Gu,,,Garowe Urban (Nugaal),Nugaal,urban,SMART,,,10.1,,,2.0,,,0.7,,,0.0,0.48,,,0.19,,,html/nutrition_2025_gu.html,,,False,,,,,,,,,https://fsnau.org/nutrition/?season=2025/gu,
Gu 2025,2025,Gu,,,Hargeisa Urban (W. Galbeed),W. Galbeed,urban,SMART,,,8.7,,,0.9,,,1.0,,,0.1,0.03,,,0.0,,,html/nutrition_2025_gu.html,,,False,,,,,,,,,https://fsnau.org/nutrition/?season=2025/gu,
Gu 2025,2025,Gu,,,Kismayu Urban (L. Juba),L. Juba,urban,SMART,,,9.7,,,1.4,,,4.7,,,0.8,0.08,,,0.32,,,html/nutrition_2025_gu.html,,,False,,,,,,,,,https://fsnau.org/nutrition/?season=2025/gu,
Gu 2025,2025,Gu,,,Mogadishu Urban (Banadir),Banadir,urban,SMART,,,14.3,,,1.8,,,6.4,,,0.4,0.04,,,0.0,,,html/nutrition_2025_gu.html,,,False,,,,,,,,,https://fsnau.org/nutrition/?season=2025/gu,
Deyr 2025/26,2025,Deyr,,,Baidoa IDPs (Bay),Bay,IDP,SMART,,,15.5,,,3.8,,,18.0,,,7.4,0.31,,,1.1,,,html/nutrition_2025_deyr.html,,,False,,,,,,,,,https://fsnau.org/nutrition/?season=2025/deyr,
Deyr 2025/26,2025,Deyr,,,Beletweyne IDP,,IDP,SMART,,,17.0,,,3.1,,,12.2,,,1.1,0.35,,,0.42,,,html/nutrition_2025_deyr.html,,,False,,,,,,,,,https://fsnau.org/nutrition/?season=2025/deyr,
Deyr 2025/26,2025,Deyr,,,Bosasso IDPs (Bari),Bari,IDP,SMART,,,20.3,,,5.2,,,11.4,,,1.6,0.15,,,0.18,,,html/nutrition_2025_deyr.html,,,False,,,,,,,,,https://fsnau.org/nutrition/?season=2025/deyr,
Deyr 2025/26,2025,Deyr,,,Burao IDPs (Togdheer),Togdheer,IDP,SMART,,,6.2,,,1.9,,,1.7,,,0.0,0.05,,,0.17,,,html/nutrition_2025_deyr.html,,,False,,,,,,,,,https://fsnau.org/nutrition/?season=2025/deyr,
Deyr 2025/26,2025,Deyr,,,Dhusamareb IDPs (Galgadud),Galgadud,IDP,SMART,,,10.1,,,2.1,,,3.2,,,0.7,0.25,,,0.25,,,html/nutrition_2025_deyr.html,,,False,,,,,,,,,https://fsnau.org/nutrition/?season=2025/deyr,
Deyr 2025/26,2025,Deyr,,,Dolow IDPs (N Gedo),N Gedo,IDP,SMART,,,13.3,,,2.5,,,2.2,,,0.0,0.3,,,0.79,,,html/nutrition_2025_deyr.html,,,False,,,,,,,,,https://fsnau.org/nutrition/?season=2025/deyr,
Deyr 2025/26,2025,Deyr,,,Galkacyo IDPs (Mudug),Mudug,IDP,SMART,,,16.6,,,1.8,,,4.1,,,0.1,0.14,,,0.12,,,html/nutrition_2025_deyr.html,,,False,,,,,,,,,https://fsnau.org/nutrition/?season=2025/deyr,
Deyr 2025/26,2025,Deyr,,,Garowe IDPs (Nugaal),Nugaal,IDP,SMART,,,17.3,,,3.1,,,2.8,,,0.3,0.38,,,0.88,,,html/nutrition_2025_deyr.html,,,False,,,,,,,,,https://fsnau.org/nutrition/?season=2025/deyr,
Deyr 2025/26,2025,Deyr,,,Hargeisa IDPs (W. Galbeed),W. Galbeed,IDP,SMART,,,8.9,,,1.2,,,2.8,,,0.2,0.14,,,0.0,,,html/nutrition_2025_deyr.html,,,False,,,,,,,,,https://fsnau.org/nutrition/?season=2025/deyr,
Deyr 2025/26,2025,Deyr,,,Kismayu IDPs (L. Juba),L. Juba,IDP,SMART,,,10.6,,,1.4,,,8.7,,,1.5,0.34,,,0.42,,,html/nutrition_2025_deyr.html,,,False,,,,,,,,,https://fsnau.org/nutrition/?season=2025/deyr,
Deyr 2025/26,2025,Deyr,,,Mogadishu IDPs (Banadir),Banadir,IDP,SMART,,,17.3,,,2.9,,,5.9,,,0.7,0.16,,,0.34,,,html/nutrition_2025_deyr.html,,,False,,,,,,,,,https://fsnau.org/nutrition/?season=2025/deyr,
Deyr 2025/26,2025,Deyr,,,Addun Pastoral,,rural,SMART,,,15.8,,,1.4,,,2.6,,,0.0,0.13,,,0.25,,,html/nutrition_2025_deyr.html,,,False,,,,,,,,,https://fsnau.org/nutrition/?season=2025/deyr,
Deyr 2025/26,2025,Deyr,,,Bay Agro Pastoral Lz,,rural,SMART,,,19.5,,,4.4,,,17.4,,,8.5,0.4,,,0.52,,,html/nutrition_2025_deyr.html,,,False,,,,,,,,,https://fsnau.org/nutrition/?season=2025/deyr,
Deyr 2025/26,2025,Deyr,,,Beletweyne District (Riverine& AP),,rural,SMART,,,13.8,,,2.2,,,5.8,,,0.4,0.08,,,0.3,,,html/nutrition_2025_deyr.html,,,False,,,,,,,,,https://fsnau.org/nutrition/?season=2025/deyr,
Deyr 2025/26,2025,Deyr,,,Coastal Deeh Pastoral of Northeast,,rural,SMART,,,12.3,,,2.5,,,10.7,,,1.0,0.05,,,0.0,,,html/nutrition_2025_deyr.html,,,False,,,,,,,,,https://fsnau.org/nutrition/?season=2025/deyr,
Deyr 2025/26,2025,Deyr,,,East Golis Pastoral,,rural,SMART,,,17.9,,,3.3,,,5.2,,,0.5,0.12,,,0.17,,,html/nutrition_2025_deyr.html,,,False,,,,,,,,,https://fsnau.org/nutrition/?season=2025/deyr,
Deyr 2025/26,2025,Deyr,,,Guban Pastoral,,rural,SMART,,,8.1,,,0.9,,,4.4,,,0.7,0.15,,,0.18,,,html/nutrition_2025_deyr.html,,,False,,,,,,,,,https://fsnau.org/nutrition/?season=2025/deyr,
Deyr 2025/26,2025,Deyr,,,Hawd Pastoral of Central,,rural,SMART,,,17.2,,,3.6,,,6.1,,,0.3,0.0,,,0.0,,,html/nutrition_2025_deyr.html,,,False,,,,,,,,,https://fsnau.org/nutrition/?season=2025/deyr,
Deyr 2025/26,2025,Deyr,,,Hawd Pastoral of Northwest,,rural,SMART,,,7.7,,,2.3,,,2.3,,,0.5,0.21,,,0.71,,,html/nutrition_2025_deyr.html,,,False,,,,,,,,,https://fsnau.org/nutrition/?season=2025/deyr,
Deyr 2025/26,2025,Deyr,,,Matabaan District,,rural,SMART,,,21.2,,,2.8,,,0.4,,,0.0,0.48,,,0.34,,,html/nutrition_2025_deyr.html,,,False,,,,,,,,,https://fsnau.org/nutrition/?season=2025/deyr,
Deyr 2025/26,2025,Deyr,,,Medium,,rural,SMART,,,15.1,,,2.5,,,4.4,,,0.5,0.16,,,0.3,,,html/nutrition_2025_deyr.html,,,False,,,,,,,,,https://fsnau.org/nutrition/?season=2025/deyr,
Deyr 2025/26,2025,Deyr,,,North Gedo Pastoral,,rural,SMART,,,14.1,,,1.8,,,3.0,,,0.0,0.3,,,0.6,,,html/nutrition_2025_deyr.html,,,False,,,,,,,,,https://fsnau.org/nutrition/?season=2025/deyr,
Deyr 2025/26,2025,Deyr,,,North Gedo Riverine,,rural,SMART,,,15.1,,,2.5,,,6.0,,,2.2,0.21,,,0.51,,,html/nutrition_2025_deyr.html,,,False,,,,,,,,,https://fsnau.org/nutrition/?season=2025/deyr,
Deyr 2025/26,2025,Deyr,,,Northern Inland Pastoral of NW & NE,,rural,SMART,,,12.3,,,2.3,,,2.6,,,0.5,0.12,,,0.0,,,html/nutrition_2025_deyr.html,,,False,,,,,,,,,https://fsnau.org/nutrition/?season=2025/deyr,
Deyr 2025/26,2025,Deyr,,,Northwest Agropastoral,,rural,SMART,,,6.9,,,1.4,,,0.6,,,0.0,0.09,,,0.0,,,html/nutrition_2025_deyr.html,,,False,,,,,,,,,https://fsnau.org/nutrition/?season=2025/deyr,
Deyr 2025/26,2025,Deyr,,,Shabelle Agropastoral,,rural,SMART,,,17.3,,,3.0,,,7.6,,,0.9,0.31,,,0.35,,,html/nutrition_2025_deyr.html,,,False,,,,,,,,,https://fsnau.org/nutrition/?season=2025/deyr,
Deyr 2025/26,2025,Deyr,,,Shabelle Riverine,,rural,SMART,,,15.6,,,2.7,,,7.3,,,0.1,0.23,,,0.44,,,html/nutrition_2025_deyr.html,,,False,,,,,,,,,https://fsnau.org/nutrition/?season=2025/deyr,
Deyr 2025/26,2025,Deyr,,,West Golis Pastoral,,rural,SMART,,,8.1,,,0.7,,,1.9,,,0.5,0.04,,,0.0,,,html/nutrition_2025_deyr.html,,,False,,,,,,,,,https://fsnau.org/nutrition/?season=2025/deyr,
